{
    "total load_payment": 282989.20897578995,
    "detailed load payment results": {
        "load payments": {
            "b1": {
                "DAM hourly load payments": {
                    "1": 0.0,
                    "2": 0.0,
                    "3": 0.0,
                    "4": 0.0,
                    "5": 0.0,
                    "6": 0.0,
                    "7": 0.0,
                    "8": 0.0,
                    "9": 0.0,
                    "10": 0.0,
                    "11": 0.0,
                    "12": 0.0,
                    "13": 0.0,
                    "14": 0.0,
                    "15": 0.0,
                    "16": 0.0,
                    "17": 0.0,
                    "18": 0.0,
                    "19": 0.0,
                    "20": 0.0,
                    "21": 0.0,
                    "22": 0.0,
                    "23": 0.0,
                    "24": 0.0
                },
                "load payment": 0.0
            },
            "LOAD_WEST": {
                "DAM hourly load payments": {
                    "1": 1225.8859844852273,
                    "2": 1195.1789374477728,
                    "3": 1166.9630368585297,
                    "4": 1008.3383104902181,
                    "5": 1009.1186438103394,
                    "6": 1167.0802678795662,
                    "7": 1209.8254146130291,
                    "8": 1112.0838797759654,
                    "9": 1154.0219307121577,
                    "10": 1163.8438058527224,
                    "11": 1167.1908531699064,
                    "12": 1155.350431446689,
                    "13": 1144.954593023917,
                    "14": 1135.0295336382787,
                    "15": 1133.9138509412562,
                    "16": 1140.440270500232,
                    "17": 1141.8268125177203,
                    "18": 1327.7372519860467,
                    "19": 1371.2590509367692,
                    "20": 1385.9861243190844,
                    "21": 1367.8666946411583,
                    "22": 1333.43758158921,
                    "23": 1134.0492806014893,
                    "24": 1080.5029723000234
                },
                "load payment": 28431.885513537305
            },
            "LOAD_N.Y.C.": {
                "DAM hourly load payments": {
                    "1": 3955.5307189349796,
                    "2": 3751.5424347483104,
                    "3": 3612.8954653774726,
                    "4": 3109.0651587396774,
                    "5": 3074.2919814749866,
                    "6": 3521.7854367659843,
                    "7": 3667.01929148995,
                    "8": 3394.2155331336844,
                    "9": 3583.5526469127276,
                    "10": 3740.1480283305727,
                    "11": 3855.321280811477,
                    "12": 3916.045361105286,
                    "13": 3946.884629449744,
                    "14": 3930.0462086187504,
                    "15": 3910.389560790664,
                    "16": 3908.52579018868,
                    "17": 3912.8337434483346,
                    "18": 4487.207375352204,
                    "19": 4600.840301558875,
                    "20": 4607.837492847943,
                    "21": 4530.311540878652,
                    "22": 4412.956548657487,
                    "23": 3746.003749135746,
                    "24": 3573.6275875270894
                },
                "load payment": 92748.87786627929
            },
            "LOAD_LONGIL": {
                "DAM hourly load payments": {
                    "1": 1452.9466830513709,
                    "2": 1369.4126715873447,
                    "3": 1321.5020579375723,
                    "4": 1138.118619181954,
                    "5": 1137.2673470319187,
                    "6": 1316.8128408352845,
                    "7": 1394.1263123482731,
                    "8": 1300.8534790462795,
                    "9": 1355.670246025436,
                    "10": 1363.5767588284214,
                    "11": 1346.3965390731646,
                    "12": 1330.905965297138,
                    "13": 1309.8434283572442,
                    "14": 1316.2021736147112,
                    "15": 1315.2283701252838,
                    "16": 1371.4574749897258,
                    "17": 1441.4165680471672,
                    "18": 1734.387649599377,
                    "19": 1874.1409817855863,
                    "20": 1865.1142380064343,
                    "21": 1810.0012800996224,
                    "22": 1740.534920821688,
                    "23": 1443.6479326673286,
                    "24": 1339.9023641554647
                },
                "load payment": 34389.46690251379
            },
            "LOAD_DUNWOD": {
                "DAM hourly load payments": {
                    "1": 441.0135691611164,
                    "2": 420.8132998501496,
                    "3": 404.7454033688475,
                    "4": 345.0876723620506,
                    "5": 341.7148288675158,
                    "6": 401.0160101297895,
                    "7": 427.51008838428874,
                    "8": 397.3957663175479,
                    "9": 415.6594233546675,
                    "10": 434.6582699759086,
                    "11": 437.70866187266427,
                    "12": 447.51118968674496,
                    "13": 444.215734569486,
                    "14": 440.00451709097973,
                    "15": 438.1213998590065,
                    "16": 438.6308733943319,
                    "17": 440.9396266239344,
                    "18": 521.6534544984022,
                    "19": 548.9681458557055,
                    "20": 552.9832882797936,
                    "21": 546.0080773455743,
                    "22": 526.0715765130969,
                    "23": 437.43780255219855,
                    "24": 416.24628526726895
                },
                "load payment": 10666.114965181068
            },
            "LOAD_HUD VL": {
                "DAM hourly load payments": {
                    "1": 716.8421285804309,
                    "2": 679.4456198817102,
                    "3": 664.806469325558,
                    "4": 579.4390258478879,
                    "5": 582.1218228751947,
                    "6": 676.7493198500683,
                    "7": 718.4980085317841,
                    "8": 672.7694088426605,
                    "9": 699.6683189516899,
                    "10": 698.1721436834846,
                    "11": 675.6134317075507,
                    "12": 716.0230626568738,
                    "13": 661.6448296092453,
                    "14": 654.1252589248046,
                    "15": 649.3981189053293,
                    "16": 676.7742573666898,
                    "17": 700.7195110505585,
                    "18": 841.099062655398,
                    "19": 903.6781339131988,
                    "20": 903.4143654347097,
                    "21": 878.2611105429656,
                    "22": 849.2685586156913,
                    "23": 705.5111414360226,
                    "24": 664.9402846491159
                },
                "load payment": 17168.983393838625
            },
            "b7": {
                "DAM hourly load payments": {
                    "1": 0.0,
                    "2": 0.0,
                    "3": 0.0,
                    "4": 0.0,
                    "5": 0.0,
                    "6": 0.0,
                    "7": 0.0,
                    "8": 0.0,
                    "9": 0.0,
                    "10": 0.0,
                    "11": 0.0,
                    "12": 0.0,
                    "13": 0.0,
                    "14": 0.0,
                    "15": 0.0,
                    "16": 0.0,
                    "17": 0.0,
                    "18": 0.0,
                    "19": 0.0,
                    "20": 0.0,
                    "21": 0.0,
                    "22": 0.0,
                    "23": 0.0,
                    "24": 0.0
                },