{
    "total load_payment": 753725.901828645,
    "detailed load payment results": {
        "load payments": {
            "b1": {
                "DAM hourly load payments": {
                    "1": 0.0,
                    "2": 0.0,
                    "3": 0.0,
                    "4": 0.0,
                    "5": 0.0,
                    "6": 0.0,
                    "7": 0.0,
                    "8": 0.0,
                    "9": 0.0,
                    "10": 0.0,
                    "11": 0.0,
                    "12": 0.0,
                    "13": 0.0,
                    "14": 0.0,
                    "15": 0.0,
                    "16": 0.0,
                    "17": 0.0,
                    "18": 0.0,
                    "19": 0.0,
                    "20": 0.0,
                    "21": 0.0,
                    "22": 0.0,
                    "23": 0.0,
                    "24": 0.0
                },
                "load payment": 0.0
            },
            "LOAD_WEST": {
                "DAM hourly load payments": {
                    "1": 1262.5864377992075,
                    "2": 1228.7068415315498,
                    "3": 1062.916463564068,
                    "4": 1062.142579791309,
                    "5": 1208.4406301009608,
                    "6": 1266.2205809875386,
                    "7": 1391.3420892266997,
                    "8": 11991.440292867916,
                    "9": 1530.8682877383972,
                    "10": 12400.37799712721,
                    "11": 12520.149141688697,
                    "12": 1585.3301982189496,
                    "13": 1588.6628918431827,
                    "14": 1593.293494314181,
                    "15": 12597.172339143175,
                    "16": 1564.850460050426,
                    "17": 1578.4847784331753,
                    "18": 1591.7255375406821,
                    "19": 1607.551646250036,
                    "20": 1612.8270158198204,
                    "21": 1570.8072315229742,
                    "22": 1527.1975097460886,
                    "23": 1442.8763797315764,
                    "24": 1349.476170754867
                },
                "load payment": 78135.44699579268
            },
            "LOAD_N.Y.C.": {
                "DAM hourly load payments": {
                    "1": 3813.931007399345,
                    "2": 3606.733540057725,
                    "3": 3065.9985267856214,
                    "4": 3017.817813157876,
                    "5": 3430.0013328608375,
                    "6": 3626.4135999000455,
                    "7": 4065.89584647618,
                    "8": 36151.44745401149,
                    "9": 4840.891597690613,
                    "10": 39882.66117527687,
                    "11": 40308.02930918465,
                    "12": 5100.315222893873,
                    "13": 5106.499128040933,
                    "14": 5116.815406896887,
                    "15": 40646.02712829255,
                    "16": 5116.595599831479,
                    "17": 5115.726837903075,
                    "18": 5148.863277033328,
                    "19": 5159.216189814029,
                    "20": 5081.089431279805,
                    "21": 4948.384579284078,
                    "22": 4759.013465826249,
                    "23": 4469.544307345021,
                    "24": 4160.933094070133
                },
                "load payment": 245738.84487131273
            },
            "LOAD_LONGIL": {
                "DAM hourly load payments": {
                    "1": 1424.6282064177565,
                    "2": 1352.3043544102939,
                    "3": 1148.7659706047566,
                    "4": 1133.4624189984413,
                    "5": 1314.3583283118226,
                    "6": 1395.2326742844157,
                    "7": 1580.354184770772,
                    "8": 13691.91382058069,
                    "9": 1759.431000958417,
                    "10": 14131.432854344177,
                    "11": 14013.100150362396,
                    "12": 1739.791763684284,
                    "13": 1735.8163955245273,
                    "14": 1749.6642406452115,
                    "15": 14083.693306293906,
                    "16": 1774.2753053617685,
                    "17": 1808.9242254791247,
                    "18": 1912.5192954057688,
                    "19": 2055.3279458011452,
                    "20": 2076.7811153849357,
                    "21": 2013.1836047533868,
                    "22": 1898.510258730195,
                    "23": 1735.847796282663,
                    "24": 1575.37189187435
                },
                "load payment": 89104.69110926519
            },
            "LOAD_DUNWOD": {
                "DAM hourly load payments": {
                    "1": 455.35964357144303,
                    "2": 433.05655339335794,
                    "3": 372.1994005085889,
                    "4": 363.0998171730235,
                    "5": 415.00306636259114,
                    "6": 424.8943843059372,
                    "7": 481.45074223533584,
                    "8": 4337.879553191826,
                    "9": 555.9140491225885,
                    "10": 4524.810833815884,
                    "11": 4523.13895382674,
                    "12": 567.1461901649213,
                    "13": 574.2899197906713,
                    "14": 572.8465200318533,
                    "15": 4490.027491992428,
                    "16": 555.5770116516043,
                    "17": 565.6829031420535,
                    "18": 580.3419409622554,
                    "19": 614.4853051808652,
                    "20": 611.7670244426824,
                    "21": 590.9073339354927,
                    "22": 556.1778176010778,
                    "23": 514.7755867936326,
                    "24": 485.15815476785303
                },
                "load payment": 28165.990197964704
            },
            "LOAD_HUD VL": {
                "DAM hourly load payments": {
                    "1": 721.7658068455631,
                    "2": 686.4061769822614,
                    "3": 590.2218063892047,
                    "4": 585.5527076526864,
                    "5": 671.78900713265,
                    "6": 718.2122593467541,
                    "7": 793.3276604694344,
                    "8": 6736.179283560797,
                    "9": 880.6643341650137,
                    "10": 6982.347295014934,
                    "11": 7106.553896907808,
                    "12": 895.4437427303742,
                    "13": 879.6532216641384,
                    "14": 868.648214911777,
                    "15": 6860.955767551697,
                    "16": 868.0986972482578,
                    "17": 897.918142517886,
                    "18": 929.1537727939502,
                    "19": 979.6214750115556,
                    "20": 991.7035369998744,
                    "21": 958.1902861343059,
                    "22": 917.635882566587,
                    "23": 838.8026022264719,
                    "24": 781.458078937419
                },
                "load payment": 44140.3036557614
            },
            "b7": {
                "DAM hourly load payments": {
                    "1": 0.0,
                    "2": 0.0,
                    "3": 0.0,
                    "4": 0.0,
                    "5": 0.0,
                    "6": 0.0,
                    "7": 0.0,
                    "8": 0.0,
                    "9": 0.0,
                    "10": 0.0,
                    "11": 0.0,
                    "12": 0.0,
                    "13": 0.0,
                    "14": 0.0,
                    "15": 0.0,
                    "16": 0.0,
                    "17": 0.0,
                    "18": 0.0,
                    "19": 0.0,
                    "20": 0.0,
                    "21": 0.0,
                    "22": 0.0,
                    "23": 0.0,
                    "24": 0.0
                },