{
    "total load_payment": 437342.91522400524,
    "detailed load payment results": {
        "load payments": {
            "b1": {
                "DAM hourly load payments": {
                    "1": 0.0,
                    "2": 0.0,
                    "3": 0.0,
                    "4": 0.0,
                    "5": 0.0,
                    "6": 0.0,
                    "7": 0.0,
                    "8": 0.0,
                    "9": 0.0,
                    "10": 0.0,
                    "11": 0.0,
                    "12": 0.0,
                    "13": 0.0,
                    "14": 0.0,
                    "15": 0.0,
                    "16": 0.0,
                    "17": 0.0,
                    "18": 0.0,
                    "19": 0.0,
                    "20": 0.0,
                    "21": 0.0,
                    "22": 0.0,
                    "23": 0.0,
                    "24": 0.0
                },
                "load payment": 0.0
            },
            "LOAD_WEST": {
                "DAM hourly load payments": {
                    "1": 1249.0505094550756,
                    "2": 1215.8408015960958,
                    "3": 1217.8923339134915,
                    "4": 1052.3271541981062,
                    "5": 1052.6431564806883,
                    "6": 1253.2446375193806,
                    "7": 1361.0893104174972,
                    "8": 1466.0838189536464,
                    "9": 1501.8024670823963,
                    "10": 1528.179314931319,
                    "11": 1557.018001912808,
                    "12": 1578.911831909045,
                    "13": 1574.7784127977493,
                    "14": 1586.5820522101424,
                    "15": 1588.0432451750594,
                    "16": 1570.6753472837297,
                    "17": 1496.717596383146,
                    "18": 1495.0617167834844,
                    "19": 12329.979667594294,
                    "20": 1572.22865083902,
                    "21": 1522.5522540568822,
                    "22": 1523.7318847217514,
                    "23": 1456.1338854997825,
                    "24": 1206.2461878264542
                },
                "load payment": 44956.81423954105
            },
            "LOAD_N.Y.C.": {
                "DAM hourly load payments": {
                    "1": 4143.557869569699,
                    "2": 3878.195265836222,
                    "3": 3650.3359352255056,
                    "4": 3123.072455026621,
                    "5": 3110.574232096558,
                    "6": 3679.584929022165,
                    "7": 4091.6268800654575,
                    "8": 4571.334865892831,
                    "9": 4830.978299040727,
                    "10": 4998.713070653334,
                    "11": 5044.410959551593,
                    "12": 5099.253868652443,
                    "13": 5102.952907678765,
                    "14": 5091.8160160717,
                    "15": 5071.055762763987,
                    "16": 5047.231816597916,
                    "17": 5101.340989492185,
                    "18": 5136.70061882795,
                    "19": 40593.12259718067,
                    "20": 4987.510236926647,
                    "21": 4848.599498198091,
                    "22": 4690.543564951753,
                    "23": 4468.736255248853,
                    "24": 3703.5626729733767
                },
                "load payment": 144064.81156754508
            },
            "LOAD_LONGIL": {
                "DAM hourly load payments": {
                    "1": 1496.4716217262157,
                    "2": 1419.0157987615275,
                    "3": 1341.2553865086195,
                    "4": 1133.0948242063805,
                    "5": 1133.9976880920105,
                    "6": 1367.6322343575423,
                    "7": 1530.686161758598,
                    "8": 1687.620032689725,
                    "9": 1709.1244911749293,
                    "10": 1661.6827989716173,
                    "11": 1631.2688286075256,
                    "12": 1606.0171836771638,
                    "13": 1571.6278442740868,
                    "14": 1569.8986959456986,
                    "15": 1597.6393938817805,
                    "16": 1648.1133764268588,
                    "17": 1744.6086781408346,
                    "18": 1860.102636915139,
                    "19": 16033.836524144375,
                    "20": 1995.1154639768745,
                    "21": 1943.5413989438982,
                    "22": 1857.8019902166907,
                    "23": 1739.3772699841318,
                    "24": 1407.8558081772105
                },
                "load payment": 52687.38613155943
            },
            "LOAD_DUNWOD": {
                "DAM hourly load payments": {
                    "1": 453.66294237074476,
                    "2": 439.1159014378148,
                    "3": 415.4206997868658,
                    "4": 351.962339850933,
                    "5": 352.5814468691405,
                    "6": 421.2309332744242,
                    "7": 469.73397901578323,
                    "8": 538.9742512525282,
                    "9": 564.977427090258,
                    "10": 579.6898467268279,
                    "11": 582.7378379751992,
                    "12": 559.1326525929044,
                    "13": 552.1773290106577,
                    "14": 551.9135605321686,
                    "15": 549.2852960626399,
                    "16": 557.2182376813665,
                    "17": 564.0029491295915,
                    "18": 578.7666570521155,
                    "19": 4851.006793283727,
                    "20": 603.75872038897,
                    "21": 583.8808347153193,
                    "22": 557.8483512981762,
                    "23": 531.7279450548699,
                    "24": 434.0327139520576
                },
                "load payment": 16644.839646405086
            },
            "LOAD_HUD VL": {
                "DAM hourly load payments": {
                    "1": 743.0232435129777,
                    "2": 702.2029780242788,
                    "3": 650.094049776911,
                    "4": 552.0177441148575,
                    "5": 563.213262719905,
                    "6": 677.4160680070869,
                    "7": 755.068670697319,
                    "8": 810.1868623862042,
                    "9": 832.9808550689816,
                    "10": 820.3199681014987,
                    "11": 806.4721229808141,
                    "12": 806.3025575680381,
                    "13": 795.3205778917718,
                    "14": 781.157675918721,
                    "15": 787.1228209853875,
                    "16": 808.4650404031515,
                    "17": 844.6819178215435,
                    "18": 887.617564920229,
                    "19": 7676.29246812907,
                    "20": 962.3299864523029,
                    "21": 947.6981625052549,
                    "22": 900.7840081381498,
                    "23": 852.4484341912303,
                    "24": 696.5792328662963
                },
                "load payment": 25659.796273181983
            },
            "b7": {
                "DAM hourly load payments": {
                    "1": 0.0,
                    "2": 0.0,
                    "3": 0.0,
                    "4": 0.0,
                    "5": 0.0,
                    "6": 0.0,
                    "7": 0.0,
                    "8": 0.0,
                    "9": 0.0,
                    "10": 0.0,
                    "11": 0.0,
                    "12": 0.0,
                    "13": 0.0,
                    "14": 0.0,
                    "15": 0.0,
                    "16": 0.0,
                    "17": 0.0,
                    "18": 0.0,
                    "19": 0.0,
                    "20": 0.0,
                    "21": 0.0,
                    "22": 0.0,
                    "23": 0.0,
                    "24": 0.0
                },