{
    "total cost": 302787.6769356901,
    "detailed cost results": {
        "generator costs": {
            "g1": {
                "variable production cost": 216195.67668420548,
                "fixed commitment cost": 28392.00715122869,
                "startup cost": 0.0,
                "total generator cost": 244587.68383543415
            },
            "g2": {
                "variable production cost": 0.0,
                "fixed commitment cost": 0.0,
                "startup cost": 0.0,
                "total generator cost": 0.0
            },
            "g3": {
                "variable production cost": 6734.601903110361,
                "fixed commitment cost": 2625.150371452691,
                "startup cost": 4605.95,
                "total generator cost": 13965.702274563051
            },
            "g4": {
                "variable production cost": 0.0,
                "fixed commitment cost": 0.0,
                "startup cost": 0.0,
                "total generator cost": 0.0
            },
            "g5": {
                "variable production cost": 26289.58351188936,
                "fixed commitment cost": 11485.917313803524,
                "startup cost": 6458.79,
                "total generator cost": 44234.29082569288
            }
        },
        "total cost of generators": 302787.6769356901,
        "load curtailment cost": 0.0,
        "line overflow penalty": 0.0,
        "up-FRP shortfall penalty": 0.0,
        "down-FRP shortfall penalty": 0.0,
        "total cost": 302787.6769356901
    }
}
