{
    "total load_payment": 323399.2353591713,
    "detailed load payment results": {
        "load payments": {
            "b1": {
                "DAM hourly load payments": {
                    "1": 0.0,
                    "2": 0.0,
                    "3": 0.0,
                    "4": 0.0,
                    "5": 0.0,
                    "6": 0.0,
                    "7": 0.0,
                    "8": 0.0,
                    "9": 0.0,
                    "10": 0.0,
                    "11": 0.0,
                    "12": 0.0,
                    "13": 0.0,
                    "14": 0.0,
                    "15": 0.0,
                    "16": 0.0,
                    "17": 0.0,
                    "18": 0.0,
                    "19": 0.0,
                    "20": 0.0,
                    "21": 0.0,
                    "22": 0.0,
                    "23": 0.0,
                    "24": 0.0
                },
                "load payment": 0.0
            },
            "LOAD_WEST": {
                "DAM hourly load payments": {
                    "1": 1249.3687056798726,
                    "2": 1253.4278097808108,
                    "3": 1091.0793841190286,
                    "4": 1083.0890341652887,
                    "5": 1098.4119328659228,
                    "6": 1307.2658867082582,
                    "7": 1188.227593468119,
                    "8": 1462.559578418791,
                    "9": 1349.730688069508,
                    "10": 1353.999947140525,
                    "11": 1368.4135324081672,
                    "12": 1362.8802634329377,
                    "13": 1526.1644165386724,
                    "14": 1534.927391839335,
                    "15": 1510.7412871561567,
                    "16": 1488.511466234335,
                    "17": 1496.4465012955527,
                    "18": 1502.5791184204272,
                    "19": 1547.9472967205745,
                    "20": 1551.9477853109945,
                    "21": 1524.310710580144,
                    "22": 1488.0791787126238,
                    "23": 1410.5532267433316,
                    "24": 1327.7592326925874
                },
                "load payment": 33078.42196850196
            },
            "LOAD_N.Y.C.": {
                "DAM hourly load payments": {
                    "1": 3918.6177851646958,
                    "2": 3718.2929532404596,
                    "3": 3164.494583963563,
                    "4": 3112.3154705852658,
                    "5": 3113.6310729989573,
                    "6": 3705.4928545453995,
                    "7": 3661.1473934526884,
                    "8": 4694.375534498951,
                    "9": 4403.869446037594,
                    "10": 4582.481820790442,
                    "11": 4644.282889592634,
                    "12": 4683.5897357014455,
                    "13": 5366.574847831313,
                    "14": 5367.527345700897,
                    "15": 5346.154771454937,
                    "16": 5350.756066610291,
                    "17": 5377.198856578836,
                    "18": 5409.891493814063,
                    "19": 5395.2230359422665,
                    "20": 5267.397899919362,
                    "21": 5092.431475854842,
                    "22": 4881.372731650377,
                    "23": 4605.15584664997,
                    "24": 4300.525234701453
                },
                "load payment": 109162.8011472807
            },
            "LOAD_LONGIL": {
                "DAM hourly load payments": {
                    "1": 1425.6026841146543,
                    "2": 1357.872800653441,
                    "3": 1154.3379337686235,
                    "4": 1133.8816055260966,
                    "5": 1152.45481607232,
                    "6": 1391.8769536720104,
                    "7": 1386.0387353327603,
                    "8": 1740.6594775726003,
                    "9": 1577.5685195433266,
                    "10": 1600.430336254886,
                    "11": 1625.9362553407834,
                    "12": 1624.465876172541,
                    "13": 1841.924592605923,
                    "14": 1865.4512760928783,
                    "15": 1852.8563312450176,
                    "16": 1878.427219561036,
                    "17": 1922.7403239472262,
                    "18": 1997.4747261858408,
                    "19": 2113.9724708519166,
                    "20": 2089.9402319937517,
                    "21": 2023.6537476758972,
                    "22": 1911.061242164974,
                    "23": 1750.733968656605,
                    "24": 1585.9958997426454
                },
                "load payment": 40005.35802474775
            },
            "LOAD_DUNWOD": {
                "DAM hourly load payments": {
                    "1": 439.306400923809,
                    "2": 422.3299686014627,
                    "3": 358.2436964989589,
                    "4": 351.5882960532288,
                    "5": 353.13606359874746,
                    "6": 424.93834571901874,
                    "7": 427.5901315438364,
                    "8": 548.1475328408245,
                    "9": 495.2017771830373,
                    "10": 501.2574177048789,
                    "11": 511.6855015428106,
                    "12": 521.1204344874421,
                    "13": 593.5889801334665,
                    "14": 595.4500133165592,
                    "15": 592.885597524162,
                    "16": 591.9257733092408,
                    "17": 601.223612175986,
                    "18": 611.5911787903564,
                    "19": 633.1102904937693,
                    "20": 620.6911912982347,
                    "21": 597.4062961986878,
                    "22": 566.2449811967499,
                    "23": 524.9505604795175,
                    "24": 477.77263737015477
                },
                "load payment": 12361.38667898494
            },
            "LOAD_HUD VL": {
                "DAM hourly load payments": {
                    "1": 573.7330752542795,
                    "2": 525.2216559188024,
                    "3": 452.29637098917726,
                    "4": 446.5115897878014,
                    "5": 463.96911786916735,
                    "6": 609.1073589512495,
                    "7": 606.9505939694812,
                    "8": 675.5989962370757,
                    "9": 632.5274526591764,
                    "10": 776.0248514552361,
                    "11": 772.7229471001684,
                    "12": 772.8261315774068,
                    "13": 884.4450156900259,
                    "14": 892.7170888376876,
                    "15": 897.5455167883243,
                    "16": 898.5566292891996,
                    "17": 905.4732252404376,
                    "18": 937.9973443116716,
                    "19": 988.7874296390563,
                    "20": 982.8453122639445,
                    "21": 951.9184581610825,
                    "22": 902.762271726819,
                    "23": 841.062428203112,
                    "24": 760.5471001442751
                },
                "load payment": 18152.147962064657
            },
            "b7": {
                "DAM hourly load payments": {
                    "1": 0.0,
                    "2": 0.0,
                    "3": 0.0,
                    "4": 0.0,
                    "5": 0.0,
                    "6": 0.0,
                    "7": 0.0,
                    "8": 0.0,
                    "9": 0.0,
                    "10": 0.0,
                    "11": 0.0,
                    "12": 0.0,
                    "13": 0.0,
                    "14": 0.0,
                    "15": 0.0,
                    "16": 0.0,
                    "17": 0.0,
                    "18": 0.0,
                    "19": 0.0,
                    "20": 0.0,
                    "21": 0.0,
                    "22": 0.0,
                    "23": 0.0,
                    "24": 0.0
                },