{
    "total cost": 311209.4744952874,
    "detailed cost results": {
        "generator costs": {
            "g1": {
                "variable production cost": 226974.21650661112,
                "fixed commitment cost": 28392.00715122869,
                "startup cost": 0.0,
                "total generator cost": 255366.22365783976
            },
            "g2": {
                "variable production cost": 0.0,
                "fixed commitment cost": 0.0,
                "startup cost": 0.0,
                "total generator cost": 0.0
            },
            "g3": {
                "variable production cost": 3367.3009515551803,
                "fixed commitment cost": 1312.5751857263456,
                "startup cost": 4605.95,
                "total generator cost": 9285.826137281525
            },
            "g4": {
                "variable production cost": 0.0,
                "fixed commitment cost": 0.0,
                "startup cost": 0.0,
                "total generator cost": 0.0
            },
            "g5": {
                "variable production cost": 27937.07519143294,
                "fixed commitment cost": 12161.559508733144,
                "startup cost": 6458.79,
                "total generator cost": 46557.424700166084
            }
        },
        "total cost of generators": 311209.4744952874,
        "load curtailment cost": 0.0,
        "line overflow penalty": 0.0,
        "up-FRP shortfall penalty": 0.0,
        "down-FRP shortfall penalty": 0.0,
        "total cost": 311209.4744952874
    }
}
