{
    "st-FRP": {
        "oos load_payments": {
            "1": 789694.9457458047,
            "2": 792170.3865891058,
            "3": 692466.1483822447,
            "4": 298409.95189272106,
            "5": 422452.1763695971,
            "6": 1.5198637419165478e6,
            "7": 684674.6263479879,
            "8": 473962.5119667825,
            "9": 468532.71876736224,
            "10": 470885.3024815507,
            "11": 398914.0273676657,
            "12": 552870.4911978055,
            "13": 373556.23601798003,
            "14": 471375.1208015034,
            "15": 931901.1450549286,
            "16": 803768.7808531261,
            "17": 473070.1251115938,
            "18": 488449.542396032,
            "19": 320481.33385200944,
            "20": 478784.78589710465,
            "21": 808553.407708837,
            "22": 473834.70527738094,
            "23": 481209.15313692973,
            "24": 479970.1694002364,
            "25": 390028.20952789986,
            "26": 423578.2020883253,
            "27": 473571.1889416187,
            "28": 583443.0128195419,
            "29": 695037.6152333824,
            "30": 951825.5851194377,
            "31": 466777.46240789164
        },
        "configuration load_payments": {
            "b1": {
                "load payment": 0.0
            },
            "LOAD_WEST": {
                "load payment": 1.5692789600200122e6
            },
            "LOAD_N.Y.C.": {
                "load payment": 3.7809705961359167e6
            },
            "LOAD_LONGIL": {
                "load payment": 1.376546938633423e6
            },
            "LOAD_DUNWOD": {
                "load payment": 922024.329614735
            },
            "LOAD_HUD VL": {
                "load payment": 1.076126758864692e6
            },
            "b7": {
                "load payment": 0.0
            },
            "b8": {
                "load payment": 0.0
            },
            "LOAD_CENTRL": {
                "load payment": 2.156477676961572e6
            },
            "LOAD_MHK VL": {
                "load payment": 913818.4802845863
            },
            "LOAD_MILLWD": {
                "load payment": 320250.9862056283
            },
            "LOAD_NORTH": {
                "load payment": 3.530319506019158e6
            },
            "LOAD_GENESE": {
                "load payment": 831327.6830607266
            },
            "LOAD_CAPITL": {
                "load payment": 1.6569708948704866e6
            },
            "aggregate load payment": 1.813411281067094e7
        }
    },
    "nf-FRP": {
        "oos load_payments": {
            "1": 512772.2057459056,
            "2": 359383.2241711575,
            "3": 371009.7778115402,
            "4": 300016.0901012336,
            "5": 339008.8207337315,
            "6": 428811.9358832947,
            "7": 367333.2589005094,
            "8": 473962.5119667825,
            "9": 473151.34354667604,
            "10": 469292.67493152985,
            "11": 316682.9901303817,
            "12": 384326.137289258,
            "13": 375155.8452883558,
            "14": 471375.1208015034,
            "15": 386653.40799310425,
            "16": 487670.7987731234,
            "17": 474739.9446977022,
            "18": 302769.0963704236,
            "19": 320481.33385200944,
            "20": 478784.78589710465,
            "21": 488616.0231971212,
            "22": 473874.85895519797,
            "23": 377536.9629139197,
            "24": 375725.97534594144,
            "25": 302660.8693118027,
            "26": 341430.1448131601,
            "27": 376887.9823491304,
            "28": 588054.9234751974,
            "29": 380294.2344542498,
            "30": 400679.0617752895,
            "31": 466777.46240789164
        },
        "configuration load_payments": {
            "b1": {
                "load payment": 0.0
            },
            "LOAD_WEST": {
                "load payment": 1.0403549742727142e6
            },
            "LOAD_N.Y.C.": {
                "load payment": 1.9510578718692632e6
            },
            "LOAD_LONGIL": {
                "load payment": 706046.9542465968
            },
            "LOAD_DUNWOD": {
                "load payment": 713183.5281143604
            },
            "LOAD_HUD VL": {
                "load payment": 753231.3473633872
            },
            "b7": {
                "load payment": 0.0
            },
            "b8": {
                "load payment": 0.0
            },
            "LOAD_CENTRL": {
                "load payment": 1.5875721265581192e6
            },
            "LOAD_MHK VL": {
                "load payment": 640685.9948264774
            },
            "LOAD_MILLWD": {
                "load payment": 226210.02347116094
            },
            "LOAD_NORTH": {
                "load payment": 3.3308934511894304e6
            },
            "LOAD_GENESE": {
                "load payment": 485338.29887899663
            },
            "LOAD_CAPITL": {
                "load payment": 1.2313452330937218e6
            },
            "aggregate load payment": 1.2665919803884229e7
        }
    },
    "90-FRP": {
        "oos load_payments": {
            "1": 701732.7284479751,
            "2": 361520.1989360715,
            "3": 375645.3513084905,
            "4": 314688.67327888217,
            "5": 342219.9613132157,
            "6": 562210.1302330117,
            "7": 372138.32531895454,
            "8": 526114.172973729,
            "9": 372059.9483059887,
            "10": 626640.6156734083,
            "11": 415706.91689639306,
            "12": 308721.19246656937,
            "13": 545272.4292762585,
            "14": 369812.7553709765,
            "15": 394894.45113624894,
            "16": 386198.067637221,
            "17": 372389.0727526599,
            "18": 317244.9930488921,
            "19": 327109.90480187314,
            "20": 378719.98665105214,
            "21": 390681.630344057,
            "22": 370455.4871493691,
            "23": 378086.666324552,
            "24": 376247.32416533347,
            "25": 317572.4920728506,
            "26": 495557.6958610229,
            "27": 376937.9927618709,
            "28": 380725.68615911447,
            "29": 389168.7642348376,
            "30": 404373.38256908214,
            "31": 503609.66708656994
        },
        "configuration load_payments": {
            "b1": {
                "load payment": 0.0
            },
            "LOAD_WEST": {
                "load payment": 939974.5530898429
            },
            "LOAD_N.Y.C.": {
                "load payment": 922327.3606114665
            },
            "LOAD_LONGIL": {
                "load payment": 302552.0772464286
            },
            "LOAD_DUNWOD": {
                "load payment": 817975.7936150901
            },
            "LOAD_HUD VL": {
                "load payment": 752310.2511100273
            },
            "b7": {
                "load payment": 0.0
            },
            "b8": {
                "load payment": 0.0
            },
            "LOAD_CENTRL": {
                "load payment": 1.7301923514415878e6
            },
            "LOAD_MHK VL": {
                "load payment": 651981.7845094955
            },
            "LOAD_MILLWD": {
                "load payment": 228952.84485075064
            },
            "LOAD_NORTH": {
                "load payment": 4.722005028166781e6
            },
            "LOAD_GENESE": {
                "load payment": 327625.7862219069
            },
            "LOAD_CAPITL": {
                "load payment": 1.358558833693154e6
            },
            "aggregate load payment": 1.2754456664556531e7
        }
    },
    "95-FRP": {
        "oos load_payments": {
            "1": 539877.242321643,
            "2": 361520.1989360715,
            "3": 378905.17336552247,
            "4": 300141.3243315728,
            "5": 342219.9613132157,
            "6": 457003.3798298547,