{
    "total load_payment": 528736.8514139781,
    "detailed load payment results": {
        "load payments": {
            "b1": {
                "DAM hourly load payments": {
                    "1": 0.0,
                    "2": 0.0,
                    "3": 0.0,
                    "4": 0.0,
                    "5": 0.0,
                    "6": 0.0,
                    "7": 0.0,
                    "8": 0.0,
                    "9": 0.0,
                    "10": 0.0,
                    "11": 0.0,
                    "12": 0.0,
                    "13": 0.0,
                    "14": 0.0,
                    "15": 0.0,
                    "16": 0.0,
                    "17": 0.0,
                    "18": 0.0,
                    "19": 0.0,
                    "20": 0.0,
                    "21": 0.0,
                    "22": 0.0,
                    "23": 0.0,
                    "24": 0.0
                },
                "load payment": 0.0
            },
            "LOAD_WEST": {
                "DAM hourly load payments": {
                    "1": 1206.7188083816766,
                    "2": 1177.6383336282395,
                    "3": 1009.9828135073316,
                    "4": 1009.009010017904,
                    "5": 1023.5644737192574,
                    "6": 1232.736638316843,
                    "7": 1362.2835951798031,
                    "8": 11666.893037879017,
                    "9": 1493.4937600099856,
                    "10": 1489.4566366155882,
                    "11": 12037.429001576409,
                    "12": 1504.6086700312824,
                    "13": 1486.1448765370362,
                    "14": 1492.5632428469407,
                    "15": 1477.5430936704913,
                    "16": 1460.3615077647144,
                    "17": 1464.4206118656523,
                    "18": 1477.7126589953448,
                    "19": 1517.438076041987,
                    "20": 1531.102748901241,
                    "21": 1505.231457302756,
                    "22": 1458.5371091218306,
                    "23": 1391.5399155855666,
                    "24": 1311.3909329288188
                },
                "load payment": 53787.80101042572
            },
            "LOAD_N.Y.C.": {
                "DAM hourly load payments": {
                    "1": 3833.8748348409267,
                    "2": 3651.5009126721666,
                    "3": 3114.791898658096,
                    "4": 3070.248438762319,
                    "5": 3081.3601196748937,
                    "6": 3677.7165689661997,
                    "7": 4127.529747616497,
                    "8": 36631.81940341537,
                    "9": 4901.38250209081,
                    "10": 5069.095292996877,
                    "11": 40926.1614229772,
                    "12": 5160.981972946395,
                    "13": 5207.0462072467435,
                    "14": 5230.558235757034,
                    "15": 5199.206421620793,
                    "16": 5197.367368880473,
                    "17": 5221.172474064126,
                    "18": 5230.039072570019,
                    "19": 5236.258566239425,
                    "20": 5159.758379989216,
                    "21": 4971.933242598346,
                    "22": 4765.285293799472,
                    "23": 4478.6861878234895,
                    "24": 4146.440481850662
                },
                "load payment": 177290.21504805755
            },
            "LOAD_LONGIL": {
                "DAM hourly load payments": {
                    "1": 1390.0085936160451,
                    "2": 1316.4611495306322,
                    "3": 1126.9746928542197,
                    "4": 1115.9404003189213,
                    "5": 1132.333837980578,
                    "6": 1378.9010093246243,
                    "7": 1570.2064258372695,
                    "8": 13701.485077983534,
                    "9": 1739.6044036586436,
                    "10": 1703.0065272682632,
                    "11": 13360.304849247734,
                    "12": 1642.7134492269336,
                    "13": 1649.1904310473562,
                    "14": 1678.1023867575718,
                    "15": 1711.5570221126222,
                    "16": 1738.8717137336937,
                    "17": 1812.3239083838396,
                    "18": 1935.3070077610735,
                    "19": 2067.2414887462414,
                    "20": 2064.120228417453,
                    "21": 1988.4553098950219,
                    "22": 1873.3496763501187,
                    "23": 1701.9221460386611,
                    "24": 1529.2270613569435
                },
                "load payment": 62927.60879744799
            },
            "LOAD_DUNWOD": {
                "DAM hourly load payments": {
                    "1": 436.573466439881,
                    "2": 410.8340590806405,
                    "3": 352.01393212824644,
                    "4": 345.20375492796455,
                    "5": 347.4415687859346,
                    "6": 424.06644441818344,
                    "7": 483.9785234875243,
                    "8": 4374.530456512956,
                    "9": 571.5423314730753,
                    "10": 575.3889551177098,
                    "11": 4568.465094504129,
                    "12": 590.6289116233354,
                    "13": 575.1838018859703,
                    "14": 576.3854137849171,
                    "15": 560.5739589092316,
                    "16": 558.3758882551547,
                    "17": 569.6446638376965,
                    "18": 583.129303895874,
                    "19": 613.9211336836779,
                    "20": 614.5732280070283,
                    "21": 589.3173961916847,
                    "22": 560.1489986120843,
                    "23": 517.9753496332212,
                    "24": 471.1344639948425
                },
                "load payment": 20271.031099190965
            },
            "LOAD_HUD VL": {
                "DAM hourly load payments": {
                    "1": 693.5279259014704,
                    "2": 665.0629109311747,
                    "3": 564.8577657370186,
                    "4": 566.8440674462302,
                    "5": 572.9513001679968,
                    "6": 685.6954674121613,
                    "7": 770.6655520259014,
                    "8": 6982.989269673699,
                    "9": 861.189428433661,
                    "10": 858.222033050657,
                    "11": 6662.235502259773,
                    "12": 840.3443917601392,
                    "13": 849.2539047820233,
                    "14": 861.936772456047,
                    "15": 858.2073793049117,
                    "16": 863.0651154504218,
                    "17": 892.6511467180652,
                    "18": 933.0872729831165,
                    "19": 976.8372527692106,
                    "20": 977.0570598346181,
                    "21": 950.6215964751773,
                    "22": 889.962173031759,
                    "23": 827.778754491692,
                    "24": 746.2010256460258
                },
                "load payment": 31351.245068742952
            },
            "b7": {
                "DAM hourly load payments": {
                    "1": 0.0,
                    "2": 0.0,
                    "3": 0.0,
                    "4": 0.0,
                    "5": 0.0,
                    "6": 0.0,
                    "7": 0.0,
                    "8": 0.0,
                    "9": 0.0,
                    "10": 0.0,
                    "11": 0.0,
                    "12": 0.0,
                    "13": 0.0,
                    "14": 0.0,
                    "15": 0.0,
                    "16": 0.0,
                    "17": 0.0,
                    "18": 0.0,
                    "19": 0.0,
                    "20": 0.0,
                    "21": 0.0,
                    "22": 0.0,
                    "23": 0.0,
                    "24": 0.0
                },