{
    "detailed payment": {
        "generator payments": {
            "g1": {
                "DAM hourly energy payments": {
                    "1": 12186.11626712104,
                    "2": 11623.317022541583,
                    "3": 11113.357304362486,
                    "4": 9557.406552526656,
                    "5": 9624.212068204055,
                    "6": 11549.615714741303,
                    "7": 12859.278544392446,
                    "8": 94798.35231248518,
                    "9": 12361.63826598987,
                    "10": 12548.68675177894,
                    "11": 12596.282308312577,
                    "12": 12588.473923532689,
                    "13": 12469.15322688311,
                    "14": 12459.745485890428,
                    "15": 12459.754905854097,
                    "16": 12524.339454661647,
                    "17": 12764.57392323066,
                    "18": 13110.59420577129,
                    "19": 13559.97876055612,
                    "20": 13417.444869871731,
                    "21": 13139.916467857063,
                    "22": 12448.139672836898,
                    "23": 11646.092998216114,
                    "24": 12994.663995425286
                },
                "hourly up-FRP payment": {
                    "1": -0.0,
                    "2": -0.0,
                    "3": -0.0,
                    "4": -0.0,
                    "5": -0.0,
                    "6": -0.0,
                    "7": 0.0,
                    "8": 15942.245296518411,
                    "9": -0.0,
                    "10": -0.0,
                    "11": -0.0,
                    "12": -0.0,
                    "13": -0.0,
                    "14": -0.0,
                    "15": -0.0,
                    "16": -0.0,
                    "17": -0.0,
                    "18": -0.0,
                    "19": -0.0,
                    "20": -0.0,
                    "21": 0.0,
                    "22": -0.0,
                    "23": -0.0,
                    "24": -0.0
                },
                "hourly down-FRP payment": {
                    "1": -0.0,
                    "2": -0.0,
                    "3": -0.0,
                    "4": -0.0,
                    "5": -0.0,
                    "6": -0.0,
                    "7": -0.0,
                    "8": -0.0,
                    "9": 0.0,
                    "10": -0.0,
                    "11": -0.0,
                    "12": -0.0,
                    "13": -0.0,
                    "14": -0.0,
                    "15": -0.0,
                    "16": -0.0,
                    "17": -0.0,
                    "18": -0.0,
                    "19": -0.0,
                    "20": -0.0,
                    "21": -0.0,
                    "22": -0.0,
                    "23": -0.0,
                    "24": -0.0
                },
                "energy payment": 376401.1350030432,
                "up-FRP payment": 15942.245296518411,
                "down-FRP payment": 0.0,
                "make-whole payment": 0.0,
                "total payment": 392343.38029956166
            },
            "g2": {
                "DAM hourly energy payments": {
                    "1": 0.0,
                    "2": 0.0,
                    "3": 0.0,
                    "4": 0.0,
                    "5": 0.0,
                    "6": 0.0,
                    "7": 0.0,
                    "8": 0.0,
                    "9": 0.0,
                    "10": 0.0,
                    "11": 0.0,
                    "12": 0.0,
                    "13": 0.0,
                    "14": 0.0,
                    "15": 0.0,
                    "16": 0.0,
                    "17": 0.0,
                    "18": 0.0,
                    "19": 0.0,
                    "20": 0.0,
                    "21": 0.0,
                    "22": 0.0,
                    "23": 0.0,
                    "24": 0.0
                },
                "hourly up-FRP payment": {
                    "1": -0.0,
                    "2": -0.0,
                    "3": -0.0,
                    "4": -0.0,
                    "5": -0.0,
                    "6": -0.0,
                    "7": -0.0,
                    "8": 0.0,
                    "9": -0.0,
                    "10": -0.0,
                    "11": -0.0,
                    "12": -0.0,
                    "13": -0.0,
                    "14": -0.0,
                    "15": -0.0,
                    "16": -0.0,
                    "17": -0.0,
                    "18": -0.0,
                    "19": -0.0,
                    "20": -0.0,
                    "21": -0.0,
                    "22": -0.0,
                    "23": -0.0,
                    "24": -0.0
                },
                "hourly down-FRP payment": {
                    "1": -0.0,
                    "2": -0.0,
                    "3": -0.0,
                    "4": -0.0,
                    "5": -0.0,
                    "6": -0.0,
                    "7": -0.0,
                    "8": -0.0,
                    "9": -0.0,
                    "10": -0.0,
                    "11": -0.0,
                    "12": -0.0,
                    "13": -0.0,
                    "14": -0.0,
                    "15": -0.0,
                    "16": -0.0,
                    "17": -0.0,
                    "18": -0.0,
                    "19": -0.0,
                    "20": -0.0,
                    "21": -0.0,
                    "22": -0.0,
                    "23": -0.0,
                    "24": -0.0
                },
                "energy payment": 0.0,
                "up-FRP payment": 0.0,
                "down-FRP payment": -0.0,
                "make-whole payment": 0.0,
                "total payment": 0.0
            },
            "g3": {
                "DAM hourly energy payments": {
                    "1": 0.0,
                    "2": 0.0,
                    "3": 0.0,
                    "4": 0.0,
                    "5": 0.0,
                    "6": 0.0,
                    "7": 0.0,
                    "8": 17670.13940564484,
                    "9": 2218.376863837732,
                    "10": 2218.376863837732,
                    "11": 2218.376863837732,
                    "12": 2218.376863837732,
                    "13": 2218.376863837732,
                    "14": 2218.376863837732,
                    "15": 2218.376863837732,
                    "16": 2218.376863837732,
                    "17": 2218.376863837732,
                    "18": 2218.376863837732,
                    "19": 2218.376863837732,
                    "20": 2218.376863837732,
                    "21": 2218.376863837732,
                    "22": 2218.376863837732,
                    "23": 2218.376863837732,
                    "24": 0.0
                },
                "hourly up-FRP payment": {
                    "1": -0.0,
                    "2": -0.0,
                    "3": -0.0,
                    "4": -0.0,
                    "5": -0.0,
                    "6": -0.0,
                    "7": -0.0,
                    "8": 14526.642521739817,
                    "9": -0.0,
                    "10": -0.0,
                    "11": -0.0,
                    "12": -0.0,
                    "13": -0.0,
                    "14": -0.0,
                    "15": -0.0,
                    "16": -0.0,
                    "17": -0.0,
                    "18": -0.0,
                    "19": -0.0,
                    "20": -0.0,
                    "21": -0.0,
                    "22": -0.0,
                    "23": -0.0,
                    "24": -0.0
                },
                "hourly down-FRP payment": {
                    "1": -0.0,
                    "2": -0.0,
                    "3": -0.0,
                    "4": -0.0,
                    "5": -0.0,
                    "6": -0.0,
                    "7": 0.0,
                    "8": -0.0,