{
    "total load_payment": 328814.86051136086,
    "detailed load payment results": {
        "load payments": {
            "b1": {
                "DAM hourly load payments": {
                    "1": 0.0,
                    "2": 0.0,
                    "3": 0.0,
                    "4": 0.0,
                    "5": 0.0,
                    "6": 0.0,
                    "7": 0.0,
                    "8": 0.0,
                    "9": 0.0,
                    "10": 0.0,
                    "11": 0.0,
                    "12": 0.0,
                    "13": 0.0,
                    "14": 0.0,
                    "15": 0.0,
                    "16": 0.0,
                    "17": 0.0,
                    "18": 0.0,
                    "19": 0.0,
                    "20": 0.0,
                    "21": 0.0,
                    "22": 0.0,
                    "23": 0.0,
                    "24": 0.0
                },
                "load payment": 0.0
            },
            "LOAD_WEST": {
                "DAM hourly load payments": {
                    "1": 1239.1026694437023,
                    "2": 1190.3944700309896,
                    "3": 1167.24878604356,
                    "4": 1017.2702192921096,
                    "5": 1164.3253520736375,
                    "6": 1232.4362350343763,
                    "7": 1193.4706560285633,
                    "8": 1293.0694975826862,
                    "9": 1321.0260488736162,
                    "10": 1347.3380971474328,
                    "11": 1358.7980265316326,
                    "12": 1362.4610761313986,
                    "13": 1550.0940793524658,
                    "14": 1540.7156442686617,
                    "15": 1531.036806781619,
                    "16": 1513.9724510176497,
                    "17": 1499.457858091638,
                    "18": 1505.9568206186016,
                    "19": 1533.9382600450006,
                    "20": 1562.938138581379,
                    "21": 1523.3875209054313,
                    "22": 1490.6729020844346,
                    "23": 1409.9524210576267,
                    "24": 1322.1101911116098
                },
                "load payment": 32871.17422812983
            },
            "LOAD_N.Y.C.": {
                "DAM hourly load payments": {
                    "1": 3833.717830171019,
                    "2": 3640.129560781485,
                    "3": 3520.2980753303164,
                    "4": 3049.0246762943957,
                    "5": 3467.6103217520936,
                    "6": 3641.6022681197164,
                    "7": 3595.567192484815,
                    "8": 4015.121831112796,
                    "9": 4274.24391410041,
                    "10": 4458.170291017499,
                    "11": 4568.809874654284,
                    "12": 4631.513807342106,
                    "13": 5333.20080869332,
                    "14": 5366.801982385052,
                    "15": 5368.809553289366,
                    "16": 5400.996634274155,
                    "17": 5454.519654700928,
                    "18": 5505.185183277401,
                    "19": 5421.130961465501,
                    "20": 5271.12729342219,
                    "21": 5088.855948177029,
                    "22": 4878.002356940536,
                    "23": 4586.11322817656,
                    "24": 4173.64526993903
                },
                "load payment": 108544.19851790201
            },
            "LOAD_LONGIL": {
                "DAM hourly load payments": {
                    "1": 1451.0720426679327,
                    "2": 1383.2458626105927,
                    "3": 1344.1495122836686,
                    "4": 1174.5685448789172,
                    "5": 1364.7967232137833,
                    "6": 1449.8254227225816,
                    "7": 1435.747869411705,
                    "8": 1550.5535271005483,
                    "9": 1556.686555999666,
                    "10": 1564.4447408215779,
                    "11": 1613.0639888451815,
                    "12": 1607.014797096818,
                    "13": 1876.9691663202414,
                    "14": 1858.5786415547218,
                    "15": 1906.064294291887,
                    "16": 1963.4119576567537,
                    "17": 2003.2263446904183,
                    "18": 2086.518568382496,
                    "19": 2158.6372665427593,
                    "20": 2119.9658771284426,
                    "21": 2035.464713697394,
                    "22": 1907.002138064036,
                    "23": 1738.6006186461007,
                    "24": 1568.8949100539273
                },
                "load payment": 40718.50408468215
            },
            "LOAD_DUNWOD": {
                "DAM hourly load payments": {
                    "1": 430.074504176686,
                    "2": 400.7815492307136,
                    "3": 390.3187329173076,
                    "4": 340.0316316617642,
                    "5": 387.1388574296915,
                    "6": 413.1786677197074,
                    "7": 415.6013820717106,
                    "8": 465.26537318853923,
                    "9": 472.78494387297985,
                    "10": 482.72290134729343,
                    "11": 495.81443511821277,
                    "12": 496.7559937341994,
                    "13": 581.4263225435486,
                    "14": 587.0900178702716,
                    "15": 589.0756084197362,
                    "16": 596.702913589383,
                    "17": 603.1579143515737,
                    "18": 611.4080062651575,
                    "19": 631.219949731263,
                    "20": 614.2508442817895,
                    "21": 600.4176529947731,
                    "22": 565.8493284790161,
                    "23": 518.3636754780825,
                    "24": 478.84236511777976
                },
                "load payment": 12168.273571591179
            },
            "LOAD_HUD VL": {
                "DAM hourly load payments": {
                    "1": 729.0686349354031,
                    "2": 698.3636813404396,
                    "3": 686.5893495074602,
                    "4": 598.8635085441466,
                    "5": 695.3523245443542,
                    "6": 741.0575403154858,
                    "7": 725.5482821448452,
                    "8": 776.3859966999346,
                    "9": 773.0131535149532,
                    "10": 776.7342443976762,
                    "11": 799.647653618714,
                    "12": 798.0547423371952,
                    "13": 916.199810032333,
                    "14": 915.9360415538438,
                    "15": 931.1027290669743,
                    "16": 940.2100681839569,
                    "17": 968.2940845339555,
                    "18": 997.2939630703341,
                    "19": 1015.8163720750979,
                    "20": 1000.5178003227229,
                    "21": 967.5320864141327,
                    "22": 908.1255641227665,
                    "23": 852.668241256638,
                    "24": 781.1723297523891
                },
                "load payment": 19993.548202285754
            },
            "b7": {
                "DAM hourly load payments": {
                    "1": 0.0,
                    "2": 0.0,
                    "3": 0.0,
                    "4": 0.0,
                    "5": 0.0,
                    "6": 0.0,
                    "7": 0.0,
                    "8": 0.0,
                    "9": 0.0,
                    "10": 0.0,
                    "11": 0.0,
                    "12": 0.0,
                    "13": 0.0,
                    "14": 0.0,
                    "15": 0.0,
                    "16": 0.0,
                    "17": 0.0,
                    "18": 0.0,
                    "19": 0.0,
                    "20": 0.0,
                    "21": 0.0,
                    "22": 0.0,
                    "23": 0.0,
                    "24": 0.0
                },