{
    "total load_payment": 304422.704981936,
    "detailed load payment results": {
        "load payments": {
            "b1": {
                "DAM hourly load payments": {
                    "1": 0.0,
                    "2": 0.0,
                    "3": 0.0,
                    "4": 0.0,
                    "5": 0.0,
                    "6": 0.0,
                    "7": 0.0,
                    "8": 0.0,
                    "9": 0.0,
                    "10": 0.0,
                    "11": 0.0,
                    "12": 0.0,
                    "13": 0.0,
                    "14": 0.0,
                    "15": 0.0,
                    "16": 0.0,
                    "17": 0.0,
                    "18": 0.0,
                    "19": 0.0,
                    "20": 0.0,
                    "21": 0.0,
                    "22": 0.0,
                    "23": 0.0,
                    "24": 0.0
                },
                "load payment": 0.0
            },
            "LOAD_WEST": {
                "DAM hourly load payments": {
                    "1": 1173.8764930856455,
                    "2": 1148.2867637872087,
                    "3": 1004.3012173249128,
                    "4": 995.7949445980388,
                    "5": 990.7711488485818,
                    "6": 1006.1069458700566,
                    "7": 1160.6985354944106,
                    "8": 1211.7157553755355,
                    "9": 1098.3216461678064,
                    "10": 1141.1625625373963,
                    "11": 1327.6409553899198,
                    "12": 1342.903939499177,
                    "13": 1359.8071028290285,
                    "14": 1352.1578169528411,
                    "15": 1346.8384859699747,
                    "16": 1357.8508199469002,
                    "17": 1384.0560090284787,
                    "18": 1393.7599669461842,
                    "19": 1434.3070439047988,
                    "20": 1452.4338001918293,
                    "21": 1415.5721553229596,
                    "22": 1366.6504291723118,
                    "23": 1152.3709789215657,
                    "24": 1250.3285301585624
                },
                "load payment": 29867.714047324123
            },
            "LOAD_N.Y.C.": {
                "DAM hourly load payments": {
                    "1": 3835.815417343987,
                    "2": 3675.005614573353,
                    "3": 3122.6403701781246,
                    "4": 3052.6490317055236,
                    "5": 3028.3426324674033,
                    "6": 3049.688926274719,
                    "7": 3554.1044019900196,
                    "8": 3707.0168507850444,
                    "9": 3445.8529278710494,
                    "10": 3663.952722128941,
                    "11": 4406.8427725150295,
                    "12": 4558.94507489217,
                    "13": 4668.680088552793,
                    "14": 4738.798542417846,
                    "15": 4745.707810880751,
                    "16": 4722.554800284217,
                    "17": 4733.036457580042,
                    "18": 4728.716724724736,
                    "19": 4826.640772363862,
                    "20": 4824.142299306547,
                    "21": 4721.492399761157,
                    "22": 4561.817219960678,
                    "23": 3832.9624893260952,
                    "24": 4082.176222534558
                },
                "load payment": 98287.58257041864
            },
            "LOAD_LONGIL": {
                "DAM hourly load payments": {
                    "1": 1415.7647476359848,
                    "2": 1344.19347369675,
                    "3": 1144.1097696473603,
                    "4": 1120.4289262009252,
                    "5": 1114.669940867347,
                    "6": 1130.837662944538,
                    "7": 1329.7668035969016,
                    "8": 1394.9542525877182,
                    "9": 1316.4085428787416,
                    "10": 1430.2661929459546,
                    "11": 1741.9898343383607,
                    "12": 1806.79209694467,
                    "13": 1856.5417624555344,
                    "14": 1897.572414958046,
                    "15": 1883.0724752502429,
                    "16": 1849.324764101058,
                    "17": 1836.7141188741293,
                    "18": 1898.2318361542689,
                    "19": 1997.2475925113295,
                    "20": 1968.75326934616,
                    "21": 1897.118146729794,
                    "22": 1796.7102792515611,
                    "23": 1456.8362022193965,
                    "24": 1506.8360488802325
                },
                "load payment": 38135.14115501701
            },
            "LOAD_DUNWOD": {
                "DAM hourly load payments": {
                    "1": 443.5078559489095,
                    "2": 419.31128484458185,
                    "3": 357.1215650284579,
                    "4": 345.05542717905615,
                    "5": 343.1336158358334,
                    "6": 348.8603557542523,
                    "7": 411.361596037619,
                    "8": 431.8476145336157,
                    "9": 406.88874062252484,
                    "10": 440.3592137943649,
                    "11": 532.3224707647934,
                    "12": 553.1444800984516,
                    "13": 564.2520637744126,
                    "14": 575.154494218634,
                    "15": 572.9857312318934,
                    "16": 565.7394249463123,
                    "17": 560.0432818764394,
                    "18": 567.402631770538,
                    "19": 585.8884059713247,
                    "20": 586.6870382796651,
                    "21": 566.7505374471876,
                    "22": 541.194302613146,
                    "23": 439.5530848386112,
                    "24": 464.5475789054845
                },
                "load payment": 11623.112796316113
            },
            "LOAD_HUD VL": {
                "DAM hourly load payments": {
                    "1": 699.6019277795955,
                    "2": 673.5328098222433,
                    "3": 576.5498597113276,
                    "4": 564.8513167313749,
                    "5": 574.1250239158112,
                    "6": 574.376536141958,
                    "7": 674.7051141417768,
                    "8": 724.3961647575827,
                    "9": 680.9016374622767,
                    "10": 736.8598832384181,
                    "11": 896.0968835991245,
                    "12": 928.2891986297559,
                    "13": 944.1153073391094,
                    "14": 935.3303513319062,
                    "15": 924.0908836804691,
                    "16": 903.0333668144124,
                    "17": 914.3157495972996,
                    "18": 947.0533954064686,
                    "19": 981.2114133708235,
                    "20": 952.9662054659352,
                    "21": 910.1331350270808,
                    "22": 856.097231476998,
                    "23": 696.127800691316,
                    "24": 727.2536566078827
                },
                "load payment": 18996.014852740944
            },
            "b7": {
                "DAM hourly load payments": {
                    "1": 0.0,
                    "2": 0.0,
                    "3": 0.0,
                    "4": 0.0,
                    "5": 0.0,
                    "6": 0.0,
                    "7": 0.0,
                    "8": 0.0,
                    "9": 0.0,
                    "10": 0.0,
                    "11": 0.0,
                    "12": 0.0,
                    "13": 0.0,
                    "14": 0.0,
                    "15": 0.0,
                    "16": 0.0,
                    "17": 0.0,
                    "18": 0.0,
                    "19": 0.0,
                    "20": 0.0,
                    "21": 0.0,
                    "22": 0.0,
                    "23": 0.0,
                    "24": 0.0
                },