{
    "b1": {
        "1": 43.0703654259941,
        "2": 43.0703654259941,
        "3": 37.90990160867715,
        "4": 37.90990160867715,
        "5": 37.90990160867715,
        "6": 37.90990160867715,
        "7": 43.0703654259941,
        "8": 37.90990160867715,
        "9": 37.90990160867715,
        "10": 37.90990160867715,
        "11": 43.0703654259941,
        "12": 43.0703654259941,
        "13": 43.0703654259941,
        "14": 37.90990160867715,
        "15": 37.90990160867715,
        "16": 37.90990160867715,
        "17": 43.0703654259941,
        "18": 43.0703654259941,
        "19": 43.0703654259941,
        "20": 43.0703654259941,
        "21": 43.0703654259941,
        "22": 43.0703654259941,
        "23": 37.90990160867715,
        "24": 43.0703654259941
    },
    "LOAD_WEST": {
        "1": 43.0703654259941,
        "2": 43.0703654259941,
        "3": 37.90990160867715,
        "4": 37.90990160867715,
        "5": 37.90990160867715,
        "6": 37.90990160867715,
        "7": 43.0703654259941,
        "8": 37.90990160867715,
        "9": 37.90990160867715,
        "10": 37.90990160867715,
        "11": 43.0703654259941,
        "12": 43.0703654259941,
        "13": 43.0703654259941,
        "14": 37.90990160867715,
        "15": 37.90990160867715,
        "16": 37.90990160867715,
        "17": 43.0703654259941,
        "18": 43.0703654259941,
        "19": 43.0703654259941,
        "20": 43.0703654259941,
        "21": 43.0703654259941,
        "22": 43.0703654259941,
        "23": 37.90990160867715,
        "24": 43.0703654259941
    },
    "LOAD_N.Y.C.": {
        "1": 43.0703654259941,
        "2": 43.0703654259941,
        "3": 37.90990160867715,
        "4": 37.90990160867715,
        "5": 37.90990160867715,
        "6": 37.90990160867715,
        "7": 43.0703654259941,
        "8": 37.90990160867715,
        "9": 37.90990160867715,
        "10": 37.90990160867715,
        "11": 43.0703654259941,
        "12": 43.0703654259941,
        "13": 43.0703654259941,
        "14": 37.90990160867715,
        "15": 37.90990160867715,
        "16": 37.90990160867715,
        "17": 43.0703654259941,
        "18": 43.0703654259941,
        "19": 43.0703654259941,
        "20": 43.0703654259941,
        "21": 43.0703654259941,
        "22": 43.0703654259941,
        "23": 37.90990160867715,
        "24": 43.0703654259941
    },
    "LOAD_LONGIL": {
        "1": 43.0703654259941,
        "2": 43.0703654259941,
        "3": 37.90990160867715,
        "4": 37.90990160867715,
        "5": 37.90990160867715,
        "6": 37.90990160867715,
        "7": 43.0703654259941,
        "8": 37.90990160867715,
        "9": 37.90990160867715,
        "10": 37.90990160867715,
        "11": 43.0703654259941,
        "12": 43.0703654259941,
        "13": 43.0703654259941,
        "14": 37.90990160867715,
        "15": 37.90990160867715,
        "16": 37.90990160867715,
        "17": 43.0703654259941,
        "18": 43.0703654259941,
        "19": 43.0703654259941,
        "20": 43.0703654259941,
        "21": 43.0703654259941,
        "22": 43.0703654259941,
        "23": 37.90990160867715,
        "24": 43.0703654259941
    },
    "LOAD_DUNWOD": {
        "1": 43.0703654259941,
        "2": 43.0703654259941,
        "3": 37.90990160867715,
        "4": 37.90990160867715,
        "5": 37.90990160867715,
        "6": 37.90990160867715,
        "7": 43.0703654259941,
        "8": 37.90990160867715,
        "9": 37.90990160867715,
        "10": 37.90990160867715,
        "11": 43.0703654259941,
        "12": 43.0703654259941,
        "13": 43.0703654259941,
        "14": 37.90990160867715,
        "15": 37.90990160867715,
        "16": 37.90990160867715,
        "17": 43.0703654259941,
        "18": 43.0703654259941,
        "19": 43.0703654259941,
        "20": 43.0703654259941,
        "21": 43.0703654259941,
        "22": 43.0703654259941,
        "23": 37.90990160867715,
        "24": 43.0703654259941
    },
    "LOAD_HUD VL": {
        "1": 43.0703654259941,
        "2": 43.0703654259941,
        "3": 37.90990160867715,
        "4": 37.90990160867715,
        "5": 37.90990160867715,
        "6": 37.90990160867715,
        "7": 43.0703654259941,
        "8": 37.90990160867715,
        "9": 37.90990160867715,
        "10": 37.90990160867715,
        "11": 43.0703654259941,
        "12": 43.0703654259941,
        "13": 43.0703654259941,
        "14": 37.90990160867715,
        "15": 37.90990160867715,
        "16": 37.90990160867715,
        "17": 43.0703654259941,
        "18": 43.0703654259941,
        "19": 43.0703654259941,
        "20": 43.0703654259941,
        "21": 43.0703654259941,
        "22": 43.0703654259941,
        "23": 37.90990160867715,
        "24": 43.0703654259941
    },
    "b7": {
        "1": 43.0703654259941,
        "2": 43.0703654259941,
        "3": 37.90990160867715,
        "4": 37.90990160867715,
        "5": 37.90990160867715,
        "6": 37.90990160867715,
        "7": 43.0703654259941,
        "8": 37.90990160867715,
        "9": 37.90990160867715,
        "10": 37.90990160867715,
        "11": 43.0703654259941,
        "12": 43.0703654259941,
        "13": 43.0703654259941,
        "14": 37.90990160867715,
        "15": 37.90990160867715,
        "16": 37.90990160867715,
        "17": 43.0703654259941,
        "18": 43.0703654259941,
        "19": 43.0703654259941,
        "20": 43.0703654259941,
        "21": 43.0703654259941,
        "22": 43.0703654259941,
        "23": 37.90990160867715,
        "24": 43.0703654259941
    },
    "b8": {
        "1": 43.0703654259941,
        "2": 43.0703654259941,
        "3": 37.90990160867715,
        "4": 37.90990160867715,
        "5": 37.90990160867715,
        "6": 37.90990160867715,
        "7": 43.0703654259941,
        "8": 37.90990160867715,
        "9": 37.90990160867715,
        "10": 37.90990160867715,
        "11": 43.0703654259941,
        "12": 43.0703654259941,
        "13": 43.0703654259941,
        "14": 37.90990160867715,
        "15": 37.90990160867715,
        "16": 37.90990160867715,
        "17": 43.0703654259941,
        "18": 43.0703654259941,
        "19": 43.0703654259941,
        "20": 43.0703654259941,
        "21": 43.0703654259941,
        "22": 43.0703654259941,
        "23": 37.90990160867715,
        "24": 43.0703654259941
    },
    "LOAD_CENTRL": {
        "1": 43.0703654259941,
        "2": 43.0703654259941,
        "3": 37.90990160867715,
        "4": 37.90990160867715,
        "5": 37.90990160867715,
        "6": 37.90990160867715,
        "7": 43.0703654259941,
        "8": 37.90990160867715,
        "9": 37.90990160867715,
        "10": 37.90990160867715,
        "11": 43.0703654259941,
        "12": 43.0703654259941,
        "13": 43.0703654259941,
        "14": 37.90990160867715,
        "15": 37.90990160867715,
        "16": 37.90990160867715,
        "17": 43.0703654259941,
        "18": 43.0703654259941,
        "19": 43.0703654259941,
        "20": 43.0703654259941,
        "21": 43.0703654259941,
        "22": 43.0703654259941,
        "23": 37.90990160867715,
        "24": 43.0703654259941
    },
    "LOAD_MHK VL": {
        "1": 43.0703654259941,
        "2": 43.0703654259941,
        "3": 37.90990160867715,
        "4": 37.90990160867715,
        "5": 37.90990160867715,
        "6": 37.90990160867715,
        "7": 43.0703654259941,
        "8": 37.90990160867715,
        "9": 37.90990160867715,
        "10": 37.90990160867715,
        "11": 43.0703654259941,
        "12": 43.0703654259941,
        "13": 43.0703654259941,
        "14": 37.90990160867715,
        "15": 37.90990160867715,
        "16": 37.90990160867715,
        "17": 43.0703654259941,
        "18": 43.0703654259941,
        "19": 43.0703654259941,
        "20": 43.0703654259941,
        "21": 43.0703654259941,
        "22": 43.0703654259941,
        "23": 37.90990160867715,
        "24": 43.0703654259941
    },
    "LOAD_MILLWD": {
        "1": 43.0703654259941,