{
    "total load_payment": 298428.87796911335,
    "detailed load payment results": {
        "load payments": {
            "b1": {
                "DAM hourly load payments": {
                    "1": 0.0,
                    "2": 0.0,
                    "3": 0.0,
                    "4": 0.0,
                    "5": 0.0,
                    "6": 0.0,
                    "7": 0.0,
                    "8": 0.0,
                    "9": 0.0,
                    "10": 0.0,
                    "11": 0.0,
                    "12": 0.0,
                    "13": 0.0,
                    "14": 0.0,
                    "15": 0.0,
                    "16": 0.0,
                    "17": 0.0,
                    "18": 0.0,
                    "19": 0.0,
                    "20": 0.0,
                    "21": 0.0,
                    "22": 0.0,
                    "23": 0.0,
                    "24": 0.0
                },
                "load payment": 0.0
            },
            "LOAD_WEST": {
                "DAM hourly load payments": {
                    "1": 1201.7145338994858,
                    "2": 1168.9779352511764,
                    "3": 1145.5904634917983,
                    "4": 994.105298618809,
                    "5": 1000.0835507633745,
                    "6": 1153.8259018354825,
                    "7": 1208.872917622672,
                    "8": 1252.4240238890395,
                    "9": 1287.2927519510317,
                    "10": 1297.4038769597853,
                    "11": 1312.8929475826951,
                    "12": 1304.225222596528,
                    "13": 1294.1800397073966,
                    "14": 1282.9772059807085,
                    "15": 1274.7553754528294,
                    "16": 1267.788537761037,
                    "17": 1277.5479714651385,
                    "18": 1300.056214962886,
                    "19": 1315.4500370297567,
                    "20": 1389.8463549002959,
                    "21": 1382.000288946873,
                    "22": 1344.5231842948617,
                    "23": 1132.4628188673325,
                    "24": 1206.6601928711586
                },
                "load payment": 29795.65764670216
            },
            "LOAD_N.Y.C.": {
                "DAM hourly load payments": {
                    "1": 3838.4175144857627,
                    "2": 3647.2952711137764,
                    "3": 3506.28171116641,
                    "4": 3015.573550216874,
                    "5": 2988.6810891134887,
                    "6": 3435.401260060763,
                    "7": 3573.27157809357,
                    "8": 3746.3696421021264,
                    "9": 3973.4889561787877,
                    "10": 4154.683246803451,
                    "11": 4292.678122466398,
                    "12": 4351.901472496334,
                    "13": 4387.9058698101135,
                    "14": 4388.154985070395,
                    "15": 4373.953355202566,
                    "16": 4375.413501885853,
                    "17": 4384.711340752598,
                    "18": 4408.699618197681,
                    "19": 4458.280765544552,
                    "20": 4535.706234032736,
                    "21": 4481.499718260708,
                    "22": 4377.479688300684,
                    "23": 3723.180626612826,
                    "24": 4029.1441051400147
                },
                "load payment": 96448.17322310846
            },
            "LOAD_LONGIL": {
                "DAM hourly load payments": {
                    "1": 1472.150493958899,
                    "2": 1390.2137465840162,
                    "3": 1340.6106185306048,
                    "4": 1163.3278830795882,
                    "5": 1167.8808997919114,
                    "6": 1354.5170791618073,
                    "7": 1415.6674047582267,
                    "8": 1480.5397963691403,
                    "9": 1537.5137877228135,
                    "10": 1540.0928578764158,
                    "11": 1522.1859086547934,
                    "12": 1494.4902184134246,
                    "13": 1475.8139444628748,
                    "14": 1463.7685172785336,
                    "15": 1472.738738989658,
                    "16": 1511.5252659825203,
                    "17": 1588.831410886405,
                    "18": 1709.6813354475528,
                    "19": 1818.6616784766852,
                    "20": 1908.3649418695636,
                    "21": 1861.099096197806,
                    "22": 1794.5195360858168,
                    "23": 1488.9588275623857,
                    "24": 1565.9128605734868
                },
                "load payment": 36539.06684871492
            },
            "LOAD_DUNWOD": {
                "DAM hourly load payments": {
                    "1": 440.2442444321894,
                    "2": 414.4975101121535,
                    "3": 397.2573093113179,
                    "4": 343.39802607326726,
                    "5": 341.0892728436648,
                    "6": 400.1441087410314,
                    "7": 419.95605229505964,
                    "8": 446.59666862247167,
                    "9": 477.28906182625786,
                    "10": 497.4307158904749,
                    "11": 499.8119591576734,
                    "12": 499.32105665298093,
                    "13": 495.2399721971934,
                    "14": 489.26122001810427,
                    "15": 490.4523649683648,
                    "16": 490.19906343856184,
                    "17": 499.1671917071956,
                    "18": 515.6453947398998,
                    "19": 532.5045966566695,
                    "20": 550.9683901509154,
                    "21": 544.9969648446989,
                    "22": 528.7752034176115,
                    "23": 442.3519645092202,
                    "24": 467.3684363034984
                },
                "load payment": 11223.966748910478
            },
            "LOAD_HUD VL": {
                "DAM hourly load payments": {
                    "1": 723.9345699202266,
                    "2": 678.7422372724056,
                    "3": 665.9055046525965,
                    "4": 575.4728715124965,
                    "5": 574.6022522681423,
                    "6": 680.5153476293352,
                    "7": 724.125069406221,
                    "8": 763.5804376469013,
                    "9": 790.8511675032001,
                    "10": 792.7488352265017,
                    "11": 768.5847117774011,
                    "12": 752.6413726624709,
                    "13": 732.3531805253411,
                    "14": 720.9964821166362,
                    "15": 717.6826289472846,
                    "16": 739.5042370239638,
                    "17": 771.8085487660215,
                    "18": 830.4384199831251,
                    "19": 874.6342939637389,
                    "20": 906.2582503484325,
                    "21": 888.2916393346605,
                    "22": 870.809651025645,
                    "23": 715.9972665569113,
                    "24": 763.4265727011159
                },
                "load payment": 18023.905548770774
            },
            "b7": {
                "DAM hourly load payments": {
                    "1": 0.0,
                    "2": 0.0,
                    "3": 0.0,
                    "4": 0.0,
                    "5": 0.0,
                    "6": 0.0,
                    "7": 0.0,
                    "8": 0.0,
                    "9": 0.0,
                    "10": 0.0,
                    "11": 0.0,
                    "12": 0.0,
                    "13": 0.0,
                    "14": 0.0,
                    "15": 0.0,
                    "16": 0.0,
                    "17": 0.0,
                    "18": 0.0,
                    "19": 0.0,
                    "20": 0.0,
                    "21": 0.0,
                    "22": 0.0,
                    "23": 0.0,
                    "24": 0.0
                },