{
    "total load_payment": 421003.6036919353,
    "detailed load payment results": {
        "load payments": {
            "b1": {
                "DAM hourly load payments": {
                    "1": 0.0,
                    "2": 0.0,
                    "3": 0.0,
                    "4": 0.0,
                    "5": 0.0,
                    "6": 0.0,
                    "7": 0.0,
                    "8": 0.0,
                    "9": 0.0,
                    "10": 0.0,
                    "11": 0.0,
                    "12": 0.0,
                    "13": 0.0,
                    "14": 0.0,
                    "15": 0.0,
                    "16": 0.0,
                    "17": 0.0,
                    "18": 0.0,
                    "19": 0.0,
                    "20": 0.0,
                    "21": 0.0,
                    "22": 0.0,
                    "23": 0.0,
                    "24": 0.0
                },
                "load payment": 0.0
            },
            "LOAD_WEST": {
                "DAM hourly load payments": {
                    "1": 1175.3875092784644,
                    "2": 1134.4828800796056,
                    "3": 989.8102436799949,
                    "4": 994.7373031839733,
                    "5": 1001.7667479691261,
                    "6": 1176.1802803874443,
                    "7": 1274.324135091978,
                    "8": 1376.1680751044648,
                    "9": 1420.2686990343516,
                    "10": 1471.0368045344237,
                    "11": 1502.82823280148,
                    "12": 1526.3915502131842,
                    "13": 1516.5222129763793,
                    "14": 1522.581561372527,
                    "15": 1520.090414924316,
                    "16": 1503.2793613056094,
                    "17": 1501.6192939417376,
                    "18": 1491.368958084635,
                    "19": 1507.2097208914254,
                    "20": 1555.5599477927847,
                    "21": 1526.9410678767035,
                    "22": 1469.8205390655771,
                    "23": 11123.549231148032,
                    "24": 1299.6752163425888
                },
                "load payment": 42581.599987080815
            },
            "LOAD_N.Y.C.": {
                "DAM hourly load payments": {
                    "1": 3850.257787822904,
                    "2": 3670.0233216769307,
                    "3": 3132.7846963747497,
                    "4": 3082.959479729891,
                    "5": 3085.10055842582,
                    "6": 3633.498714015277,
                    "7": 3965.634516455401,
                    "8": 4328.865692041608,
                    "9": 4637.5700621885,
                    "10": 4857.911991162272,
                    "11": 4916.336709147637,
                    "12": 4976.036308112365,
                    "13": 5048.792446762311,
                    "14": 5089.354176939134,
                    "15": 5133.366878922086,
                    "16": 5189.921143408993,
                    "17": 5236.383122990337,
                    "18": 5249.227183098479,
                    "19": 5188.223394959512,
                    "20": 5138.796113437656,
                    "21": 4963.39007524232,
                    "22": 4764.318142711679,
                    "23": 35735.50638538173,
                    "24": 4155.840897641007
                },
                "load payment": 139030.0997986486
            },
            "LOAD_LONGIL": {
                "DAM hourly load payments": {
                    "1": 1469.8351922837858,
                    "2": 1395.9726916976977,
                    "3": 1195.1151590456768,
                    "4": 1178.799109761296,
                    "5": 1194.8442997252112,
                    "6": 1421.3237729483085,
                    "7": 1540.3859336705498,
                    "8": 1652.4509022244943,
                    "9": 1733.3838637076058,
                    "10": 1819.4383298147166,
                    "11": 1853.1127722351744,
                    "12": 1803.121318952362,
                    "13": 1779.7558278995243,
                    "14": 1765.080042539395,
                    "15": 1799.582425199298,
                    "16": 1889.1475240254586,
                    "17": 1970.3505343145323,
                    "18": 2058.5444555652016,
                    "19": 2163.2019268941353,
                    "20": 2195.5501994338147,
                    "21": 2097.626151794689,
                    "22": 1958.5102600981616,
                    "23": 14246.404640122122,
                    "24": 1616.0728328995217
                },
                "load payment": 53797.61016685273
            },
            "LOAD_DUNWOD": {
                "DAM hourly load payments": {
                    "1": 419.8139103634551,
                    "2": 396.39273488335533,
                    "3": 334.4080762979722,
                    "4": 330.83531285460396,
                    "5": 331.40282759549797,
                    "6": 393.99683787041147,
                    "7": 436.1704867613517,
                    "8": 487.2536487620988,
                    "9": 512.8831525886355,
                    "10": 531.4128882025037,
                    "11": 548.7263580837571,
                    "12": 552.3238670835706,
                    "13": 556.888527083255,
                    "14": 560.9696116269654,
                    "15": 569.1537613330041,
                    "16": 587.8080543132443,
                    "17": 584.5622366180831,
                    "18": 586.6504037394561,
                    "19": 594.1091902175724,
                    "20": 595.6185320080899,
                    "21": 581.0819581117689,
                    "22": 544.5353700073429,
                    "23": 4009.9473444766063,
                    "24": 449.82050552316923
                },
                "load payment": 15496.76559640577
            },
            "LOAD_HUD VL": {
                "DAM hourly load payments": {
                    "1": 707.7728890617096,
                    "2": 680.4054440966314,
                    "3": 580.1355212433713,
                    "4": 577.8461150306994,
                    "5": 583.1278717797817,
                    "6": 695.1764788920281,
                    "7": 753.9089267689629,
                    "8": 803.3728433585658,
                    "9": 839.9853735826143,
                    "10": 841.3628311338872,
                    "11": 825.8884137291859,
                    "12": 823.3386517704565,
                    "13": 818.3343776399568,
                    "14": 828.4601563944559,
                    "15": 838.4760317041738,
                    "16": 870.3794572101932,
                    "17": 898.3734570277693,
                    "18": 940.6350290965638,
                    "19": 976.7566565521514,
                    "20": 999.9389753435587,
                    "21": 963.7294241825796,
                    "22": 910.6679985931634,
                    "23": 6658.9672685883415,
                    "24": 757.9167422322555
                },
                "load payment": 25174.95693501306
            },
            "b7": {
                "DAM hourly load payments": {
                    "1": 0.0,
                    "2": 0.0,
                    "3": 0.0,
                    "4": 0.0,
                    "5": 0.0,
                    "6": 0.0,
                    "7": 0.0,
                    "8": 0.0,
                    "9": 0.0,
                    "10": 0.0,
                    "11": 0.0,
                    "12": 0.0,
                    "13": 0.0,
                    "14": 0.0,
                    "15": 0.0,
                    "16": 0.0,
                    "17": 0.0,
                    "18": 0.0,
                    "19": 0.0,
                    "20": 0.0,
                    "21": 0.0,
                    "22": 0.0,
                    "23": 0.0,
                    "24": 0.0
                },