{
    "total load_payment": 341020.64052161516,
    "detailed load payment results": {
        "load payments": {
            "b1": {
                "DAM hourly load payments": {
                    "1": 0.0,
                    "2": 0.0,
                    "3": 0.0,
                    "4": 0.0,
                    "5": 0.0,
                    "6": 0.0,
                    "7": 0.0,
                    "8": 0.0,
                    "9": 0.0,
                    "10": 0.0,
                    "11": 0.0,
                    "12": 0.0,
                    "13": 0.0,
                    "14": 0.0,
                    "15": 0.0,
                    "16": 0.0,
                    "17": 0.0,
                    "18": 0.0,
                    "19": 0.0,
                    "20": 0.0,
                    "21": 0.0,
                    "22": 0.0,
                    "23": 0.0,
                    "24": 0.0
                },
                "load payment": 0.0
            },
            "LOAD_WEST": {
                "DAM hourly load payments": {
                    "1": 1240.4298856061123,
                    "2": 1209.927991536629,
                    "3": 1190.2332784761,
                    "4": 1178.5248884989744,
                    "5": 1188.489476050275,
                    "6": 1250.746163582837,
                    "7": 1368.4015590864692,
                    "8": 2553.239922997307,
                    "9": 1479.9536447808719,
                    "10": 1481.1992175653634,
                    "11": 1489.789486937822,
                    "12": 1488.1455525333226,
                    "13": 1483.1555004474915,
                    "14": 1485.2949564702785,
                    "15": 1463.4241534622136,
                    "16": 1436.8274985478831,
                    "17": 1429.6691148246964,
                    "18": 1451.9868585726813,
                    "19": 1480.708315412362,
                    "20": 1511.3274396236534,
                    "21": 1508.4626211642492,
                    "22": 1452.1627042250075,
                    "23": 1385.1068960574537,
                    "24": 1149.8107136979818
                },
                "load payment": 34357.017840158034
            },
            "LOAD_N.Y.C.": {
                "DAM hourly load payments": {
                    "1": 3832.1896470463917,
                    "2": 3631.0002400787334,
                    "3": 3509.337029375577,
                    "4": 3459.4994410385493,
                    "5": 3466.5332671315955,
                    "6": 3642.0052474465538,
                    "7": 4093.7747089789796,
                    "8": 7862.910018597567,
                    "9": 4869.202747715124,
                    "10": 5023.990883175218,
                    "11": 5075.791034721848,
                    "12": 5125.378399970985,
                    "13": 5145.001999291257,
                    "14": 5173.217899880499,
                    "15": 5182.083451225533,
                    "16": 5202.115201493279,
                    "17": 5234.470801521291,
                    "18": 5241.81968499424,
                    "19": 5206.431793745232,
                    "20": 5113.913953633505,
                    "21": 4945.146088813481,
                    "22": 4740.916016854863,
                    "23": 4464.955573723842,
                    "24": 3645.482695827791
                },
                "load payment": 112887.16782628192
            },
            "LOAD_LONGIL": {
                "DAM hourly load payments": {
                    "1": 1418.6641074568756,
                    "2": 1343.5120717939863,
                    "3": 1301.3750573553323,
                    "4": 1289.6446875508939,
                    "5": 1317.4649345431749,
                    "6": 1414.707580279537,
                    "7": 1610.9586557638552,
                    "8": 3025.533602524808,
                    "9": 1756.2950874114194,
                    "10": 1705.6075781284062,
                    "11": 1652.58487990623,
                    "12": 1627.337729590742,
                    "13": 1601.587547289155,
                    "14": 1596.2242548932072,
                    "15": 1628.0303372577,
                    "16": 1683.5682560771193,
                    "17": 1771.916042273574,
                    "18": 1885.138661665075,
                    "19": 2029.202305775766,
                    "20": 2040.7767180711558,
                    "21": 1984.7552237078403,
                    "22": 1881.6070954003435,
                    "23": 1717.6456778244153,
                    "24": 1360.6940417748929
                },
                "load payment": 40644.832134315504
            },
            "LOAD_DUNWOD": {
                "DAM hourly load payments": {
                    "1": 434.1629155932691,
                    "2": 418.3148261773746,
                    "3": 409.5371973947352,
                    "4": 405.8224579893452,
                    "5": 410.3431565759481,
                    "6": 438.2513270098521,
                    "7": 496.82258306812884,
                    "8": 954.2396540137888,
                    "9": 569.8058556563545,
                    "10": 570.2161622077565,
                    "11": 565.6703427508763,
                    "12": 573.9550372202336,
                    "13": 565.402387475328,
                    "14": 569.7618942432729,
                    "15": 568.3258214452503,
                    "16": 577.5943526446594,
                    "17": 583.4485475452994,
                    "18": 581.155227104264,
                    "19": 615.7737932726525,
                    "20": 610.6386815362306,
                    "21": 592.7976746979989,
                    "22": 559.6287885279784,
                    "23": 509.32227812903085,
                    "24": 414.550189972842
                },
                "load payment": 12995.541152252472
            },
            "LOAD_HUD VL": {
                "DAM hourly load payments": {
                    "1": 712.0210269751299,
                    "2": 670.1258003084241,
                    "3": 661.5606516303969,
                    "4": 660.4909239706948,
                    "5": 677.5479522463314,
                    "6": 720.857271004519,
                    "7": 814.6855803541891,
                    "8": 1529.4028144452443,
                    "9": 895.244870089876,
                    "10": 861.467850745818,
                    "11": 824.1446110395925,
                    "12": 815.3859459796369,
                    "13": 793.6793517740867,
                    "14": 791.4886079928825,
                    "15": 809.1098077657065,
                    "16": 824.4450140582906,
                    "17": 857.7238037610149,
                    "18": 898.9303013003927,
                    "19": 971.9617228021416,
                    "20": 973.6207421259257,
                    "21": 947.1926062548173,
                    "22": 897.1425374614863,
                    "23": 827.4563708543759,
                    "24": 670.4284104300635
                },
                "load payment": 20106.114575371037
            },
            "b7": {
                "DAM hourly load payments": {
                    "1": 0.0,
                    "2": 0.0,
                    "3": 0.0,
                    "4": 0.0,
                    "5": 0.0,
                    "6": 0.0,
                    "7": 0.0,
                    "8": 0.0,
                    "9": 0.0,
                    "10": 0.0,
                    "11": 0.0,
                    "12": 0.0,
                    "13": 0.0,
                    "14": 0.0,
                    "15": 0.0,
                    "16": 0.0,
                    "17": 0.0,
                    "18": 0.0,
                    "19": 0.0,
                    "20": 0.0,
                    "21": 0.0,
                    "22": 0.0,
                    "23": 0.0,
                    "24": 0.0
                },