{
    "total cost": 306637.5701804237,
    "detailed cost results": {
        "generator costs": {
            "g1": {
                "variable production cost": 210741.63572301675,
                "fixed commitment cost": 28392.007151228667,
                "startup cost": 0.0,
                "total generator cost": 239133.64287424542
            },
            "g2": {
                "variable production cost": 0.0,
                "fixed commitment cost": 0.0,
                "startup cost": 0.0,
                "total generator cost": 0.0
            },
            "g3": {
                "variable production cost": 11785.553330443132,
                "fixed commitment cost": 4594.013150042209,
                "startup cost": 5297.28,
                "total generator cost": 21676.84648048534
            },
            "g4": {
                "variable production cost": 0.0,
                "fixed commitment cost": 0.0,
                "startup cost": 0.0,
                "total generator cost": 0.0
            },
            "g5": {
                "variable production cost": 26289.58351188938,
                "fixed commitment cost": 11485.91731380352,
                "startup cost": 8051.58,
                "total generator cost": 45827.0808256929
            }
        },
        "total cost of generators": 306637.5701804237,
        "load curtailment cost": 0.0,
        "up-FRP shortfall penalty": 0.0,
        "down-FRP shortfall penalty": 0.0,
        "line overflow penalty": 0.0,
        "total cost": 306637.5701804237
    }
}
