{
    "total cost": 303141.61994774605,
    "detailed cost results": {
        "generator costs": {
            "g1": {
                "variable production cost": 219007.40754967873,
                "fixed commitment cost": 28392.00715122869,
                "startup cost": 0.0,
                "total generator cost": 247399.41470090733
            },
            "g2": {
                "variable production cost": 0.0,
                "fixed commitment cost": 0.0,
                "startup cost": 0.0,
                "total generator cost": 0.0
            },
            "g3": {
                "variable production cost": 3367.3009515551803,
                "fixed commitment cost": 1312.5751857263456,
                "startup cost": 4605.95,
                "total generator cost": 9285.826137281525
            },
            "g4": {
                "variable production cost": 0.0,
                "fixed commitment cost": 0.0,
                "startup cost": 0.0,
                "total generator cost": 0.0
            },
            "g5": {
                "variable production cost": 27836.029600824026,
                "fixed commitment cost": 12161.559508733144,
                "startup cost": 6458.79,
                "total generator cost": 46456.379109557165
            }
        },
        "total cost of generators": 303141.61994774605,
        "load curtailment cost": 0.0,
        "line overflow penalty": 0.0,
        "up-FRP shortfall penalty": 0.0,
        "down-FRP shortfall penalty": 0.0,
        "total cost": 303141.61994774605
    }
}
