{
    "total load_payment": 548511.3358235322,
    "detailed load payment results": {
        "load payments": {
            "b1": {
                "DAM hourly load payments": {
                    "1": 0.0,
                    "2": 0.0,
                    "3": 0.0,
                    "4": 0.0,
                    "5": 0.0,
                    "6": 0.0,
                    "7": 0.0,
                    "8": 0.0,
                    "9": 0.0,
                    "10": 0.0,
                    "11": 0.0,
                    "12": 0.0,
                    "13": 0.0,
                    "14": 0.0,
                    "15": 0.0,
                    "16": 0.0,
                    "17": 0.0,
                    "18": 0.0,
                    "19": 0.0,
                    "20": 0.0,
                    "21": 0.0,
                    "22": 0.0,
                    "23": 0.0,
                    "24": 0.0
                },
                "load payment": 0.0
            },
            "LOAD_WEST": {
                "DAM hourly load payments": {
                    "1": 1239.1026694437023,
                    "2": 1190.3944700309896,
                    "3": 1167.24878604356,
                    "4": 1017.2702192921096,
                    "5": 1164.3253520736375,
                    "6": 1232.4362350343763,
                    "7": 1355.9311709895208,
                    "8": 11701.79309975736,
                    "9": 1500.8499692128107,
                    "10": 1530.7437301082566,
                    "11": 1543.7636358687244,
                    "12": 1547.9253160140336,
                    "13": 1550.0940793524658,
                    "14": 1540.7156442686617,
                    "15": 12195.237992251,
                    "16": 1513.9724510176497,
                    "17": 1499.457858091638,
                    "18": 1505.9568206186016,
                    "19": 1533.9382600450006,
                    "20": 1562.938138581379,
                    "21": 1523.3875209054313,
                    "22": 1490.6729020844346,
                    "23": 1409.9524210576267,
                    "24": 1322.1101911116098
                },
                "load payment": 54840.218933254575
            },
            "LOAD_N.Y.C.": {
                "DAM hourly load payments": {
                    "1": 3833.717830171019,
                    "2": 3640.129560781485,
                    "3": 3520.2980753303164,
                    "4": 3049.0246762943957,
                    "5": 3467.6103217520936,
                    "6": 3641.6022681197164,
                    "7": 4085.0117336783164,
                    "8": 36335.34394387524,
                    "9": 4856.072938421952,
                    "10": 5065.036188895939,
                    "11": 5190.736522993493,
                    "12": 5261.975992892125,
                    "13": 5333.20080869332,
                    "14": 5366.801982385052,
                    "15": 42764.42600688798,
                    "16": 5400.996634274155,
                    "17": 5454.519654700928,
                    "18": 5505.185183277401,
                    "19": 5421.130961465501,
                    "20": 5271.12729342219,
                    "21": 5088.855948177029,
                    "22": 4878.002356940536,
                    "23": 4586.11322817656,
                    "24": 4173.64526993903
                },
                "load payment": 181190.56538154575
            },
            "LOAD_LONGIL": {
                "DAM hourly load payments": {
                    "1": 1451.0720426679327,
                    "2": 1383.2458626105927,
                    "3": 1344.1495122836686,
                    "4": 1174.5685448789172,
                    "5": 1364.7967232137833,
                    "6": 1449.8254227225816,
                    "7": 1631.1882323904665,
                    "8": 14031.926820754185,
                    "9": 1768.5896289768139,
                    "10": 1777.403892299662,
                    "11": 1832.6414078366145,
                    "12": 1825.7687732984577,
                    "13": 1876.9691663202414,
                    "14": 1858.5786415547218,
                    "15": 15182.461711214155,
                    "16": 1963.4119576567537,
                    "17": 2003.2263446904183,
                    "18": 2086.518568382496,
                    "19": 2158.6372665427593,
                    "20": 2119.9658771284426,
                    "21": 2035.464713697394,
                    "22": 1907.002138064036,
                    "23": 1738.6006186461007,
                    "24": 1568.8949100539273
                },
                "load payment": 67534.90877788514
            },
            "LOAD_DUNWOD": {
                "DAM hourly load payments": {
                    "1": 430.074504176686,
                    "2": 400.7815492307136,
                    "3": 390.3187329173076,
                    "4": 340.0316316617642,
                    "5": 387.1388574296915,
                    "6": 413.1786677197074,
                    "7": 472.1748840751313,
                    "8": 4210.476810188257,
                    "9": 537.1425257367717,
                    "10": 548.4332820258544,
                    "11": 563.3068933931595,
                    "12": 564.3766211407846,
                    "13": 581.4263225435486,
                    "14": 587.0900178702716,
                    "15": 4692.191074889963,
                    "16": 596.702913589383,
                    "17": 603.1579143515737,
                    "18": 611.4080062651575,
                    "19": 631.219949731263,
                    "20": 614.2508442817895,
                    "21": 600.4176529947731,
                    "22": 565.8493284790161,
                    "23": 518.3636754780825,
                    "24": 478.84236511777976
                },
                "load payment": 20338.355025288427
            },
            "LOAD_HUD VL": {
                "DAM hourly load payments": {
                    "1": 729.0686349354031,
                    "2": 698.3636813404396,
                    "3": 686.5893495074602,
                    "4": 598.8635085441466,
                    "5": 695.3523245443542,
                    "6": 741.0575403154858,
                    "7": 824.3131298190459,
                    "8": 7026.001553602174,
                    "9": 878.2391298364249,
                    "10": 882.4667521013567,
                    "11": 908.4992361339597,
                    "12": 906.6894907092841,
                    "13": 916.199810032333,
                    "14": 915.9360415538438,
                    "15": 7416.555451776145,
                    "16": 940.2100681839569,
                    "17": 968.2940845339555,
                    "18": 997.2939630703341,
                    "19": 1015.8163720750979,
                    "20": 1000.5178003227229,
                    "21": 967.5320864141327,
                    "22": 908.1255641227665,
                    "23": 852.668241256638,
                    "24": 781.1723297523891
                },
                "load payment": 33255.82614448384
            },
            "b7": {
                "DAM hourly load payments": {
                    "1": 0.0,
                    "2": 0.0,
                    "3": 0.0,
                    "4": 0.0,
                    "5": 0.0,
                    "6": 0.0,
                    "7": 0.0,
                    "8": 0.0,
                    "9": 0.0,
                    "10": 0.0,
                    "11": 0.0,
                    "12": 0.0,
                    "13": 0.0,
                    "14": 0.0,
                    "15": 0.0,
                    "16": 0.0,
                    "17": 0.0,
                    "18": 0.0,
                    "19": 0.0,
                    "20": 0.0,
                    "21": 0.0,
                    "22": 0.0,
                    "23": 0.0,
                    "24": 0.0
                },