{
    "total cost": 301850.77456127276,
    "detailed cost results": {
        "generator costs": {
            "g1": {
                "variable production cost": 219702.9508775168,
                "fixed commitment cost": 28392.00715122869,
                "startup cost": 0.0,
                "total generator cost": 248094.9580287455
            },
            "g2": {
                "variable production cost": 0.0,
                "fixed commitment cost": 0.0,
                "startup cost": 0.0,
                "total generator cost": 0.0
            },
            "g3": {
                "variable production cost": 6734.601903110361,
                "fixed commitment cost": 2625.150371452691,
                "startup cost": 4605.95,
                "total generator cost": 13965.702274563053
            },
            "g4": {
                "variable production cost": 0.0,
                "fixed commitment cost": 0.0,
                "startup cost": 0.0,
                "total generator cost": 0.0
            },
            "g5": {
                "variable production cost": 23196.691334020023,
                "fixed commitment cost": 10134.632923944286,
                "startup cost": 6458.79,
                "total generator cost": 39790.114257964306
            }
        },
        "total cost of generators": 301850.77456127276,
        "load curtailment cost": 0.0,
        "line overflow penalty": 0.0,
        "up-FRP shortfall penalty": 0.0,
        "down-FRP shortfall penalty": 0.0,
        "total cost": 301850.77456127276
    }
}
