{
    "st-FRP": {
        "oos load_payments": {
            "1": 805516.1992485317,
            "2": 890691.5984496622,
            "3": 584851.3530800103,
            "4": 299437.8928649106,
            "5": 421991.2259156951,
            "6": 1.0279925119725069e6,
            "7": 579183.6290555504,
            "8": 376235.72148396395,
            "9": 472694.17041664355,
            "10": 470440.9387895126,
            "11": 313027.47491893615,
            "12": 557324.4200810229,
            "13": 373119.504448963,
            "14": 466249.97915386414,
            "15": 606300.4339471516,
            "16": 594736.2000117648,
            "17": 474286.7304025297,
            "18": 302082.9127583593,
            "19": 405583.08892975334,
            "20": 478323.8877010155,
            "21": 588995.4148791407,
            "22": 473406.01434052596,
            "23": 480778.0923764113,
            "24": 479512.9289640641,
            "25": 302246.5616504581,
            "26": 423169.0426918356,
            "27": 473106.398475501,
            "28": 482605.7367618051,
            "29": 589272.3004976296,
            "30": 837729.0852220128,
            "31": 466353.9168396824
        },
        "configuration load_payments": {
            "b1": {
                "load payment": 0.0
            },
            "LOAD_WEST": {
                "load payment": 1.376724707668934e6
            },
            "LOAD_N.Y.C.": {
                "load payment": 3.0907992475439887e6
            },
            "LOAD_LONGIL": {
                "load payment": 1.1287655567258622e6
            },
            "LOAD_DUNWOD": {
                "load payment": 848914.049314107
            },
            "LOAD_HUD VL": {
                "load payment": 953864.2203939173
            },
            "b7": {
                "load payment": 0.0
            },
            "b8": {
                "load payment": 0.0
            },
            "LOAD_CENTRL": {
                "load payment": 1.944372158329332e6
            },
            "LOAD_MHK VL": {
                "load payment": 818207.1788197093
            },
            "LOAD_MILLWD": {
                "load payment": 283038.25544843095
            },
            "LOAD_NORTH": {
                "load payment": 3.4515687697178116e6
            },
            "LOAD_GENESE": {
                "load payment": 693207.6119819499
            },
            "LOAD_CAPITL": {
                "load payment": 1.5077836103853723e6
            },
            "aggregate load payment": 1.6097245366329417e7
        }
    },
    "nf-FRP": {
        "oos load_payments": {
            "1": 646266.4380683256,
            "2": 467426.76344896306,
            "3": 372422.5535467002,
            "4": 301183.45362217684,
            "5": 338596.6201154337,
            "6": 426116.08425756,
            "7": 579208.1832436754,
            "8": 376235.72148396395,
            "9": 472738.4004411166,
            "10": 470440.9387895126,
            "11": 317982.3975461837,
            "12": 293889.2348750091,
            "13": 471790.33938971214,
            "14": 470953.8610502835,
            "15": 609033.8235363949,
            "16": 764085.4083353535,
            "17": 472654.0924778381,
            "18": 303966.0947348969,
            "19": 321752.22913040704,
            "20": 478374.1617255763,
            "21": 594453.3573752312,
            "22": 473406.01434052596,
            "23": 480820.13797421486,
            "24": 477880.3491616288,
            "25": 303927.65966643806,
            "26": 342669.44648841367,
            "27": 474711.6694081714,
            "28": 482690.0338277757,
            "29": 592540.1687375784,
            "30": 401223.085625586,
            "31": 466353.9168396824
        },
        "configuration load_payments": {
            "b1": {
                "load payment": 0.0
            },
            "LOAD_WEST": {
                "load payment": 1.1734437667525704e6
            },
            "LOAD_N.Y.C.": {
                "load payment": 2.3051206419704277e6
            },
            "LOAD_LONGIL": {
                "load payment": 840874.763555125
            },
            "LOAD_DUNWOD": {
                "load payment": 783014.3695705119
            },
            "LOAD_HUD VL": {
                "load payment": 832342.9590672103
            },
            "b7": {
                "load payment": 0.0
            },
            "b8": {
                "load payment": 0.0
            },
            "LOAD_CENTRL": {
                "load payment": 1.74330053929457e6
            },
            "LOAD_MHK VL": {
                "load payment": 718594.5501539267
            },
            "LOAD_MILLWD": {
                "load payment": 248671.34585456867
            },
            "LOAD_NORTH": {
                "load payment": 3.488158220276224e6
            },
            "LOAD_GENESE": {
                "load payment": 552559.5630255648
            },
            "LOAD_CAPITL": {
                "load payment": 1.35971191974363e6
            },
            "aggregate load payment": 1.404579263926433e7
        }
    },
    "90-FRP": {
        "oos load_payments": {
            "1": 698771.7145771804,
            "2": 361000.39526158094,
            "3": 375134.3453744655,
            "4": 314255.6374724993,
            "5": 341806.40102139063,
            "6": 561569.4401138973,
            "7": 371664.19231685344,
            "8": 522756.8328983284,
            "9": 371602.0165063706,
            "10": 623245.2954805238,
            "11": 415372.75027476123,
            "12": 308339.9526836593,
            "13": 541775.4556976233,
            "14": 369347.9674939868,
            "15": 393908.69621662796,
            "16": 385258.9862001965,
            "17": 371972.4403300852,
            "18": 316850.9092072804,
            "19": 326711.5208573144,
            "20": 378259.088454963,
            "21": 389382.55635959364,
            "22": 370025.234151003,
            "23": 377598.36609123147,
            "24": 375788.3380491248,
            "25": 317191.33310662734,
            "26": 420553.65841867455,
            "27": 376474.7978874818,
            "28": 380256.91396545013,
            "29": 387852.7381996573,
            "30": 403837.1741564589,
            "31": 500087.8185216575
        },
        "configuration load_payments": {
            "b1": {
                "load payment": 0.0
            },
            "LOAD_WEST": {
                "load payment": 948438.6452722511
            },
            "LOAD_N.Y.C.": {
                "load payment": 988432.8682608238
            },
            "LOAD_LONGIL": {
                "load payment": 330047.7547468034
            },
            "LOAD_DUNWOD": {
                "load payment": 809590.1359667443
            },
            "LOAD_HUD VL": {
                "load payment": 743661.3300814476
            },
            "b7": {
                "load payment": 0.0
            },
            "b8": {
                "load payment": 0.0
            },
            "LOAD_CENTRL": {
                "load payment": 1.7074879474429898e6
            },
            "LOAD_MHK VL": {
                "load payment": 652927.3422347246
            },
            "LOAD_MILLWD": {
                "load payment": 224738.22624528402
            },
            "LOAD_NORTH": {
                "load payment": 4.5705021358558955e6
            },
            "LOAD_GENESE": {
                "load payment": 324705.6887045469
            },
            "LOAD_CAPITL": {
                "load payment": 1.3481208925350367e6
            },
            "aggregate load payment": 1.2648652967346547e7
        }
    },
    "95-FRP": {
        "oos load_payments": {
            "1": 537804.0532114524,
            "2": 361000.39526158094,
            "3": 378397.0032924479,
            "4": 299639.90394535224,
            "5": 341806.40102139063,
            "6": 456348.2008402606,