{
    "total cost": 350443.11490895983,
    "detailed cost results": {
        "generator costs": {
            "g1": {
                "variable production cost": 237082.51742895306,
                "fixed commitment cost": 28392.007151228667,
                "startup cost": 0.0,
                "total generator cost": 265474.5245801817
            },
            "g2": {
                "variable production cost": 0.0,
                "fixed commitment cost": 0.0,
                "startup cost": 0.0,
                "total generator cost": 0.0
            },
            "g3": {
                "variable production cost": 1683.6504757775901,
                "fixed commitment cost": 656.2875928631728,
                "startup cost": 5297.28,
                "total generator cost": 7637.218068640763
            },
            "g4": {
                "variable production cost": 0.0,
                "fixed commitment cost": 0.0,
                "startup cost": 0.0,
                "total generator cost": 0.0
            },
            "g5": {
                "variable production cost": 26289.58351188938,
                "fixed commitment cost": 11485.91731380352,
                "startup cost": 8051.58,
                "total generator cost": 45827.0808256929
            }
        },
        "total cost of generators": 318938.82347451535,
        "load curtailment cost": 0.0,
        "up-FRP shortfall penalty": 31504.291434444494,
        "down-FRP shortfall penalty": 0.0,
        "line overflow penalty": 0.0,
        "total cost": 350443.11490895983
    }
}
