{
    "total cost": 305865.3897933165,
    "detailed cost results": {
        "generator costs": {
            "g1": {
                "variable production cost": 209527.22458363176,
                "fixed commitment cost": 28392.007151228667,
                "startup cost": 0.0,
                "total generator cost": 237919.23173486043
            },
            "g2": {
                "variable production cost": 0.0,
                "fixed commitment cost": 0.0,
                "startup cost": 0.0,
                "total generator cost": 0.0
            },
            "g3": {
                "variable production cost": 11785.553330443132,
                "fixed commitment cost": 4594.013150042209,
                "startup cost": 5297.28,
                "total generator cost": 21676.84648048534
            },
            "g4": {
                "variable production cost": 0.0,
                "fixed commitment cost": 0.0,
                "startup cost": 0.0,
                "total generator cost": 0.0
            },
            "g5": {
                "variable production cost": 26289.58351188938,
                "fixed commitment cost": 11485.91731380352,
                "startup cost": 8051.58,
                "total generator cost": 45827.0808256929
            }
        },
        "total cost of generators": 305423.15904103866,
        "load curtailment cost": 0.0,
        "up-FRP shortfall penalty": 442.2307522778283,
        "down-FRP shortfall penalty": 0.0,
        "line overflow penalty": 0.0,
        "total cost": 305865.3897933165
    }
}
