{
    "total load_payment": 653732.7267019355,
    "detailed load payment results": {
        "load payments": {
            "b1": {
                "DAM hourly load payments": {
                    "1": 0.0,
                    "2": 0.0,
                    "3": 0.0,
                    "4": 0.0,
                    "5": 0.0,
                    "6": 0.0,
                    "7": 0.0,
                    "8": 0.0,
                    "9": 0.0,
                    "10": 0.0,
                    "11": 0.0,
                    "12": 0.0,
                    "13": 0.0,
                    "14": 0.0,
                    "15": 0.0,
                    "16": 0.0,
                    "17": 0.0,
                    "18": 0.0,
                    "19": 0.0,
                    "20": 0.0,
                    "21": 0.0,
                    "22": 0.0,
                    "23": 0.0,
                    "24": 0.0
                },
                "load payment": 0.0
            },
            "LOAD_WEST": {
                "DAM hourly load payments": {
                    "1": 1243.345992087702,
                    "2": 1221.5557852966956,
                    "3": 1062.6907479796027,
                    "4": 1054.5778659125867,
                    "5": 1210.2430480373039,
                    "6": 1260.2564829058858,
                    "7": 1389.949978105527,
                    "8": 1495.882329534597,
                    "9": 1503.3557697584583,
                    "10": 1513.7819521471154,
                    "11": 1515.5337476370667,
                    "12": 1514.5586034851463,
                    "13": 1514.785737159658,
                    "14": 1499.9341070264309,
                    "15": 1497.0546344695902,
                    "16": 1475.0372931248437,
                    "17": 1466.5161055961296,
                    "18": 1475.4402724516817,
                    "19": 11938.915112614544,
                    "20": 12276.943823531787,
                    "21": 1506.9752597285808,
                    "22": 11767.683024988552,
                    "23": 1386.4843530811897,
                    "24": 1282.0759970125368
                },
                "load payment": 65073.57802367322
            },
            "LOAD_N.Y.C.": {
                "DAM hourly load payments": {
                    "1": 3847.400295972604,
                    "2": 3649.9476091168763,
                    "3": 3114.637121903544,
                    "4": 3071.2351405725876,
                    "5": 3497.93637016925,
                    "6": 3659.2381213745175,
                    "7": 4118.429735108618,
                    "8": 4615.31825968091,
                    "9": 4920.3738325420345,
                    "10": 5107.3710296934605,
                    "11": 5170.2378488858985,
                    "12": 5220.110073541064,
                    "13": 5232.324019768628,
                    "14": 5240.911148537735,
                    "15": 5226.638343383672,
                    "16": 5257.538820638685,
                    "17": 5300.119845349463,
                    "18": 5347.048653814005,
                    "19": 42378.59937493681,
                    "20": 41496.81832343993,
                    "21": 5052.411936732434,
                    "22": 38508.71917780254,
                    "23": 4554.028723236142,
                    "24": 4228.443171345167
                },
                "load payment": 217815.8369775466
            },
            "LOAD_LONGIL": {
                "DAM hourly load payments": {
                    "1": 1411.3445321787995,
                    "2": 1342.0393644557548,
                    "3": 1144.245199307593,
                    "4": 1126.2008090814606,
                    "5": 1303.0309378342224,
                    "6": 1387.9936952233986,
                    "7": 1575.7162556906699,
                    "8": 1735.5086656329563,
                    "9": 1777.784890919959,
                    "10": 1787.6322474502238,
                    "11": 1801.4427921911367,
                    "12": 1822.3690912729712,
                    "13": 1841.4190363554856,
                    "14": 1812.3971771125662,
                    "15": 1827.424653777348,
                    "16": 1857.0883496512574,
                    "17": 1902.1883633316074,
                    "18": 1984.8797813379806,
                    "19": 16777.709801489364,
                    "20": 16570.060255554363,
                    "21": 2001.8635408848909,
                    "22": 15051.849096317437,
                    "23": 1721.3384365232646,
                    "24": 1557.2597896847562
                },
                "load payment": 83120.78676325947
            },
            "LOAD_DUNWOD": {
                "DAM hourly load payments": {
                    "1": 440.1856291854398,
                    "2": 415.29614250841666,
                    "3": 354.70962724422856,
                    "4": 351.0659245066163,
                    "5": 400.5837228718467,
                    "6": 428.30139381975636,
                    "7": 486.4769971602992,
                    "8": 553.1444800984516,
                    "9": 568.7288010358568,
                    "10": 582.5033771640464,
                    "11": 582.4567514255637,
                    "12": 580.297979549174,
                    "13": 584.0786610741862,
                    "14": 580.5397673211224,
                    "15": 578.3270429213002,
                    "16": 577.6265910435601,
                    "17": 583.3752784648816,
                    "18": 602.3885896226468,
                    "19": 4971.216504191264,
                    "20": 4942.502738986087,
                    "21": 601.135689349823,
                    "22": 4524.869194893831,
                    "23": 521.4702819732036,
                    "24": 475.25950995163436
                },
                "load payment": 25286.540676363238
            },
            "LOAD_HUD VL": {
                "DAM hourly load payments": {
                    "1": 705.7858331904241,
                    "2": 670.7852215046472,
                    "3": 578.8328168409676,
                    "4": 570.3781366235721,
                    "5": 654.0066155411679,
                    "6": 691.6595658455051,
                    "7": 783.0626705148952,
                    "8": 859.577509983312,
                    "9": 865.9665687138032,
                    "10": 870.0549801303863,
                    "11": 875.7752924817886,
                    "12": 868.2159276538342,
                    "13": 853.3642969051472,
                    "14": 870.5458825471558,
                    "15": 872.5241461358249,
                    "16": 877.2236211942414,
                    "17": 890.9000168039079,
                    "18": 926.6040108352208,
                    "19": 7850.471799645939,
                    "20": 7862.727675038392,
                    "21": 955.7943891213621,
                    "22": 7115.352726013205,
                    "23": 674.448672624083,
                    "24": 624.4865266569151
                },
                "load payment": 39368.5449025457
            },
            "b7": {
                "DAM hourly load payments": {
                    "1": 0.0,
                    "2": 0.0,
                    "3": 0.0,
                    "4": 0.0,
                    "5": 0.0,
                    "6": 0.0,
                    "7": 0.0,
                    "8": 0.0,
                    "9": 0.0,
                    "10": 0.0,
                    "11": 0.0,
                    "12": 0.0,
                    "13": 0.0,
                    "14": 0.0,
                    "15": 0.0,
                    "16": 0.0,
                    "17": 0.0,
                    "18": 0.0,
                    "19": 0.0,
                    "20": 0.0,
                    "21": 0.0,
                    "22": 0.0,
                    "23": 0.0,
                    "24": 0.0
                },