{
    "total load_payment": 295070.7156871621,
    "detailed load payment results": {
        "load payments": {
            "b1": {
                "DAM hourly load payments": {
                    "1": 0.0,
                    "2": 0.0,
                    "3": 0.0,
                    "4": 0.0,
                    "5": 0.0,
                    "6": 0.0,
                    "7": 0.0,
                    "8": 0.0,
                    "9": 0.0,
                    "10": 0.0,
                    "11": 0.0,
                    "12": 0.0,
                    "13": 0.0,
                    "14": 0.0,
                    "15": 0.0,
                    "16": 0.0,
                    "17": 0.0,
                    "18": 0.0,
                    "19": 0.0,
                    "20": 0.0,
                    "21": 0.0,
                    "22": 0.0,
                    "23": 0.0,
                    "24": 0.0
                },
                "load payment": 0.0
            },
            "LOAD_WEST": {
                "DAM hourly load payments": {
                    "1": 1189.5885113773136,
                    "2": 1134.7906099711763,
                    "3": 969.5151417393819,
                    "4": 961.5118934648016,
                    "5": 960.1189026738348,
                    "6": 976.4671973733751,
                    "7": 1168.2892067393084,
                    "8": 1217.0350863584015,
                    "9": 1123.9952403290965,
                    "10": 1175.4327153497932,
                    "11": 1366.3646799872818,
                    "12": 1372.914930536431,
                    "13": 1369.6471318709607,
                    "14": 1349.2270554945862,
                    "15": 1155.4526947700729,
                    "16": 1309.6691112095345,
                    "17": 1308.1231342633482,
                    "18": 1329.327189466086,
                    "19": 1331.2175302285923,
                    "20": 1378.99625963912,
                    "21": 1378.6738756501124,
                    "22": 1351.1540310610696,
                    "23": 1303.0382644433264,
                    "24": 1249.485936700909
                },
                "load payment": 29430.03633069791
            },
            "LOAD_N.Y.C.": {
                "DAM hourly load payments": {
                    "1": 3867.314816098541,
                    "2": 3676.016727074228,
                    "3": 3114.6113260357465,
                    "4": 3045.4970563548623,
                    "5": 3018.888352118899,
                    "6": 3048.6957756909724,
                    "7": 3602.293437336489,
                    "8": 3785.8250103428063,
                    "9": 3545.7677717077545,
                    "10": 3716.0028546204826,
                    "11": 4347.146313274423,
                    "12": 4421.499716892741,
                    "13": 4411.8648399395515,
                    "14": 4405.666280695054,
                    "15": 3902.800892887524,
                    "16": 4449.188079645777,
                    "17": 4476.517425364286,
                    "18": 4493.984759575865,
                    "19": 4580.29566755236,
                    "20": 4629.876814899231,
                    "21": 4546.73845527371,
                    "22": 4447.048624502218,
                    "23": 4287.805732223452,
                    "24": 4095.6064342309674
                },
                "load payment": 95916.95316433795
            },
            "LOAD_LONGIL": {
                "DAM hourly load payments": {
                    "1": 1502.7549640727534,
                    "2": 1421.6021955242343,
                    "3": 1209.5416426341596,
                    "4": 1187.028073620342,
                    "5": 1187.0345231677043,
                    "6": 1211.6117817262907,
                    "7": 1444.0225161958188,
                    "8": 1530.326096683982,
                    "9": 1444.4411635344068,
                    "10": 1531.8319885732517,
                    "11": 1789.068320863706,
                    "12": 1773.5939034590047,
                    "13": 1730.790140335795,
                    "14": 1688.3893574186518,
                    "15": 1427.3457026254778,
                    "16": 1612.2848247654053,
                    "17": 1677.5308883875118,
                    "18": 1791.2004493981606,
                    "19": 1907.4344255857472,
                    "20": 1943.9810130747137,
                    "21": 1897.6969725881863,
                    "22": 1825.2192556349385,
                    "23": 1720.4885164565069,
                    "24": 1600.151474754901
                },
                "load payment": 38055.370191081645
            },
            "LOAD_DUNWOD": {
                "DAM hourly load payments": {
                    "1": 447.3806470971439,
                    "2": 409.77898516668364,
                    "3": 338.9288472855822,
                    "4": 334.672486535406,
                    "5": 334.163013077469,
                    "6": 344.55885173240625,
                    "7": 413.89670416268007,
                    "8": 442.06131611427776,
                    "9": 412.93793213872294,
                    "10": 437.95372509316746,
                    "11": 511.3151955513682,
                    "12": 512.5021537045698,
                    "13": 518.0925800387977,
                    "14": 488.946163165738,
                    "15": 427.83611599558265,
                    "16": 488.46258762184107,
                    "17": 500.32484228098366,
                    "18": 505.7540767965537,
                    "19": 525.2656173318838,
                    "20": 537.1498526096444,
                    "21": 528.8411455372337,
                    "22": 510.0916028579578,
                    "23": 493.6939957785441,
                    "24": 458.34901966098755
                },
                "load payment": 10922.957457335224
            },
            "LOAD_HUD VL": {
                "DAM hourly load payments": {
                    "1": 708.8777859397999,
                    "2": 679.2624473565114,
                    "3": 571.3132462339152,
                    "4": 579.5680064250889,
                    "5": 558.8021252151769,
                    "6": 590.5894011812654,
                    "7": 702.8037840616751,
                    "8": 748.032751161782,
                    "9": 694.5993802401164,
                    "10": 691.9746244183783,
                    "11": 789.2026145126424,
                    "12": 783.5828805990011,
                    "13": 763.3239960412847,
                    "14": 738.6689701754145,
                    "15": 657.3368765817556,
                    "16": 792.0088180769882,
                    "17": 826.921506936602,
                    "18": 862.7500585980554,
                    "19": 910.1038277114358,
                    "20": 919.0206670786555,
                    "21": 902.5058298574338,
                    "22": 871.7328407003574,
                    "23": 824.2764952788372,
                    "24": 767.317157758832
                },
                "load payment": 17934.576092141004
            },
            "b7": {
                "DAM hourly load payments": {
                    "1": 0.0,
                    "2": 0.0,
                    "3": 0.0,
                    "4": 0.0,
                    "5": 0.0,
                    "6": 0.0,
                    "7": 0.0,
                    "8": 0.0,
                    "9": 0.0,
                    "10": 0.0,
                    "11": 0.0,
                    "12": 0.0,
                    "13": 0.0,
                    "14": 0.0,
                    "15": 0.0,
                    "16": 0.0,
                    "17": 0.0,
                    "18": 0.0,
                    "19": 0.0,
                    "20": 0.0,
                    "21": 0.0,
                    "22": 0.0,
                    "23": 0.0,
                    "24": 0.0
                },