{
    "total cost": 397415.8834107196,
    "detailed cost results": {
        "generator costs": {
            "g1": {
                "variable production cost": 241587.28981510643,
                "fixed commitment cost": 28392.00715122869,
                "startup cost": 0.0,
                "total generator cost": 269979.29696633504
            },
            "g2": {
                "variable production cost": 0.0,
                "fixed commitment cost": 0.0,
                "startup cost": 0.0,
                "total generator cost": 0.0
            },
            "g3": {
                "variable production cost": 24475.88140302852,
                "fixed commitment cost": 9188.026300084413,
                "startup cost": 4605.95,
                "total generator cost": 38269.85770311295
            },
            "g4": {
                "variable production cost": 12775.039180586737,
                "fixed commitment cost": 5630.155554572681,
                "startup cost": 5317.09,
                "total generator cost": 23722.284735159417
            },
            "g5": {
                "variable production cost": 41177.451327801304,
                "fixed commitment cost": 16215.412678310859,
                "startup cost": 8051.58,
                "total generator cost": 65444.44400611215
            }
        },
        "total cost of generators": 397415.8834107196,
        "load curtailment cost": 0.0,
        "line overflow penalty": 0.0,
        "up-FRP shortfall penalty": 0.0,
        "down-FRP shortfall penalty": 0.0,
        "total cost": 397415.8834107196
    }
}
