{
    "total cost": 399568.0734440901,
    "detailed cost results": {
        "generator costs": {
            "g1": {
                "variable production cost": 242957.4220914108,
                "fixed commitment cost": 28392.007151228667,
                "startup cost": 0.0,
                "total generator cost": 271349.42924263945
            },
            "g2": {
                "variable production cost": 0.0,
                "fixed commitment cost": 0.0,
                "startup cost": 0.0,
                "total generator cost": 0.0
            },
            "g3": {
                "variable production cost": 24678.199483186276,
                "fixed commitment cost": 9188.026300084419,
                "startup cost": 5297.28,
                "total generator cost": 39163.505783270695
            },
            "g4": {
                "variable production cost": 12775.03918058674,
                "fixed commitment cost": 5630.1555545726815,
                "startup cost": 5317.09,
                "total generator cost": 23722.28473515942
            },
            "g5": {
                "variable production cost": 41065.86100470963,
                "fixed commitment cost": 16215.412678310848,
                "startup cost": 8051.58,
                "total generator cost": 65332.85368302048
            }
        },
        "total cost of generators": 399568.0734440901,
        "load curtailment cost": 0.0,
        "up-FRP shortfall penalty": 0.0,
        "down-FRP shortfall penalty": 0.0,
        "line overflow penalty": 0.0,
        "total cost": 399568.0734440901
    }
}
