{
    "total cost": 411010.4970441048,
    "detailed cost results": {
        "generator costs": {
            "g1": {
                "variable production cost": 241682.40954428242,
                "fixed commitment cost": 28392.007151228667,
                "startup cost": 0.0,
                "total generator cost": 270074.4166955111
            },
            "g2": {
                "variable production cost": 0.0,
                "fixed commitment cost": 0.0,
                "startup cost": 0.0,
                "total generator cost": 0.0
            },
            "g3": {
                "variable production cost": 25645.085147939993,
                "fixed commitment cost": 9844.313892947592,
                "startup cost": 5297.28,
                "total generator cost": 40786.67904088758
            },
            "g4": {
                "variable production cost": 12775.03918058674,
                "fixed commitment cost": 5630.1555545726815,
                "startup cost": 5317.09,
                "total generator cost": 23722.28473515942
            },
            "g5": {
                "variable production cost": 40317.19501983377,
                "fixed commitment cost": 16215.412678310848,
                "startup cost": 8051.58,
                "total generator cost": 64584.187698144626
            }
        },
        "total cost of generators": 399167.5681697027,
        "load curtailment cost": 0.0,
        "up-FRP shortfall penalty": 11842.928874402081,
        "down-FRP shortfall penalty": 0.0,
        "line overflow penalty": 0.0,
        "total cost": 411010.4970441048
    }
}
