{
    "st-FRP": {
        "oos load_payments": {
            "1": 545693.9184541263,
            "2": 581124.9126938165,
            "3": 478576.7484226413,
            "4": 299145.38725290116,
            "5": 514517.07991540787,
            "6": 819149.173315987,
            "7": 473777.5412581298,
            "8": 375750.52666240046,
            "9": 372834.16941376176,
            "10": 371270.5395046089,
            "11": 312685.5643220875,
            "12": 556927.0763819411,
            "13": 372737.3331440988,
            "14": 370610.85237511876,
            "15": 392013.6163131505,
            "16": 383465.32095202187,
            "17": 373188.30768445076,
            "18": 301705.0128590591,
            "19": 405194.19625688327,
            "20": 377839.89132630255,
            "21": 388171.63541061647,
            "22": 372822.18674412376,
            "23": 480409.49914658826,
            "24": 373949.4748832452,
            "25": 389173.31518800644,
            "26": 339048.15579022997,
            "27": 376026.80843001755,
            "28": 381485.893008832,
            "29": 387467.4958102659,
            "30": 726098.5323909989,
            "31": 367597.9835992382
        },
        "configuration load_payments": {
            "b1": {
                "load payment": 0.0
            },
            "LOAD_WEST": {
                "load payment": 1.1062559827317796e6
            },
            "LOAD_N.Y.C.": {
                "load payment": 2.1320999047139916e6
            },
            "LOAD_LONGIL": {
                "load payment": 784321.021741477
            },
            "LOAD_DUNWOD": {
                "load payment": 750588.8242607418
            },
            "LOAD_HUD VL": {
                "load payment": 786615.0855708075
            },
            "b7": {
                "load payment": 0.0
            },
            "b8": {
                "load payment": 0.0
            },
            "LOAD_CENTRL": {
                "load payment": 1.6418155971551626e6
            },
            "LOAD_MHK VL": {
                "load payment": 685150.4937316077
            },
            "LOAD_MILLWD": {
                "load payment": 229567.68520830604
            },
            "LOAD_NORTH": {
                "load payment": 3.3504183999653305e6
            },
            "LOAD_GENESE": {
                "load payment": 501677.42730160756
            },
            "LOAD_CAPITL": {
                "load payment": 1.2919477265302453e6
            },
            "aggregate load payment": 1.3260458148911055e7
        }
    },
    "nf-FRP": {
        "oos load_payments": {
            "1": 527961.0123487612,
            "2": 473430.17305586586,
            "3": 478576.7484226413,
            "4": 299145.38725290116,
            "5": 338245.9511321855,
            "6": 427336.08654709614,
            "7": 473804.0959297318,
            "8": 375839.90429062466,
            "9": 372880.4246970194,
            "10": 371355.09478145826,
            "11": 315914.9213753951,
            "12": 293600.9046784,
            "13": 375985.2086603764,
            "14": 370610.85237511876,
            "15": 470414.3792519046,
            "16": 460364.64130554534,
            "17": 373188.30768445076,
            "18": 301894.5832680637,
            "19": 321410.8584564222,
            "20": 377945.0819354348,
            "21": 388171.63541061647,
            "22": 372822.18674412376,
            "23": 480409.49914658826,
            "24": 378669.1549007095,
            "25": 302210.15647203004,
            "26": 342331.24419995316,
            "27": 376123.4429970541,
            "28": 381571.0054768676,
            "29": 387467.4958102659,
            "30": 512145.05739001214,
            "31": 367597.9835992382
        },
        "configuration load_payments": {
            "b1": {
                "load payment": 0.0
            },
            "LOAD_WEST": {
                "load payment": 968151.233201891
            },
            "LOAD_N.Y.C.": {
                "load payment": 1.4539114381853612e6
            },
            "LOAD_LONGIL": {
                "load payment": 534926.6288307025
            },
            "LOAD_DUNWOD": {
                "load payment": 739408.4726023269
            },
            "LOAD_HUD VL": {
                "load payment": 715337.9391183465
            },
            "b7": {
                "load payment": 0.0
            },
            "b8": {
                "load payment": 0.0
            },
            "LOAD_CENTRL": {
                "load payment": 1.554882904924339e6
            },
            "LOAD_MHK VL": {
                "load payment": 628355.9869895577
            },
            "LOAD_MILLWD": {
                "load payment": 209186.45628134103
            },
            "LOAD_NORTH": {
                "load payment": 3.667532552286027e6
            },
            "LOAD_GENESE": {
                "load payment": 388696.34295652364
            },
            "LOAD_CAPITL": {
                "load payment": 1.22903352422044e6
            },
            "aggregate load payment": 1.2089423479596857e7
        }
    },
    "90-FRP": {
        "oos load_payments": {
            "1": 699308.749094478,
            "2": 360521.95202340785,
            "3": 374728.6591553127,
            "4": 313945.87821320957,
            "5": 341499.4333308394,
            "6": 557278.9199758455,
            "7": 371232.6955175341,
            "8": 450541.701614901,
            "9": 371209.30310599547,
            "10": 618999.2723883364,
            "11": 414986.0640394618,
            "12": 308038.6758488716,
            "13": 537363.6535320227,
            "14": 368966.444613868,
            "15": 393420.8622725795,
            "16": 384849.24137282744,
            "17": 371553.8658149782,
            "18": 316501.4623711301,
            "19": 326372.28325047233,
            "20": 377945.0819354348,
            "21": 388171.63541061647,
            "22": 369605.1815812215,
            "23": 377226.7432639194,
            "24": 375356.1669847742,
            "25": 316950.721694703,
            "26": 419053.9741105633,
            "27": 376026.80843001755,
            "28": 379852.75604195,
            "29": 387467.4958102659,
            "30": 402871.79602959903,
            "31": 495655.2933677895
        },
        "configuration load_payments": {
            "b1": {
                "load payment": 0.0
            },
            "LOAD_WEST": {
                "load payment": 960291.0094301365
            },
            "LOAD_N.Y.C.": {
                "load payment": 1.0417575248349576e6
            },
            "LOAD_LONGIL": {
                "load payment": 364990.9738419134
            },
            "LOAD_DUNWOD": {
                "load payment": 807634.5362417907
            },
            "LOAD_HUD VL": {
                "load payment": 738329.9990445583
            },
            "b7": {
                "load payment": 0.0
            },
            "b8": {
                "load payment": 0.0
            },
            "LOAD_CENTRL": {
                "load payment": 1.679310404594293e6
            },
            "LOAD_MHK VL": {
                "load payment": 657677.1694191571
            },
            "LOAD_MILLWD": {
                "load payment": 217376.61818493533
            },
            "LOAD_NORTH": {
                "load payment": 4.424415864662037e6
            },
            "LOAD_GENESE": {
                "load payment": 322571.4680770289
            },
            "LOAD_CAPITL": {
                "load payment": 1.333147203866118e6
            },
            "aggregate load payment": 1.2547502772196926e7
        }
    },
    "95-FRP": {
        "oos load_payments": {
            "1": 535525.1569131634,
            "2": 360521.95202340785,
            "3": 377959.55272759957,
            "4": 299263.8187270001,
            "5": 341499.4333308394,
            "6": 454345.11449498293,