{
    "st-FRP": {
        "oos payments": {
            "1": 545693.9184541263,
            "2": 625902.4321681452,
            "3": 506600.44693282584,
            "4": 299145.3872529011,
            "5": 539176.3271689739,
            "6": 875696.5852208808,
            "7": 501426.83858965005,
            "8": 375750.52666240046,
            "9": 372834.1694137616,
            "10": 371270.53950460884,
            "11": 312685.5643220876,
            "12": 599418.8089791654,
            "13": 372737.33314409875,
            "14": 370610.85237511864,
            "15": 392013.61631315044,
            "16": 383465.32095202187,
            "17": 373188.30768445064,
            "18": 301705.0128590591,
            "19": 421770.57169966196,
            "20": 377839.89132630255,
            "21": 388171.6354106165,
            "22": 372822.1867441236,
            "23": 507531.98103694373,
            "24": 373949.4748832453,
            "25": 402296.19214938075,
            "26": 339048.15579022997,
            "27": 376026.80843001744,
            "28": 381485.8930088319,
            "29": 387467.49581026577,
            "30": 790407.6757220847,
            "31": 367597.9835992381
        },
        "configuration payments": {
            "g1": {
                "energy payment": 1.0813505490923213e7,
                "up-FRP payment": 192161.29798028735,
                "down-FRP payment": 0.0,
                "make-whole payment": 0.0,
                "total payment": 1.1005666788903497e7
            },
            "g2": {
                "energy payment": 0.0,
                "up-FRP payment": 0.0,
                "down-FRP payment": 0.0,
                "make-whole payment": 0.0,
                "total payment": 0.0
            },
            "g3": {
                "energy payment": 77170.84835237467,
                "up-FRP payment": 0.0,
                "down-FRP payment": 0.0,
                "make-whole payment": 0.0,
                "total payment": 77170.84835237467
            },
            "g4": {
                "energy payment": 32780.1719446519,
                "up-FRP payment": 0.0,
                "down-FRP payment": 0.0,
                "make-whole payment": 0.0,
                "total payment": 32780.1719446519
            },
            "g5": {
                "energy payment": 2.337001637690823e6,
                "up-FRP payment": 153118.48671702447,
                "down-FRP payment": 0.0,
                "make-whole payment": 0.0,
                "total payment": 2.490120124407847e6
            },
            "aggregate energy payment": 1.3260458148911063e7,
            "aggregate up-FRP payment": 345279.7846973118,
            "aggregate down-FRP payment": 0.0,
            "aggregate make-whole payment": 0.0,
            "aggregate total payment": 1.360573793360837e7
        }
    },
    "nf-FRP": {
        "oos payments": {
            "1": 529704.71033509,
            "2": 475300.534965049,
            "3": 506777.20778357296,
            "4": 299145.38725290116,
            "5": 338245.9511321855,
            "6": 427336.08654709626,
            "7": 501630.15411199915,
            "8": 375839.90429062466,
            "9": 372880.4246970193,
            "10": 371355.09478145826,
            "11": 315914.92137539526,
            "12": 293600.9046784,
            "13": 375985.2086603764,
            "14": 370610.85237511864,
            "15": 466063.3872529235,
            "16": 456382.1250552065,
            "17": 373188.30768445076,
            "18": 301894.58326806384,
            "19": 321410.85845642217,
            "20": 377945.0819354347,
            "21": 388171.6354106165,
            "22": 372822.1867441237,
            "23": 507708.7418876909,
            "24": 378669.1549007095,
            "25": 302210.15647203004,
            "26": 342331.2441999532,
            "27": 376123.44299705396,
            "28": 381571.00547686755,
            "29": 387467.4958102659,
            "30": 530221.8707839658,
            "31": 367597.9835992382
        },
        "configuration payments": {
            "g1": {
                "energy payment": 9.771126644989166e6,
                "up-FRP payment": 45344.192634394436,
                "down-FRP payment": 0.0,
                "make-whole payment": 0.0,
                "total payment": 9.81647083762356e6
            },
            "g2": {
                "energy payment": 0.0,
                "up-FRP payment": 0.0,
                "down-FRP payment": 0.0,
                "make-whole payment": 0.0,
                "total payment": 0.0
            },
            "g3": {
                "energy payment": 1.9492914321915896e6,
                "up-FRP payment": 43579.92756521945,
                "down-FRP payment": 0.0,
                "make-whole payment": 1954.262735263752,
                "total payment": 1.9948256224920729e6
            },
            "g4": {
                "energy payment": 37197.84043069558,
                "up-FRP payment": 0.0,
                "down-FRP payment": 0.0,
                "make-whole payment": 0.0,
                "total payment": 37197.84043069558
            },
            "g5": {
                "energy payment": 321887.42279309675,
                "up-FRP payment": 13981.183595549845,
                "down-FRP payment": 0.0,
                "make-whole payment": 1743.6979863290762,
                "total payment": 337612.3043749756
            },
            "aggregate energy payment": 1.2079503340404548e7,
            "aggregate up-FRP payment": 102905.30379516372,
            "aggregate down-FRP payment": 0.0,
            "aggregate make-whole payment": 3697.960721592828,
            "aggregate total payment": 1.2186106604921306e7
        }
    },
    "90-FRP": {
        "oos payments": {
            "1": 699308.7490944779,
            "2": 369025.02752852254,
            "3": 374728.6591553126,
            "4": 313945.87821320945,
            "5": 341499.4333308394,
            "6": 551262.0334755227,
            "7": 371232.69551753404,
            "8": 444911.6598659406,
            "9": 371209.30310599547,
            "10": 608424.8917279056,
            "11": 419818.45226522675,
            "12": 308038.6758488716,
            "13": 524672.9928108408,
            "14": 368966.4446138679,
            "15": 393420.8622725795,
            "16": 384849.24137282744,
            "17": 371553.86581497814,
            "18": 316501.4623711302,
            "19": 326372.2832504723,
            "20": 377945.0819354347,
            "21": 388171.63541061664,
            "22": 369605.1815812215,
            "23": 377226.7432639194,
            "24": 375356.1669847742,
            "25": 316950.7216947029,
            "26": 417570.2351688262,
            "27": 376026.80843001744,
            "28": 379852.7560419499,
            "29": 387467.4958102659,
            "30": 402871.7960295991,
            "31": 482808.0796963799
        },
        "configuration payments": {
            "g1": {
                "energy payment": 1.0342552006736651e7,
                "up-FRP payment": 10293.724512500357,
                "down-FRP payment": 0.0,
                "make-whole payment": 0.0,
                "total payment": 1.0352845731249152e7
            },
            "g2": {
                "energy payment": 0.0,
                "up-FRP payment": 0.0,
                "down-FRP payment": 0.0,
                "make-whole payment": 0.0,
                "total payment": 0.0
            },
            "g3": {
                "energy payment": 935425.0015307013,
                "up-FRP payment": 0.0,
                "down-FRP payment": 0.0,
                "make-whole payment": 0.0,
                "total payment": 935425.0015307013
            },
            "g4": {
                "energy payment": 0.0,
                "up-FRP payment": 0.0,
                "down-FRP payment": 0.0,
                "make-whole payment": 0.0,