{
    "total cost": 399314.8644776364,
    "detailed cost results": {
        "generator costs": {
            "g1": {
                "variable production cost": 239757.8529759065,
                "fixed commitment cost": 28392.00715122869,
                "startup cost": 0.0,
                "total generator cost": 268149.8601271351
            },
            "g2": {
                "variable production cost": 0.0,
                "fixed commitment cost": 0.0,
                "startup cost": 0.0,
                "total generator cost": 0.0
            },
            "g3": {
                "variable production cost": 25496.205546417903,
                "fixed commitment cost": 9844.313892947583,
                "startup cost": 4605.95,
                "total generator cost": 39946.46943936552
            },
            "g4": {
                "variable production cost": 14600.044777813413,
                "fixed commitment cost": 6434.463490940207,
                "startup cost": 5317.09,
                "total generator cost": 26351.59826875362
            },
            "g5": {
                "variable production cost": 40599.943964071186,
                "fixed commitment cost": 16215.412678310859,
                "startup cost": 8051.58,
                "total generator cost": 64866.93664238205
            }
        },
        "total cost of generators": 399314.8644776364,
        "load curtailment cost": 0.0,
        "line overflow penalty": 0.0,
        "up-FRP shortfall penalty": 0.0,
        "down-FRP shortfall penalty": 0.0,
        "total cost": 399314.8644776364
    }
}
