{
    "st-FRP": {
        "oos load_payments": {
            "1": 590531.971327181,
            "2": 360388.05627196725,
            "3": 374558.3493474439,
            "4": 2.875703104837168e6,
            "5": 423272.1430595057,
            "6": 601653.106518961,
            "7": 372604.39695840806,
            "8": 375707.43701681995,
            "9": 368152.4529028423,
            "10": 371157.3556389647,
            "11": 3.2733323807456214e6,
            "12": 2.8042715313236555e6,
            "13": 374228.42055883876,
            "14": 368884.0439005073,
            "15": 396067.11626114615,
            "16": 383468.5855333378,
            "17": 371395.8645778575,
            "18": 2.9238128083964344e6,
            "19": 405171.4272348555,
            "20": 373100.35697978304,
            "21": 388110.48391695705,
            "22": 372713.19723926473,
            "23": 378740.98691412085,
            "24": 373921.9985005405,
            "25": 4.678004099484131e6,
            "26": 422747.33028699463,
            "27": 375957.30239002185,
            "28": 378135.3349181382,
            "29": 385681.7072694817,
            "30": 403825.8433891611,
            "31": 363008.782675742
        },
        "configuration load_payments": {
            "b1": {
                "load payment": 0.0
            },
            "LOAD_WEST": {
                "load payment": 2.2463267516146023e6
            },
            "LOAD_N.Y.C.": {
                "load payment": 3.8196410611892333e6
            },
            "LOAD_LONGIL": {
                "load payment": 1.5649549421827937e6
            },
            "LOAD_DUNWOD": {
                "load payment": 1.5887984447427306e6
            },
            "LOAD_HUD VL": {
                "load payment": 1.6652154403930763e6
            },
            "b7": {
                "load payment": 0.0
            },
            "b8": {
                "load payment": 0.0
            },
            "LOAD_CENTRL": {
                "load payment": 3.4511708017538316e6
            },
            "LOAD_MHK VL": {
                "load payment": 1.4205998841231891e6
            },
            "LOAD_MILLWD": {
                "load payment": 475833.2010332589
            },
            "LOAD_NORTH": {
                "load payment": 7.111262633386289e6
            },
            "LOAD_GENESE": {
                "load payment": 929331.6277167532
            },
            "LOAD_CAPITL": {
                "load payment": 2.6351731882400936e6
            },
            "aggregate load payment": 2.690830797637585e7
        }
    },
    "nf-FRP": {
        "oos load_payments": {
            "1": 536404.5431778949,
            "2": 414690.56397577655,
            "3": 377797.76292626304,
            "4": 299223.82579414314,
            "5": 421595.25425202574,
            "6": 667058.9149219124,
            "7": 372631.38330932386,
            "8": 375750.0666126839,
            "9": 371197.9073239537,
            "10": 371288.3942727505,
            "11": 317482.99834862334,
            "12": 394084.789491579,
            "13": 375978.57975546777,
            "14": 370497.531955828,
            "15": 469512.0207050387,
            "16": 460353.25110918994,
            "17": 373035.1644059384,
            "18": 396974.20290093235,
            "19": 406926.3130359031,
            "20": 377867.2976562294,
            "21": 388110.48391695705,
            "22": 372713.19723926473,
            "23": 378783.42158762884,
            "24": 376965.68699192116,
            "25": 303521.68452230585,
            "26": 342247.9229235519,
            "27": 376004.0267049399,
            "28": 381487.39652220067,
            "29": 387352.13857175387,
            "30": 479964.00350241124,
            "31": 426205.74723790714
        },
        "configuration load_payments": {
            "b1": {
                "load payment": 0.0
            },
            "LOAD_WEST": {
                "load payment": 976549.5299574995
            },
            "LOAD_N.Y.C.": {
                "load payment": 998151.1680059369
            },
            "LOAD_LONGIL": {
                "load payment": 387847.5016118284
            },
            "LOAD_DUNWOD": {
                "load payment": 822184.3005841138
            },
            "LOAD_HUD VL": {
                "load payment": 733042.8521999452
            },
            "b7": {
                "load payment": 0.0
            },
            "b8": {
                "load payment": 0.0
            },
            "LOAD_CENTRL": {
                "load payment": 1.6431590470278885e6
            },
            "LOAD_MHK VL": {
                "load payment": 667609.4758198644
            },
            "LOAD_MILLWD": {
                "load payment": 209076.77763702953
            },
            "LOAD_NORTH": {
                "load payment": 4.306217200950708e6
            },
            "LOAD_GENESE": {
                "load payment": 318848.61259831575
            },
            "LOAD_CAPITL": {
                "load payment": 1.3010200092591688e6
            },
            "aggregate load payment": 1.2363706475652298e7
        }
    },
    "90-FRP": {
        "oos load_payments": {
            "1": 698503.8431132212,
            "2": 360388.05627196725,
            "3": 374558.3493474439,
            "4": 313878.4325809031,
            "5": 341410.44999679783,
            "6": 556327.8220836956,
            "7": 371042.5886325585,
            "8": 448497.12042147934,
            "9": 371152.9317838475,
            "10": 615195.3621461766,
            "11": 414887.47055708175,
            "12": 307941.8708762909,
            "13": 533278.3293879096,
            "14": 368850.0585093385,
            "15": 392782.19680736645,
            "16": 384851.76777351875,
            "17": 371397.6390513202,
            "18": 316466.99348600453,
            "19": 326447.8678978321,
            "20": 377816.3828588571,
            "21": 388110.48391695705,
            "22": 369488.64306093473,
            "23": 377069.20687422913,
            "24": 375328.13580900634,
            "25": 316869.1873536361,
            "26": 343923.6714444116,
            "27": 375957.30239002185,
            "28": 379719.4780489375,
            "29": 387352.13857175387,
            "30": 402209.6923891528,
            "31": 491673.87260482553
        },
        "configuration load_payments": {
            "b1": {
                "load payment": 0.0
            },
            "LOAD_WEST": {
                "load payment": 973076.4961528898
            },
            "LOAD_N.Y.C.": {
                "load payment": 1.0883450922401177e6
            },
            "LOAD_LONGIL": {
                "load payment": 405805.33206894447
            },
            "LOAD_DUNWOD": {
                "load payment": 824296.5215226368
            },
            "LOAD_HUD VL": {
                "load payment": 730001.3348787165
            },
            "b7": {
                "load payment": 0.0
            },
            "b8": {
                "load payment": 0.0
            },
            "LOAD_CENTRL": {
                "load payment": 1.6356214593829343e6
            },
            "LOAD_MHK VL": {
                "load payment": 669165.3187323319
            },
            "LOAD_MILLWD": {
                "load payment": 209748.4511801538
            },
            "LOAD_NORTH": {
                "load payment": 4.300480665524726e6
            },
            "LOAD_GENESE": {
                "load payment": 309527.0553985434
            },
            "LOAD_CAPITL": {
                "load payment": 1.3073096189654833e6
            },
            "aggregate load payment": 1.2453377346047476e7
        }
    },
    "95-FRP": {
        "oos load_payments": {
            "1": 536404.5431778949,
            "2": 360388.05627196725,
            "3": 377797.76292626304,
            "4": 299194.54737156775,
            "5": 341410.44999679783,