{
    "st-FRP": {
        "oos payments": {
            "1": 590531.971327181,
            "2": 368891.13177708193,
            "3": 374558.3493474439,
            "4": 2.8639830376726515e6,
            "5": 440249.69998922426,
            "6": 619562.9078859704,
            "7": 372604.39695840806,
            "8": 375707.43701682,
            "9": 368152.4529028423,
            "10": 371157.35563896457,
            "11": 3.267425982530492e6,
            "12": 2.775378840498898e6,
            "13": 374228.4205588388,
            "14": 368884.04390050727,
            "15": 396067.1162611462,
            "16": 383468.58553333784,
            "17": 371395.8645778574,
            "18": 2.9200791873891787e6,
            "19": 421747.8026776342,
            "20": 373100.35697978304,
            "21": 388110.48391695705,
            "22": 372713.1972392645,
            "23": 378740.9869141208,
            "24": 373921.9985005405,
            "25": 4.663207095318165e6,
            "26": 439399.5938921895,
            "27": 375957.30239002185,
            "28": 378135.3349181381,
            "29": 385681.7072694815,
            "30": 403825.84338916116,
            "31": 363008.7826757419
        },
        "configuration payments": {
            "g1": {
                "energy payment": 2.457768201006073e7,
                "up-FRP payment": 233722.08359074942,
                "down-FRP payment": 0.0,
                "make-whole payment": 0.0,
                "total payment": 2.481140409365148e7
            },
            "g2": {
                "energy payment": 0.0,
                "up-FRP payment": 0.0,
                "down-FRP payment": 0.0,
                "make-whole payment": 0.0,
                "total payment": 0.0
            },
            "g3": {
                "energy payment": 81622.61293740751,
                "up-FRP payment": 0.0,
                "down-FRP payment": 0.0,
                "make-whole payment": 0.0,
                "total payment": 81622.61293740751
            },
            "g4": {
                "energy payment": 24176.89654035781,
                "up-FRP payment": 0.0,
                "down-FRP payment": 0.0,
                "make-whole payment": 0.0,
                "total payment": 24176.89654035781
            },
            "g5": {
                "energy payment": 1.9801894056181358e6,
                "up-FRP payment": 13981.183595549845,
                "down-FRP payment": 0.0,
                "make-whole payment": 8503.075505114699,
                "total payment": 2.0026736647188002e6
            },
            "aggregate energy payment": 2.666367092515663e7,
            "aggregate up-FRP payment": 247703.26718629926,
            "aggregate down-FRP payment": 0.0,
            "aggregate make-whole payment": 8503.075505114699,
            "aggregate total payment": 2.6919877267848045e7
        }
    },
    "nf-FRP": {
        "oos payments": {
            "1": 536818.7894126961,
            "2": 399480.6616613113,
            "3": 377797.7629262629,
            "4": 299223.8257941431,
            "5": 438572.8111817443,
            "6": 681072.55002676,
            "7": 372631.3833093239,
            "8": 375750.06661268394,
            "9": 371197.9073239536,
            "10": 371288.3942727505,
            "11": 317482.99834862346,
            "12": 406781.12086871744,
            "13": 375978.5797554677,
            "14": 370497.53195582796,
            "15": 465069.51002328773,
            "16": 456347.5754422208,
            "17": 373035.16440593847,
            "18": 400669.18724796857,
            "19": 423502.68847868184,
            "20": 377867.29765622946,
            "21": 388110.48391695716,
            "22": 372713.1972392646,
            "23": 378783.4215876289,
            "24": 376965.68699192116,
            "25": 303521.68452230585,
            "26": 342247.9229235518,
            "27": 376004.0267049398,
            "28": 381487.39652220067,
            "29": 387352.13857175375,
            "30": 471500.6550022456,
            "31": 425174.39944344654
        },
        "configuration payments": {
            "g1": {
                "energy payment": 1.0229114481936175e7,
                "up-FRP payment": 53873.86586813175,
                "down-FRP payment": 0.0,
                "make-whole payment": 0.0,
                "total payment": 1.0282988347804308e7
            },
            "g2": {
                "energy payment": 0.0,
                "up-FRP payment": 0.0,
                "down-FRP payment": 0.0,
                "make-whole payment": 0.0,
                "total payment": 0.0
            },
            "g3": {
                "energy payment": 1.806043293950805e6,
                "up-FRP payment": 0.0,
                "down-FRP payment": 0.0,
                "make-whole payment": 0.0,
                "total payment": 1.806043293950805e6
            },
            "g4": {
                "energy payment": 37429.901998488844,
                "up-FRP payment": 0.0,
                "down-FRP payment": 0.0,
                "make-whole payment": 0.0,
                "total payment": 37429.901998488844
            },
            "g5": {
                "energy payment": 254069.84654685805,
                "up-FRP payment": 13981.183595549845,
                "down-FRP payment": 0.0,
                "make-whole payment": 414.2462348013214,
                "total payment": 268465.27637720923
            },
            "aggregate energy payment": 1.2326657524432328e7,
            "aggregate up-FRP payment": 67855.04946368159,
            "aggregate down-FRP payment": 0.0,
            "aggregate make-whole payment": 414.2462348013214,
            "aggregate total payment": 1.239492682013081e7
        }
    },
    "90-FRP": {
        "oos payments": {
            "1": 698503.843113221,
            "2": 368891.13177708193,
            "3": 374558.3493474439,
            "4": 313878.432580903,
            "5": 341410.4499967978,
            "6": 552431.6558215336,
            "7": 371042.5886325585,
            "8": 444795.8067971631,
            "9": 371152.93178384734,
            "10": 608390.6635358855,
            "11": 419719.8587828467,
            "12": 307941.87087629095,
            "13": 524611.5654783262,
            "14": 368850.0585093383,
            "15": 392782.19680736645,
            "16": 384851.7677735188,
            "17": 371397.63905132015,
            "18": 316466.9934860046,
            "19": 326447.8678978321,
            "20": 377816.3828588571,
            "21": 388110.48391695716,
            "22": 369488.6430609346,
            "23": 377069.20687422913,
            "24": 375328.1358090064,
            "25": 316869.187353636,
            "26": 343923.67144441156,
            "27": 375957.30239002185,
            "28": 379719.4780489374,
            "29": 387352.13857175375,
            "30": 402209.6923891528,
            "31": 482766.94004803937
        },
        "configuration payments": {
            "g1": {
                "energy payment": 1.0266654102088174e7,
                "up-FRP payment": 10293.724512500357,
                "down-FRP payment": 0.0,
                "make-whole payment": 0.0,
                "total payment": 1.0276947826600675e7
            },
            "g2": {
                "energy payment": 0.0,
                "up-FRP payment": 0.0,
                "down-FRP payment": 0.0,
                "make-whole payment": 0.0,
                "total payment": 0.0
            },
            "g3": {
                "energy payment": 935216.5588339535,
                "up-FRP payment": 0.0,
                "down-FRP payment": 0.0,
                "make-whole payment": 0.0,
                "total payment": 935216.5588339535
            },
            "g4": {
                "energy payment": 0.0,
                "up-FRP payment": 0.0,
                "down-FRP payment": 0.0,
                "make-whole payment": 0.0,