{
    "total load_payment": 324346.05034769274,
    "detailed load payment results": {
        "load payments": {
            "b1": {
                "DAM hourly load payments": {
                    "1": 0.0,
                    "2": 0.0,
                    "3": 0.0,
                    "4": 0.0,
                    "5": 0.0,
                    "6": 0.0,
                    "7": 0.0,
                    "8": 0.0,
                    "9": 0.0,
                    "10": 0.0,
                    "11": 0.0,
                    "12": 0.0,
                    "13": 0.0,
                    "14": 0.0,
                    "15": 0.0,
                    "16": 0.0,
                    "17": 0.0,
                    "18": 0.0,
                    "19": 0.0,
                    "20": 0.0,
                    "21": 0.0,
                    "22": 0.0,
                    "23": 0.0,
                    "24": 0.0
                },
                "load payment": 0.0
            },
            "LOAD_WEST": {
                "DAM hourly load payments": {
                    "1": 1291.4167510107325,
                    "2": 1245.2583135567488,
                    "3": 1230.7144133150925,
                    "4": 1218.2733334130169,
                    "5": 1230.1868763581138,
                    "6": 1270.4659970740292,
                    "7": 1236.330919492472,
                    "8": 1510.1404814704517,
                    "9": 1344.448931320426,
                    "10": 1345.951555903828,
                    "11": 1351.0591888040396,
                    "12": 1512.8148010593216,
                    "13": 1491.3982654002803,
                    "14": 1471.0368045344237,
                    "15": 1464.4792273761705,
                    "16": 1435.457367254023,
                    "17": 1408.4608727369766,
                    "18": 1429.94020991229,
                    "19": 1453.6720463672161,
                    "20": 1509.2246184048436,
                    "21": 1485.763877916739,
                    "22": 1448.5578683523215,
                    "23": 1388.4772707672955,
                    "24": 1308.4455182523557
                },
                "load payment": 33081.975510053206
            },
            "LOAD_N.Y.C.": {
                "DAM hourly load payments": {
                    "1": 3856.6342861622184,
                    "2": 3672.323968375379,
                    "3": 3542.5791851535523,
                    "4": 3482.4766059827575,
                    "5": 3487.9351486932005,
                    "6": 3645.110807396276,
                    "7": 3612.8634948059866,
                    "8": 4542.115180291044,
                    "9": 4247.770640298562,
                    "10": 4392.551395860988,
                    "11": 4439.139198981099,
                    "12": 5050.448326361972,
                    "13": 5055.599139180846,
                    "14": 5046.557741304256,
                    "15": 5044.6380932261045,
                    "16": 5021.697562206647,
                    "17": 5037.368759688584,
                    "18": 5060.77193182703,
                    "19": 5035.552734815664,
                    "20": 4976.717710015128,
                    "21": 4827.446731896766,
                    "22": 4648.245358078982,
                    "23": 4427.361238050794,
                    "24": 4158.991465285441
                },
                "load payment": 106312.89670393929
            },
            "LOAD_LONGIL": {
                "DAM hourly load payments": {
                    "1": 1448.1705894045513,
                    "2": 1378.1903001062155,
                    "3": 1338.5297788975643,
                    "4": 1321.4361158179502,
                    "5": 1346.4355057639086,
                    "6": 1428.7396448225113,
                    "7": 1411.9960863614726,
                    "8": 1736.0581832964756,
                    "9": 1534.2439265896462,
                    "10": 1505.752105431263,
                    "11": 1493.2216378599244,
                    "12": 1635.291297904486,
                    "13": 1584.4719043822283,
                    "14": 1590.1868880828285,
                    "15": 1662.9869881458553,
                    "16": 1737.5089099281663,
                    "17": 1764.7618463145973,
                    "18": 1846.0936002395654,
                    "19": 1969.2808063031387,
                    "20": 1994.038409356377,
                    "21": 1935.6210179801171,
                    "22": 1855.6259002691545,
                    "23": 1734.504879741185,
                    "24": 1588.3698160490487
                },
                "load payment": 38841.516139048224
            },
            "LOAD_DUNWOD": {
                "DAM hourly load payments": {
                    "1": 442.6349079268287,
                    "2": 408.452815813442,
                    "3": 396.67848406838533,
                    "4": 391.6302484368811,
                    "5": 392.22372751348183,
                    "6": 418.04163738352185,
                    "7": 416.00122204676563,
                    "8": 536.1387401087691,
                    "9": 476.54472917650605,
                    "10": 487.04375238607014,
                    "11": 490.010306822518,
                    "12": 545.6930205811309,
                    "13": 540.3810164711375,
                    "14": 539.6409994095468,
                    "15": 544.8211191923727,
                    "16": 544.2203132428995,
                    "17": 545.115241971521,
                    "18": 549.1439915080317,
                    "19": 576.3048179195495,
                    "20": 579.5506355267878,
                    "21": 560.1783061914977,
                    "22": 540.8426113084936,
                    "23": 511.9306553345097,
                    "24": 476.85677456831513
                },
                "load payment": 11910.080074908967
            },
            "LOAD_HUD VL": {
                "DAM hourly load payments": {
                    "1": 727.5488261082764,
                    "2": 698.9864679964538,
                    "3": 677.3794334668779,
                    "4": 671.9208913718946,
                    "5": 680.339501977009,
                    "6": 716.41402820747,
                    "7": 707.839241759944,
                    "8": 860.4713920786108,
                    "9": 770.0401499954734,
                    "10": 767.3895980737728,
                    "11": 755.4008486790354,
                    "12": 844.9603401337006,
                    "13": 833.5670072727098,
                    "14": 840.5348912461335,
                    "15": 856.2804040021967,
                    "16": 862.9039235438408,
                    "17": 885.3577390315118,
                    "18": 921.7975635911249,
                    "19": 962.3153323548663,
                    "20": 974.8956231052904,
                    "21": 962.0149290723998,
                    "22": 920.6399127535683,
                    "23": 862.7427317251828,
                    "24": 799.1378938690699
                },
                "load payment": 19560.878671416413
            },
            "b7": {
                "DAM hourly load payments": {
                    "1": 0.0,
                    "2": 0.0,
                    "3": 0.0,
                    "4": 0.0,
                    "5": 0.0,
                    "6": 0.0,
                    "7": 0.0,
                    "8": 0.0,
                    "9": 0.0,
                    "10": 0.0,
                    "11": 0.0,
                    "12": 0.0,
                    "13": 0.0,
                    "14": 0.0,
                    "15": 0.0,
                    "16": 0.0,
                    "17": 0.0,
                    "18": 0.0,
                    "19": 0.0,
                    "20": 0.0,
                    "21": 0.0,
                    "22": 0.0,
                    "23": 0.0,
                    "24": 0.0
                },