{
    "total load_payment": 2.7967175064402735e6,
    "detailed load payment results": {
        "load payments": {
            "b1": {
                "DAM hourly load payments": {
                    "1": 0.0,
                    "2": 0.0,
                    "3": 0.0,
                    "4": 0.0,
                    "5": 0.0,
                    "6": 0.0,
                    "7": 0.0,
                    "8": 0.0,
                    "9": 0.0,
                    "10": 0.0,
                    "11": 0.0,
                    "12": 0.0,
                    "13": 0.0,
                    "14": 0.0,
                    "15": 0.0,
                    "16": 0.0,
                    "17": 0.0,
                    "18": 0.0,
                    "19": 0.0,
                    "20": 0.0,
                    "21": 0.0,
                    "22": 0.0,
                    "23": 0.0,
                    "24": 0.0
                },
                "load payment": 0.0
            },
            "LOAD_WEST": {
                "DAM hourly load payments": {
                    "1": 1189.5885113773136,
                    "2": 1134.7906099711763,
                    "3": 969.5151417393819,
                    "4": 961.5118934648016,
                    "5": 960.1189026738348,
                    "6": 976.4671973733751,
                    "7": 1168.2892067393084,
                    "8": 9694.1056265393,
                    "9": 1276.9984538016195,
                    "10": 10637.224420978746,
                    "11": 10883.56751636706,
                    "12": 1372.914930536431,
                    "13": 1369.6471318709607,
                    "14": 1349.2270554945862,
                    "15": 10456.41274195464,
                    "16": 10431.967691145299,
                    "17": 10419.653449772546,
                    "18": 10588.551087277287,
                    "19": 10603.608305616588,
                    "20": 160086.43599838828,
                    "21": 10981.614519506687,
                    "22": 1351.1540310610696,
                    "23": 1303.0382644433264,
                    "24": 1249.485936700909
                },
                "load payment": 271415.8886247945
            },
            "LOAD_N.Y.C.": {
                "DAM hourly load payments": {
                    "1": 3867.314816098541,
                    "2": 3676.016727074228,
                    "3": 3114.6113260357465,
                    "4": 3045.4970563548623,
                    "5": 3018.888352118899,
                    "6": 3048.6957756909724,
                    "7": 3602.293437336489,
                    "8": 30155.406319197653,
                    "9": 4028.433395042378,
                    "10": 33628.42959652755,
                    "11": 34626.52474629886,
                    "12": 4421.499716892741,
                    "13": 4411.8648399395515,
                    "14": 4405.666280695054,
                    "15": 35318.88165600914,
                    "16": 35439.32272772965,
                    "17": 35657.01042389309,
                    "18": 35796.14378558422,
                    "19": 36483.64003612392,
                    "20": 537478.2369625518,
                    "21": 36216.3452276112,
                    "22": 4447.048624502218,
                    "23": 4287.805732223452,
                    "24": 4095.6064342309674
                },
                "load payment": 904271.1839957633
            },
            "LOAD_LONGIL": {
                "DAM hourly load payments": {
                    "1": 1502.7549640727534,
                    "2": 1421.6021955242343,
                    "3": 1209.5416426341596,
                    "4": 1187.028073620342,
                    "5": 1187.0345231677043,
                    "6": 1211.6117817262907,
                    "7": 1444.0225161958188,
                    "8": 12189.57694037701,
                    "9": 1641.064896236376,
                    "10": 13862.503931446914,
                    "11": 14250.548295565452,
                    "12": 1773.5939034590047,
                    "13": 1730.790140335795,
                    "14": 1688.3893574186518,
                    "15": 12916.9423029276,
                    "16": 12842.406571949485,
                    "17": 13362.114047566452,
                    "18": 14267.531437180709,
                    "19": 15193.375281113482,
                    "20": 225675.0080766055,
                    "21": 15115.813098272667,
                    "22": 1825.2192556349385,
                    "23": 1720.4885164565069,
                    "24": 1600.151474754901
                },
                "load payment": 370819.11322424276
            },
            "LOAD_DUNWOD": {
                "DAM hourly load payments": {
                    "1": 447.3806470971439,
                    "2": 409.77898516668364,
                    "3": 338.9288472855822,
                    "4": 334.672486535406,
                    "5": 334.163013077469,
                    "6": 344.55885173240625,
                    "7": 413.89670416268007,
                    "8": 3521.1713613298366,
                    "9": 469.1488735333007,
                    "10": 3963.316656907335,
                    "11": 4072.8024768464747,
                    "12": 512.5021537045698,
                    "13": 518.0925800387977,
                    "14": 488.946163165738,
                    "15": 3871.7560961288996,
                    "16": 3890.7735463793983,
                    "17": 3985.260509757521,
                    "18": 4028.5062414994645,
                    "19": 4183.922413971498,
                    "20": 62357.2434662303,
                    "21": 4212.402733464214,
                    "22": 510.0916028579578,
                    "23": 493.6939957785441,
                    "24": 458.34901966098755
                },
                "load payment": 104161.3594263122
            },
            "LOAD_HUD VL": {
                "DAM hourly load payments": {
                    "1": 708.8777859397999,
                    "2": 679.2624473565114,
                    "3": 571.3132462339152,
                    "4": 579.5680064250889,
                    "5": 558.8021252151769,
                    "6": 590.5894011812654,
                    "7": 702.8037840616751,
                    "8": 5958.339725086304,
                    "9": 789.1513262266882,
                    "10": 6262.110350884973,
                    "11": 6286.271933801524,
                    "12": 783.5828805990011,
                    "13": 763.3239960412847,
                    "14": 738.6689701754145,
                    "15": 5948.651747628571,
                    "16": 6308.624316298348,
                    "17": 6586.715964850812,
                    "18": 6872.102777560801,
                    "19": 7249.291935659303,
                    "20": 106688.282997943,
                    "21": 7188.771253410687,
                    "22": 871.7328407003574,
                    "23": 824.2764952788372,
                    "24": 767.317157758832
                },
                "load payment": 175278.4334663182
            },
            "b7": {
                "DAM hourly load payments": {
                    "1": 0.0,
                    "2": 0.0,
                    "3": 0.0,
                    "4": 0.0,
                    "5": 0.0,
                    "6": 0.0,
                    "7": 0.0,
                    "8": 0.0,
                    "9": 0.0,
                    "10": 0.0,
                    "11": 0.0,
                    "12": 0.0,
                    "13": 0.0,
                    "14": 0.0,
                    "15": 0.0,
                    "16": 0.0,
                    "17": 0.0,
                    "18": 0.0,
                    "19": 0.0,
                    "20": 0.0,
                    "21": 0.0,
                    "22": 0.0,
                    "23": 0.0,
                    "24": 0.0
                },