{
    "total cost": 397533.10946034465,
    "detailed cost results": {
        "generator costs": {
            "g1": {
                "variable production cost": 242975.7952925603,
                "fixed commitment cost": 28392.00715122869,
                "startup cost": 0.0,
                "total generator cost": 271367.80244378897
            },
            "g2": {
                "variable production cost": 0.0,
                "fixed commitment cost": 0.0,
                "startup cost": 0.0,
                "total generator cost": 0.0
            },
            "g3": {
                "variable production cost": 24751.414485888592,
                "fixed commitment cost": 9188.026300084413,
                "startup cost": 4605.95,
                "total generator cost": 38545.39078597303
            },
            "g4": {
                "variable production cost": 10950.03358336006,
                "fixed commitment cost": 4825.8476182051545,
                "startup cost": 5317.09,
                "total generator cost": 21092.971201565215
            },
            "g5": {
                "variable production cost": 42259.95235070662,
                "fixed commitment cost": 16215.412678310859,
                "startup cost": 8051.58,
                "total generator cost": 66526.94502901749
            }
        },
        "total cost of generators": 397533.10946034465,
        "load curtailment cost": 0.0,
        "line overflow penalty": 0.0,
        "up-FRP shortfall penalty": 0.0,
        "down-FRP shortfall penalty": 0.0,
        "total cost": 397533.10946034465
    }
}
