{
    "b1": {
        "1": 43.0703654259941,
        "2": 43.0703654259941,
        "3": 43.0703654259941,
        "4": 37.90990160867715,
        "5": 37.90990160867715,
        "6": 43.0703654259941,
        "7": 343.0703654259941,
        "8": 361.17036828091443,
        "9": 43.0703654259941,
        "10": 43.0703654259941,
        "11": 61.17036828091441,
        "12": 61.17036828091441,
        "13": 43.0703654259941,
        "14": 43.0703654259941,
        "15": 43.0703654259941,
        "16": 61.17036828091441,
        "17": 43.0703654259941,
        "18": 43.0703654259941,
        "19": 74.16982683084791,
        "20": 74.16982683084791,
        "21": 61.17036828091441,
        "22": 43.0703654259941,
        "23": 43.0703654259941,
        "24": 43.0703654259941
    },
    "LOAD_WEST": {
        "1": 43.0703654259941,
        "2": 43.0703654259941,
        "3": 43.0703654259941,
        "4": 37.90990160867715,
        "5": 37.90990160867715,
        "6": 43.0703654259941,
        "7": 343.0703654259941,
        "8": 361.17036828091443,
        "9": 43.0703654259941,
        "10": 43.0703654259941,
        "11": 61.17036828091441,
        "12": 61.17036828091441,
        "13": 43.0703654259941,
        "14": 43.0703654259941,
        "15": 43.0703654259941,
        "16": 61.17036828091441,
        "17": 43.0703654259941,
        "18": 43.0703654259941,
        "19": 74.16982683084791,
        "20": 74.16982683084791,
        "21": 61.17036828091441,
        "22": 43.0703654259941,
        "23": 43.0703654259941,
        "24": 43.0703654259941
    },
    "LOAD_N.Y.C.": {
        "1": 43.0703654259941,
        "2": 43.0703654259941,
        "3": 43.0703654259941,
        "4": 37.90990160867715,
        "5": 37.90990160867715,
        "6": 43.0703654259941,
        "7": 343.0703654259941,
        "8": 361.17036828091443,
        "9": 43.0703654259941,
        "10": 43.0703654259941,
        "11": 61.17036828091441,
        "12": 61.17036828091441,
        "13": 43.0703654259941,
        "14": 43.0703654259941,
        "15": 43.0703654259941,
        "16": 61.17036828091441,
        "17": 43.0703654259941,
        "18": 43.0703654259941,
        "19": 74.16982683084791,
        "20": 74.16982683084791,
        "21": 61.17036828091441,
        "22": 43.0703654259941,
        "23": 43.0703654259941,
        "24": 43.0703654259941
    },
    "LOAD_LONGIL": {
        "1": 43.0703654259941,
        "2": 43.0703654259941,
        "3": 43.0703654259941,
        "4": 37.90990160867715,
        "5": 37.90990160867715,
        "6": 43.0703654259941,
        "7": 343.0703654259941,
        "8": 361.17036828091443,
        "9": 43.0703654259941,
        "10": 43.0703654259941,
        "11": 61.17036828091441,
        "12": 61.17036828091441,
        "13": 43.0703654259941,
        "14": 43.0703654259941,
        "15": 43.0703654259941,
        "16": 61.17036828091441,
        "17": 43.0703654259941,
        "18": 43.0703654259941,
        "19": 74.16982683084791,
        "20": 74.16982683084791,
        "21": 61.17036828091441,
        "22": 43.0703654259941,
        "23": 43.0703654259941,
        "24": 43.0703654259941
    },
    "LOAD_DUNWOD": {
        "1": 43.0703654259941,
        "2": 43.0703654259941,
        "3": 43.0703654259941,
        "4": 37.90990160867715,
        "5": 37.90990160867715,
        "6": 43.0703654259941,
        "7": 343.0703654259941,
        "8": 361.17036828091443,
        "9": 43.0703654259941,
        "10": 43.0703654259941,
        "11": 61.17036828091441,
        "12": 61.17036828091441,
        "13": 43.0703654259941,
        "14": 43.0703654259941,
        "15": 43.0703654259941,
        "16": 61.17036828091441,
        "17": 43.0703654259941,
        "18": 43.0703654259941,
        "19": 74.16982683084791,
        "20": 74.16982683084791,
        "21": 61.17036828091441,
        "22": 43.0703654259941,
        "23": 43.0703654259941,
        "24": 43.0703654259941
    },
    "LOAD_HUD VL": {
        "1": 43.0703654259941,
        "2": 43.0703654259941,
        "3": 43.0703654259941,
        "4": 37.90990160867715,
        "5": 37.90990160867715,
        "6": 43.0703654259941,
        "7": 343.0703654259941,
        "8": 361.17036828091443,
        "9": 43.0703654259941,
        "10": 43.0703654259941,
        "11": 61.17036828091441,
        "12": 61.17036828091441,
        "13": 43.0703654259941,
        "14": 43.0703654259941,
        "15": 43.0703654259941,
        "16": 61.17036828091441,
        "17": 43.0703654259941,
        "18": 43.0703654259941,
        "19": 74.16982683084791,
        "20": 74.16982683084791,
        "21": 61.17036828091441,
        "22": 43.0703654259941,
        "23": 43.0703654259941,
        "24": 43.0703654259941
    },
    "b7": {
        "1": 43.0703654259941,
        "2": 43.0703654259941,
        "3": 43.0703654259941,
        "4": 37.90990160867715,
        "5": 37.90990160867715,
        "6": 43.0703654259941,
        "7": 343.0703654259941,
        "8": 361.17036828091443,
        "9": 43.0703654259941,
        "10": 43.0703654259941,
        "11": 61.17036828091441,
        "12": 61.17036828091441,
        "13": 43.0703654259941,
        "14": 43.0703654259941,
        "15": 43.0703654259941,
        "16": 61.17036828091441,
        "17": 43.0703654259941,
        "18": 43.0703654259941,
        "19": 74.16982683084791,
        "20": 74.16982683084791,
        "21": 61.17036828091441,
        "22": 43.0703654259941,
        "23": 43.0703654259941,
        "24": 43.0703654259941
    },
    "b8": {
        "1": 43.0703654259941,
        "2": 43.0703654259941,
        "3": 43.0703654259941,
        "4": 37.90990160867715,
        "5": 37.90990160867715,
        "6": 43.0703654259941,
        "7": 343.0703654259941,
        "8": 361.17036828091443,
        "9": 43.0703654259941,
        "10": 43.0703654259941,
        "11": 61.17036828091441,
        "12": 61.17036828091441,
        "13": 43.0703654259941,
        "14": 43.0703654259941,
        "15": 43.0703654259941,
        "16": 61.17036828091441,
        "17": 43.0703654259941,
        "18": 43.0703654259941,
        "19": 74.16982683084791,
        "20": 74.16982683084791,
        "21": 61.17036828091441,
        "22": 43.0703654259941,
        "23": 43.0703654259941,
        "24": 43.0703654259941
    },
    "LOAD_CENTRL": {
        "1": 43.0703654259941,
        "2": 43.0703654259941,
        "3": 43.0703654259941,
        "4": 37.90990160867715,
        "5": 37.90990160867715,
        "6": 43.0703654259941,
        "7": 343.0703654259941,
        "8": 361.17036828091443,
        "9": 43.0703654259941,
        "10": 43.0703654259941,
        "11": 61.17036828091441,
        "12": 61.17036828091441,
        "13": 43.0703654259941,
        "14": 43.0703654259941,
        "15": 43.0703654259941,
        "16": 61.17036828091441,
        "17": 43.0703654259941,
        "18": 43.0703654259941,
        "19": 74.16982683084791,
        "20": 74.16982683084791,
        "21": 61.17036828091441,
        "22": 43.0703654259941,
        "23": 43.0703654259941,
        "24": 43.0703654259941
    },
    "LOAD_MHK VL": {
        "1": 43.0703654259941,
        "2": 43.0703654259941,
        "3": 43.0703654259941,
        "4": 37.90990160867715,
        "5": 37.90990160867715,
        "6": 43.0703654259941,
        "7": 343.0703654259941,
        "8": 361.17036828091443,
        "9": 43.0703654259941,
        "10": 43.0703654259941,
        "11": 61.17036828091441,
        "12": 61.17036828091441,
        "13": 43.0703654259941,
        "14": 43.0703654259941,
        "15": 43.0703654259941,
        "16": 61.17036828091441,
        "17": 43.0703654259941,
        "18": 43.0703654259941,
        "19": 74.16982683084791,
        "20": 74.16982683084791,
        "21": 61.17036828091441,
        "22": 43.0703654259941,
        "23": 43.0703654259941,
        "24": 43.0703654259941
    },
    "LOAD_MILLWD": {
        "1": 43.0703654259941,