{
    "total cost": 324748.09177554934,
    "detailed cost results": {
        "generator costs": {
            "g1": {
                "variable production cost": 233037.32629309333,
                "fixed commitment cost": 28392.007151228667,
                "startup cost": 0.0,
                "total generator cost": 261429.333444322
            },
            "g2": {
                "variable production cost": 0.0,
                "fixed commitment cost": 0.0,
                "startup cost": 0.0,
                "total generator cost": 0.0
            },
            "g3": {
                "variable production cost": 6734.6019031103615,
                "fixed commitment cost": 2625.150371452691,
                "startup cost": 5297.28,
                "total generator cost": 14657.032274563051
            },
            "g4": {
                "variable production cost": 0.0,
                "fixed commitment cost": 0.0,
                "startup cost": 0.0,
                "total generator cost": 0.0
            },
            "g5": {
                "variable production cost": 28448.586547931194,
                "fixed commitment cost": 12161.559508733139,
                "startup cost": 8051.58,
                "total generator cost": 48661.72605666434
            }
        },
        "total cost of generators": 324748.09177554934,
        "load curtailment cost": 0.0,
        "up-FRP shortfall penalty": 0.0,
        "down-FRP shortfall penalty": 0.0,
        "line overflow penalty": 0.0,
        "total cost": 324748.09177554934
    }
}
