{
    "total load_payment": 382279.42763449263,
    "detailed load payment results": {
        "load payments": {
            "b1": {
                "DAM hourly load payments": {
                    "1": 0.0,
                    "2": 0.0,
                    "3": 0.0,
                    "4": 0.0,
                    "5": 0.0,
                    "6": 0.0,
                    "7": 0.0,
                    "8": 0.0,
                    "9": 0.0,
                    "10": 0.0,
                    "11": 0.0,
                    "12": 0.0,
                    "13": 0.0,
                    "14": 0.0,
                    "15": 0.0,
                    "16": 0.0,
                    "17": 0.0,
                    "18": 0.0,
                    "19": 0.0,
                    "20": 0.0,
                    "21": 0.0,
                    "22": 0.0,
                    "23": 0.0,
                    "24": 0.0
                },
                "load payment": 0.0
            },
            "LOAD_WEST": {
                "DAM hourly load payments": {
                    "1": 1201.5156612589874,
                    "2": 1165.336464574513,
                    "3": 1154.0237281943491,
                    "4": 1135.7724142771788,
                    "5": 1145.2241180897095,
                    "6": 1208.8875717201088,
                    "7": 1333.1298516976392,
                    "8": 1420.8914863058258,
                    "9": 1452.3532039747702,
                    "10": 1475.4695806465552,
                    "11": 1484.2691898719668,
                    "12": 1503.4656732911621,
                    "13": 1512.2652833958023,
                    "14": 2153.246734534815,
                    "15": 2140.8844318529955,
                    "16": 2113.3606178059367,
                    "17": 1483.5071917521439,
                    "18": 1493.9553548473416,
                    "19": 1487.793429527594,
                    "20": 1536.583271438997,
                    "21": 2133.4441562583106,
                    "22": 1448.7996561242699,
                    "23": 1374.2923884393954,
                    "24": 1146.2186029281293
                },
                "load payment": 35704.690062808506
            },
            "LOAD_N.Y.C.": {
                "DAM hourly load payments": {
                    "1": 4058.9949509040107,
                    "2": 3886.394069375928,
                    "3": 3788.6238866825884,
                    "4": 3751.0515325953097,
                    "5": 3784.967762787716,
                    "6": 3996.165717840528,
                    "7": 4512.836879178741,
                    "8": 5002.205071646293,
                    "9": 5396.9375310524465,
                    "10": 5601.966234176406,
                    "11": 5703.678290828878,
                    "12": 5842.684278992701,
                    "13": 5904.618582536255,
                    "14": 8425.575259879972,
                    "15": 8488.843610721686,
                    "16": 8590.82220228425,
                    "17": 6066.521140306455,
                    "18": 6050.680377499665,
                    "19": 5937.3771627703345,
                    "20": 5867.881495297526,
                    "21": 7931.863601008812,
                    "22": 5224.740676012062,
                    "23": 4843.441359649342,
                    "24": 3934.186486803013
                },
                "load payment": 132593.05816083093
            },
            "LOAD_LONGIL": {
                "DAM hourly load payments": {
                    "1": 1545.2499501435327,
                    "2": 1480.0269135095984,
                    "3": 1452.4777616049105,
                    "4": 1438.0657447232704,
                    "5": 1471.007497218779,
                    "6": 1565.5465160506262,
                    "7": 1759.9438846971873,
                    "8": 1905.2993657042682,
                    "9": 1993.8405829975102,
                    "10": 2003.6659588212337,
                    "11": 2010.9635533927692,
                    "12": 2023.8515740347639,
                    "13": 2085.456167859435,
                    "14": 3073.1040318208725,
                    "15": 3081.6889642388023,
                    "16": 3216.6232907237695,
                    "17": 2337.5528911755146,
                    "18": 2363.7538933721116,
                    "19": 2440.5471545372257,
                    "20": 2472.0967959115615,
                    "21": 3402.255544129906,
                    "22": 2254.810184267728,
                    "23": 2025.7419147972698,
                    "24": 1583.5403229144138
                },
                "load payment": 50987.110458647054
            },
            "LOAD_DUNWOD": {
                "DAM hourly load payments": {
                    "1": 437.5793454224518,
                    "2": 412.1822090525001,
                    "3": 399.9462823821644,
                    "4": 391.63757530975374,
                    "5": 392.94909082932725,
                    "6": 426.5282835507496,
                    "7": 489.29785447039035,
                    "8": 554.1717117548159,
                    "9": 582.2103010182208,
                    "10": 588.2623222777278,
                    "11": 598.7691000042154,
                    "12": 618.4345053974082,
                    "13": 627.7323442641534,
                    "14": 894.7476715018009,
                    "15": 894.5083340752155,
                    "16": 909.4305075143817,
                    "17": 642.5619943062999,
                    "18": 649.2441290946936,
                    "19": 667.4588079441185,
                    "20": 672.4704090354138,
                    "21": 904.4356377439495,
                    "22": 588.4967830888809,
                    "23": 532.5339042360829,
                    "24": 430.51799179164624
                },
                "load payment": 14306.107096066364
            },
            "LOAD_HUD VL": {
                "DAM hourly load payments": {
                    "1": 717.393739686441,
                    "2": 681.4458641769202,
                    "3": 670.917105743892,
                    "4": 656.0068598363778,
                    "5": 671.9355451176399,
                    "6": 712.3727182797821,
                    "7": 811.2272824664929,
                    "8": 867.8979400699035,
                    "9": 909.9499627656505,
                    "10": 931.1320363826194,
                    "11": 943.866192958057,
                    "12": 965.0555940633584,
                    "13": 965.9787837380705,
                    "14": 1381.6954446833633,
                    "15": 1382.75685450958,
                    "16": 1380.0096761358427,
                    "17": 991.1247120207104,
                    "18": 1021.4580870469716,
                    "19": 1040.478724813841,
                    "20": 1033.5548022534988,
                    "21": 1413.1006883649559,
                    "22": 925.922608932457,
                    "23": 851.3787064436053,
                    "24": 689.7497085716954
                },
                "load payment": 22616.40963906173
            },
            "b7": {
                "DAM hourly load payments": {
                    "1": 0.0,
                    "2": 0.0,
                    "3": 0.0,
                    "4": 0.0,
                    "5": 0.0,
                    "6": 0.0,
                    "7": 0.0,
                    "8": 0.0,
                    "9": 0.0,
                    "10": 0.0,
                    "11": 0.0,
                    "12": 0.0,
                    "13": 0.0,
                    "14": 0.0,
                    "15": 0.0,
                    "16": 0.0,
                    "17": 0.0,
                    "18": 0.0,
                    "19": 0.0,
                    "20": 0.0,
                    "21": 0.0,
                    "22": 0.0,
                    "23": 0.0,
                    "24": 0.0
                },