{
    "total load_payment": 384699.4546293153,
    "detailed load payment results": {
        "load payments": {
            "b1": {
                "DAM hourly load payments": {
                    "1": 0.0,
                    "2": 0.0,
                    "3": 0.0,
                    "4": 0.0,
                    "5": 0.0,
                    "6": 0.0,
                    "7": 0.0,
                    "8": 0.0,
                    "9": 0.0,
                    "10": 0.0,
                    "11": 0.0,
                    "12": 0.0,
                    "13": 0.0,
                    "14": 0.0,
                    "15": 0.0,
                    "16": 0.0,
                    "17": 0.0,
                    "18": 0.0,
                    "19": 0.0,
                    "20": 0.0,
                    "21": 0.0,
                    "22": 0.0,
                    "23": 0.0,
                    "24": 0.0
                },
                "load payment": 0.0
            },
            "LOAD_WEST": {
                "DAM hourly load payments": {
                    "1": 1236.6858380058488,
                    "2": 1211.0490075702082,
                    "3": 1188.7752252353052,
                    "4": 1174.5610347125319,
                    "5": 1190.5410083676707,
                    "6": 1217.3647969565131,
                    "7": 1267.6566535217926,
                    "8": 1325.4219503109334,
                    "9": 1193.4227495274945,
                    "10": 1207.7488116359725,
                    "11": 1193.2255933497788,
                    "12": 1167.2746903206607,
                    "13": 1144.6256924204943,
                    "14": 1135.3777813360207,
                    "15": 1118.474869674708,
                    "16": 1125.897705119719,
                    "17": 1146.80730714844,
                    "18": 1317.2158201621226,
                    "19": 1355.301057988171,
                    "20": 1406.2523357496734,
                    "21": 1397.7531289274998,
                    "22": 10849.601233136547,
                    "23": 1309.691091916075,
                    "24": 1243.060242902672
                },
                "load payment": 39123.78562599685
            },
            "LOAD_N.Y.C.": {
                "DAM hourly load payments": {
                    "1": 3882.8991370359454,
                    "2": 3690.9929157168244,
                    "3": 3577.1548365421813,
                    "4": 3493.5988434923865,
                    "5": 3467.62497584953,
                    "6": 3516.312240837333,
                    "7": 3647.6542890275323,
                    "8": 3844.000613947117,
                    "9": 3568.355965559895,
                    "10": 3722.303558594993,
                    "11": 3832.2724427040903,
                    "12": 3878.1637504287173,
                    "13": 3889.3850651337275,
                    "14": 3862.7183203886907,
                    "15": 3848.111264177859,
                    "16": 3836.6577843410214,
                    "17": 3851.6416476563445,
                    "18": 4415.293830159912,
                    "19": 4528.956063682228,
                    "20": 4566.726245007601,
                    "21": 4503.048138158994,
                    "22": 35079.75869290852,
                    "23": 4257.296511544863,
                    "24": 4061.939319298842
                },
                "load payment": 124822.86645219514
            },
            "LOAD_LONGIL": {
                "DAM hourly load payments": {
                    "1": 1472.062571132736,
                    "2": 1394.5146384569027,
                    "3": 1349.2270554945862,
                    "4": 1330.499493521851,
                    "5": 1332.5290460119343,
                    "6": 1371.5228194152585,
                    "7": 1454.1556219111135,
                    "8": 1535.5794855472257,
                    "9": 1400.005494813803,
                    "10": 1387.4252765763647,
                    "11": 1360.6875922275308,
                    "12": 1325.1727766052409,
                    "13": 1304.7938367399897,
                    "14": 1277.6950071464573,
                    "15": 1278.3012158438241,
                    "16": 1317.3758975946907,
                    "17": 1412.3157746524644,
                    "18": 1716.414758258132,
                    "19": 1860.4543282197915,
                    "20": 1886.5820616876613,
                    "21": 1839.8803868976318,
                    "22": 14119.176978951724,
                    "23": 1680.820667759523,
                    "24": 1562.6011013741634
                },
                "load payment": 47969.793886840605
            },
            "LOAD_DUNWOD": {
                "DAM hourly load payments": {
                    "1": 439.7313612209563,
                    "2": 413.44243619819656,
                    "3": 387.1315304688961,
                    "4": 382.0320065514377,
                    "5": 376.12652345276626,
                    "6": 386.07645655493917,
                    "7": 428.4992201786233,
                    "8": 458.7446723787214,
                    "9": 428.82558173174516,
                    "10": 442.526088358091,
                    "11": 443.2935231252068,
                    "12": 444.5510842559407,
                    "13": 437.65062058970733,
                    "14": 430.5760330746032,
                    "15": 431.16934399284816,
                    "16": 428.97022424612766,
                    "17": 436.80211228817814,
                    "18": 510.4652748691509,
                    "19": 535.8017026377848,
                    "20": 543.707430119589,
                    "21": 537.4136210881337,
                    "22": 4181.87976783931,
                    "23": 501.9367607313325,
                    "24": 475.79437378148555
                },
                "load payment": 14483.147749733773
            },
            "LOAD_HUD VL": {
                "DAM hourly load payments": {
                    "1": 747.0582732011156,
                    "2": 717.5381843168628,
                    "3": 700.9793854187911,
                    "4": 690.0916087203151,
                    "5": 688.9559389409906,
                    "6": 706.9874451772938,
                    "7": 749.6886311131352,
                    "8": 797.6065713720116,
                    "9": 729.2030403538699,
                    "10": 715.603875664888,
                    "11": 697.1789927901846,
                    "12": 665.6754742332373,
                    "13": 654.3445259679569,
                    "14": 645.5673942301707,
                    "15": 638.576644097986,
                    "16": 657.9366365056442,
                    "17": 688.867112547297,
                    "18": 834.0432558558111,
                    "19": 891.4568610765313,
                    "20": 916.8225964245787,
                    "21": 892.4459928708659,
                    "22": 6915.757038949383,
                    "23": 819.9316422566375,
                    "24": 771.6766645267769
                },
                "load payment": 23933.993786612336
            },
            "b7": {
                "DAM hourly load payments": {
                    "1": 0.0,
                    "2": 0.0,
                    "3": 0.0,
                    "4": 0.0,
                    "5": 0.0,
                    "6": 0.0,
                    "7": 0.0,
                    "8": 0.0,
                    "9": 0.0,
                    "10": 0.0,
                    "11": 0.0,
                    "12": 0.0,
                    "13": 0.0,
                    "14": 0.0,
                    "15": 0.0,
                    "16": 0.0,
                    "17": 0.0,
                    "18": 0.0,
                    "19": 0.0,
                    "20": 0.0,
                    "21": 0.0,
                    "22": 0.0,
                    "23": 0.0,
                    "24": 0.0
                },