{
    "total cost": 298413.06316602195,
    "detailed cost results": {
        "generator costs": {
            "g1": {
                "variable production cost": 218840.87712045977,
                "fixed commitment cost": 28392.00715122869,
                "startup cost": 0.0,
                "total generator cost": 247232.88427168844
            },
            "g2": {
                "variable production cost": 0.0,
                "fixed commitment cost": 0.0,
                "startup cost": 0.0,
                "total generator cost": 0.0
            },
            "g3": {
                "variable production cost": 1683.6504757775901,
                "fixed commitment cost": 656.2875928631728,
                "startup cost": 4605.95,
                "total generator cost": 6945.888068640763
            },
            "g4": {
                "variable production cost": 0.0,
                "fixed commitment cost": 0.0,
                "startup cost": 0.0,
                "total generator cost": 0.0
            },
            "g5": {
                "variable production cost": 26289.58351188936,
                "fixed commitment cost": 11485.917313803524,
                "startup cost": 6458.79,
                "total generator cost": 44234.29082569288
            }
        },
        "total cost of generators": 298413.06316602195,
        "load curtailment cost": 0.0,
        "line overflow penalty": 0.0,
        "up-FRP shortfall penalty": 0.0,
        "down-FRP shortfall penalty": 0.0,
        "total cost": 298413.06316602195
    }
}
