{
    "total cost": 306501.04175790533,
    "detailed cost results": {
        "generator costs": {
            "g1": {
                "variable production cost": 219552.71488324294,
                "fixed commitment cost": 28392.007151228667,
                "startup cost": 0.0,
                "total generator cost": 247944.7220344716
            },
            "g2": {
                "variable production cost": 0.0,
                "fixed commitment cost": 0.0,
                "startup cost": 0.0,
                "total generator cost": 0.0
            },
            "g3": {
                "variable production cost": 5050.95142733277,
                "fixed commitment cost": 1968.8627785895183,
                "startup cost": 5297.28,
                "total generator cost": 12317.094205922287
            },
            "g4": {
                "variable production cost": 0.0,
                "fixed commitment cost": 0.0,
                "startup cost": 0.0,
                "total generator cost": 0.0
            },
            "g5": {
                "variable production cost": 26289.58351188938,
                "fixed commitment cost": 11485.91731380352,
                "startup cost": 8051.58,
                "total generator cost": 45827.0808256929
            }
        },
        "total cost of generators": 306088.8970660868,
        "load curtailment cost": 0.0,
        "up-FRP shortfall penalty": 412.1446918185143,
        "down-FRP shortfall penalty": 0.0,
        "line overflow penalty": 0.0,
        "total cost": 306501.04175790533
    }
}
