{
    "total load_payment": 427090.08172134595,
    "detailed load payment results": {
        "load payments": {
            "b1": {
                "DAM hourly load payments": {
                    "1": 0.0,
                    "2": 0.0,
                    "3": 0.0,
                    "4": 0.0,
                    "5": 0.0,
                    "6": 0.0,
                    "7": 0.0,
                    "8": 0.0,
                    "9": 0.0,
                    "10": 0.0,
                    "11": 0.0,
                    "12": 0.0,
                    "13": 0.0,
                    "14": 0.0,
                    "15": 0.0,
                    "16": 0.0,
                    "17": 0.0,
                    "18": 0.0,
                    "19": 0.0,
                    "20": 0.0,
                    "21": 0.0,
                    "22": 0.0,
                    "23": 0.0,
                    "24": 0.0
                },
                "load payment": 0.0
            },
            "LOAD_WEST": {
                "DAM hourly load payments": {
                    "1": 1222.4130328517858,
                    "2": 1200.666787473861,
                    "3": 1186.4672510485243,
                    "4": 1177.9753708354551,
                    "5": 1193.757518131727,
                    "6": 1260.153905982286,
                    "7": 1200.1840977572504,
                    "8": 11665.60909136283,
                    "9": 1468.2232740972056,
                    "10": 1459.203857806386,
                    "11": 1469.2469472530263,
                    "12": 1453.7113804019568,
                    "13": 1434.6502814297155,
                    "14": 1434.5634857741838,
                    "15": 1440.2491612799106,
                    "16": 1430.482400966705,
                    "17": 1418.590838728149,
                    "18": 1437.8459376578626,
                    "19": 1484.083199683958,
                    "20": 1519.7900116418493,
                    "21": 1511.721626667875,
                    "22": 1456.8885561312727,
                    "23": 1381.7951359789017,
                    "24": 1137.6994326542983
                },
                "load payment": 43045.972583596966
            },
            "LOAD_N.Y.C.": {
                "DAM hourly load payments": {
                    "1": 3956.8129265234475,
                    "2": 3774.827330463317,
                    "3": 3622.3325150925657,
                    "4": 3548.301495463256,
                    "5": 3543.209298154902,
                    "6": 3711.3104151695998,
                    "7": 3663.888232072506,
                    "8": 36988.873911184426,
                    "9": 4912.863757514195,
                    "10": 5081.433795975353,
                    "11": 5134.096429122912,
                    "12": 5172.013973501077,
                    "13": 5182.793596858627,
                    "14": 5186.391669707525,
                    "15": 5175.9435074915555,
                    "16": 5201.492415101033,
                    "17": 5232.829576019065,
                    "18": 5240.632726841039,
                    "19": 5213.695088743054,
                    "20": 5121.043029161819,
                    "21": 4942.61098007296,
                    "22": 4744.000643258903,
                    "23": 4459.819415002406,
                    "24": 3645.7664534690975
                },
                "load payment": 142456.98318196464
            },
            "LOAD_LONGIL": {
                "DAM hourly load payments": {
                    "1": 1454.3021602477945,
                    "2": 1386.4184109615671,
                    "3": 1346.4355057639086,
                    "4": 1324.4254919074947,
                    "5": 1340.6399267254778,
                    "6": 1419.484721087216,
                    "7": 1405.7469748964413,
                    "8": 13814.472574505226,
                    "9": 1737.8239664288412,
                    "10": 1692.851440846428,
                    "11": 1661.5153270892552,
                    "12": 1630.4547705031032,
                    "13": 1615.9606750255552,
                    "14": 1623.4876584920933,
                    "15": 1647.6444549803982,
                    "16": 1700.991629754845,
                    "17": 1796.2267037076645,
                    "18": 1903.4632443109724,
                    "19": 2038.2134291856216,
                    "20": 2055.503791453471,
                    "21": 1991.9854113654692,
                    "22": 1878.3099894192283,
                    "23": 1709.2783561207148,
                    "24": 1357.211564797476
                },
                "load payment": 51532.84817957626
            },
            "LOAD_DUNWOD": {
                "DAM hourly load payments": {
                    "1": 450.26011965398465,
                    "2": 426.7554174890299,
                    "3": 411.92576744688347,
                    "4": 398.4515943373921,
                    "5": 402.73050523996943,
                    "6": 424.24961694338225,
                    "7": 427.79650057570154,
                    "8": 4367.176931277484,
                    "9": 559.6580961073919,
                    "10": 568.7214741629841,
                    "11": 579.4114244146706,
                    "12": 572.2248902643857,
                    "13": 567.6500555714892,
                    "14": 555.8481070029662,
                    "15": 558.6689643130572,
                    "16": 564.1494872025042,
                    "17": 574.3192273700848,
                    "18": 581.0160159921467,
                    "19": 606.8365828899933,
                    "20": 606.4916548728979,
                    "21": 587.0958794213234,
                    "22": 559.174520563495,
                    "23": 516.3634311828724,
                    "24": 410.0939092738324
                },
                "load payment": 16277.07017356992
            },
            "LOAD_HUD VL": {
                "DAM hourly load payments": {
                    "1": 709.6104761285179,
                    "2": 670.5654144392395,
                    "3": 658.6152369539338,
                    "4": 658.5859293745204,
                    "5": 657.0692606232075,
                    "6": 694.1726932640255,
                    "7": 684.8677917976681,
                    "8": 6760.3992275552955,
                    "9": 851.0343420118255,
                    "10": 833.5303727325008,
                    "11": 815.2706858366718,
                    "12": 807.0019737148859,
                    "13": 797.8590677045727,
                    "14": 793.247064516144,
                    "15": 795.1447322394456,
                    "16": 812.0039341562153,
                    "17": 857.0277480245829,
                    "18": 902.4838491508932,
                    "19": 955.7887532682051,
                    "20": 983.7758285477612,
                    "21": 953.2299739444246,
                    "22": 905.1288605448896,
                    "23": 837.7579952612011,
                    "24": 663.9600318444915
                },
                "load payment": 25058.131243635115
            },
            "b7": {
                "DAM hourly load payments": {
                    "1": 0.0,
                    "2": 0.0,
                    "3": 0.0,
                    "4": 0.0,
                    "5": 0.0,
                    "6": 0.0,
                    "7": 0.0,
                    "8": 0.0,
                    "9": 0.0,
                    "10": 0.0,
                    "11": 0.0,
                    "12": 0.0,
                    "13": 0.0,
                    "14": 0.0,
                    "15": 0.0,
                    "16": 0.0,
                    "17": 0.0,
                    "18": 0.0,
                    "19": 0.0,
                    "20": 0.0,
                    "21": 0.0,
                    "22": 0.0,
                    "23": 0.0,
                    "24": 0.0
                },