{
    "detailed payment": {
        "generator payments": {
            "g1": {
                "DAM hourly energy payments": {
                    "1": 11843.581497044644,
                    "2": 11372.714987621966,
                    "3": 11112.683228892978,
                    "4": 9697.215104384772,
                    "5": 11155.237877107596,
                    "6": 11802.818799378065,
                    "7": 9658.276118557484,
                    "8": 12146.377544239345,
                    "9": 12538.652558632017,
                    "10": 12779.11416184269,
                    "11": 13068.863837397414,
                    "12": 13156.552201342569,
                    "13": 13278.369278134507,
                    "14": 13273.7972902948,
                    "15": 13333.628772971237,
                    "16": 13458.896818316161,
                    "17": 13636.88925468097,
                    "18": 11724.23471036669,
                    "19": 11883.162546760243,
                    "20": 11657.647824876518,
                    "21": 13329.855419198326,
                    "22": 12580.884824176472,
                    "23": 11603.695881597298,
                    "24": 9195.087334240601
                },
                "hourly up-FRP payment": {
                    "1": -0.0,
                    "2": -0.0,
                    "3": -0.0,
                    "4": -0.0,
                    "5": -0.0,
                    "6": 0.0,
                    "7": -0.0,
                    "8": -0.0,
                    "9": -0.0,
                    "10": -0.0,
                    "11": -0.0,
                    "12": -0.0,
                    "13": -0.0,
                    "14": -0.0,
                    "15": -0.0,
                    "16": -0.0,
                    "17": 0.0,
                    "18": -0.0,
                    "19": -0.0,
                    "20": -0.0,
                    "21": -0.0,
                    "22": -0.0,
                    "23": -0.0,
                    "24": -0.0
                },
                "hourly down-FRP payment": {
                    "1": -0.0,
                    "2": -0.0,
                    "3": -0.0,
                    "4": -0.0,
                    "5": -0.0,
                    "6": -0.0,
                    "7": -0.0,
                    "8": -0.0,
                    "9": -0.0,
                    "10": -0.0,
                    "11": -0.0,
                    "12": -0.0,
                    "13": -0.0,
                    "14": -0.0,
                    "15": -0.0,
                    "16": -0.0,
                    "17": -0.0,
                    "18": -0.0,
                    "19": 0.0,
                    "20": -0.0,
                    "21": -0.0,
                    "22": -0.0,
                    "23": -0.0,
                    "24": -0.0
                },
                "energy payment": 289288.2378720554,
                "up-FRP payment": 0.0,
                "down-FRP payment": 0.0,
                "make-whole payment": 0.0,
                "total payment": 289288.2378720554
            },
            "g2": {
                "DAM hourly energy payments": {
                    "1": 0.0,
                    "2": 0.0,
                    "3": 0.0,
                    "4": 0.0,
                    "5": 0.0,
                    "6": 0.0,
                    "7": 0.0,
                    "8": 0.0,
                    "9": 0.0,
                    "10": 0.0,
                    "11": 0.0,
                    "12": 0.0,
                    "13": 0.0,
                    "14": 0.0,
                    "15": 0.0,
                    "16": 0.0,
                    "17": 0.0,
                    "18": 0.0,
                    "19": 0.0,
                    "20": 0.0,
                    "21": 0.0,
                    "22": 0.0,
                    "23": 0.0,
                    "24": 0.0
                },
                "hourly up-FRP payment": {
                    "1": -0.0,
                    "2": -0.0,
                    "3": -0.0,
                    "4": -0.0,
                    "5": -0.0,
                    "6": -0.0,
                    "7": -0.0,
                    "8": -0.0,
                    "9": -0.0,
                    "10": -0.0,
                    "11": -0.0,
                    "12": -0.0,
                    "13": -0.0,
                    "14": -0.0,
                    "15": -0.0,
                    "16": -0.0,
                    "17": -0.0,
                    "18": -0.0,
                    "19": -0.0,
                    "20": -0.0,
                    "21": -0.0,
                    "22": -0.0,
                    "23": -0.0,
                    "24": -0.0
                },
                "hourly down-FRP payment": {
                    "1": -0.0,
                    "2": -0.0,
                    "3": -0.0,
                    "4": -0.0,
                    "5": -0.0,
                    "6": -0.0,
                    "7": -0.0,
                    "8": -0.0,
                    "9": -0.0,
                    "10": -0.0,
                    "11": -0.0,
                    "12": -0.0,
                    "13": -0.0,
                    "14": -0.0,
                    "15": -0.0,
                    "16": -0.0,
                    "17": -0.0,
                    "18": -0.0,
                    "19": -0.0,
                    "20": -0.0,
                    "21": -0.0,
                    "22": -0.0,
                    "23": -0.0,
                    "24": -0.0
                },
                "energy payment": 0.0,
                "up-FRP payment": -0.0,
                "down-FRP payment": -0.0,
                "make-whole payment": 0.0,
                "total payment": 0.0
            },
            "g3": {
                "DAM hourly energy payments": {
                    "1": 0.0,
                    "2": 0.0,
                    "3": 0.0,
                    "4": 0.0,
                    "5": 0.0,
                    "6": 0.0,
                    "7": 0.0,
                    "8": 0.0,
                    "9": 0.0,
                    "10": 0.0,
                    "11": 0.0,
                    "12": 0.0,
                    "13": 0.0,
                    "14": 0.0,
                    "15": 0.0,
                    "16": 0.0,
                    "17": 0.0,
                    "18": 2218.376863837732,
                    "19": 2218.376863837732,
                    "20": 2218.376863837732,
                    "21": 0.0,
                    "22": 0.0,
                    "23": 0.0,
                    "24": 0.0
                },
                "hourly up-FRP payment": {
                    "1": -0.0,
                    "2": -0.0,
                    "3": -0.0,
                    "4": -0.0,
                    "5": -0.0,
                    "6": -0.0,
                    "7": -0.0,
                    "8": -0.0,
                    "9": -0.0,
                    "10": -0.0,
                    "11": -0.0,
                    "12": -0.0,
                    "13": -0.0,
                    "14": -0.0,
                    "15": -0.0,
                    "16": -0.0,
                    "17": -0.0,
                    "18": -0.0,
                    "19": -0.0,
                    "20": -0.0,
                    "21": -0.0,
                    "22": -0.0,
                    "23": -0.0,
                    "24": -0.0
                },
                "hourly down-FRP payment": {
                    "1": -0.0,
                    "2": -0.0,
                    "3": -0.0,
                    "4": -0.0,
                    "5": -0.0,
                    "6": -0.0,
                    "7": -0.0,
                    "8": -0.0,
                    "9": -0.0,
                    "10": -0.0,
                    "11": -0.0,
                    "12": -0.0,
                    "13": -0.0,
                    "14": -0.0,
                    "15": -0.0,