{
    "total cost": 317427.83203525783,
    "detailed cost results": {
        "generator costs": {
            "g1": {
                "variable production cost": 237164.3159896955,
                "fixed commitment cost": 28392.00715122869,
                "startup cost": 0.0,
                "total generator cost": 265556.3231409242
            },
            "g2": {
                "variable production cost": 0.0,
                "fixed commitment cost": 0.0,
                "startup cost": 0.0,
                "total generator cost": 0.0
            },
            "g3": {
                "variable production cost": 1683.6504757775901,
                "fixed commitment cost": 656.2875928631728,
                "startup cost": 5297.28,
                "total generator cost": 7637.218068640764
            },
            "g4": {
                "variable production cost": 0.0,
                "fixed commitment cost": 0.0,
                "startup cost": 0.0,
                "total generator cost": 0.0
            },
            "g5": {
                "variable production cost": 26289.58351188936,
                "fixed commitment cost": 11485.917313803524,
                "startup cost": 6458.79,
                "total generator cost": 44234.29082569288
            }
        },
        "total cost of generators": 317427.83203525783,
        "load curtailment cost": 0.0,
        "line overflow penalty": 0.0,
        "up-FRP shortfall penalty": 0.0,
        "down-FRP shortfall penalty": 0.0,
        "total cost": 317427.83203525783
    }
}
