{
    "total load_payment": 872289.8494129508,
    "detailed load payment results": {
        "load payments": {
            "b1": {
                "DAM hourly load payments": {
                    "1": 0.0,
                    "2": 0.0,
                    "3": 0.0,
                    "4": 0.0,
                    "5": 0.0,
                    "6": 0.0,
                    "7": 0.0,
                    "8": 0.0,
                    "9": 0.0,
                    "10": 0.0,
                    "11": 0.0,
                    "12": 0.0,
                    "13": 0.0,
                    "14": 0.0,
                    "15": 0.0,
                    "16": 0.0,
                    "17": 0.0,
                    "18": 0.0,
                    "19": 0.0,
                    "20": 0.0,
                    "21": 0.0,
                    "22": 0.0,
                    "23": 0.0,
                    "24": 0.0
                },
                "load payment": 0.0
            },
            "LOAD_WEST": {
                "DAM hourly load payments": {
                    "1": 1241.5896290069313,
                    "2": 9634.810538833288,
                    "3": 1179.7558080652573,
                    "4": 1173.3227885371446,
                    "5": 1186.796961646636,
                    "6": 1237.887450256487,
                    "7": 1356.4953427504765,
                    "8": 11475.584656799505,
                    "9": 1469.8205390655771,
                    "10": 11840.051048780968,
                    "11": 12027.21577441715,
                    "12": 1524.090903514736,
                    "13": 1507.3049703266927,
                    "14": 1519.7826850327453,
                    "15": 11955.31463644697,
                    "16": 1461.0535676724658,
                    "17": 1453.7379884868385,
                    "18": 1488.5187928434393,
                    "19": 1497.9924773625107,
                    "20": 1522.1126399260668,
                    "21": 1499.97074095118,
                    "22": 1457.8557072190663,
                    "23": 1367.8080800098685,
                    "24": 1282.537591849893
                },
                "load payment": 83361.41131980187
            },
            "LOAD_N.Y.C.": {
                "DAM hourly load payments": {
                    "1": 5144.45876195521,
                    "2": 37909.40687111156,
                    "3": 4461.966197634297,
                    "4": 4273.899272471477,
                    "5": 4164.156931322521,
                    "6": 4255.340228662736,
                    "7": 4626.572381429783,
                    "8": 40173.82575781473,
                    "9": 5277.457736905931,
                    "10": 43103.68031234783,
                    "11": 43281.27378058117,
                    "12": 5439.265044361636,
                    "13": 5407.012021257223,
                    "14": 5395.633341878209,
                    "15": 42806.50451006763,
                    "16": 5357.99304718547,
                    "17": 5381.866092974583,
                    "18": 5383.060377736889,
                    "19": 5294.661303518248,
                    "20": 5217.985271615714,
                    "21": 5069.923232357093,
                    "22": 4885.0947985441,
                    "23": 4642.581663279796,
                    "24": 4325.436701821248
                },
                "load payment": 301279.055638835
            },
            "LOAD_LONGIL": {
                "DAM hourly load payments": {
                    "1": 1923.1610970956235,
                    "2": 14240.86031320537,
                    "3": 1674.167840286774,
                    "4": 1595.0812581530874,
                    "5": 1580.8743951186464,
                    "6": 1622.732986981375,
                    "7": 1765.915309387944,
                    "8": 14891.997464413005,
                    "9": 1927.7812323541668,
                    "10": 15542.025753038635,
                    "11": 15756.73701531769,
                    "12": 1980.1466028226107,
                    "13": 1969.0609992377308,
                    "14": 1958.8472981846057,
                    "15": 15665.635010568238,
                    "16": 1960.8788482812993,
                    "17": 1987.927772938043,
                    "18": 2020.4079297169671,
                    "19": 2090.211327081345,
                    "20": 2106.521011334596,
                    "21": 2041.3921778542979,
                    "22": 1934.0017723052044,
                    "23": 1776.5759520602169,
                    "24": 1607.0753973152432
                },
                "load payment": 111620.01676505271
            },
            "LOAD_DUNWOD": {
                "DAM hourly load payments": {
                    "1": 535.085759637303,
                    "2": 3945.0495659745498,
                    "3": 469.6104683706568,
                    "4": 446.1057661177793,
                    "5": 435.0128362754864,
                    "6": 453.2128612912432,
                    "7": 501.35793548839985,
                    "8": 4405.812119652855,
                    "9": 576.4073944914579,
                    "10": 4669.138356656426,
                    "11": 4742.148357208614,
                    "12": 588.0571689580654,
                    "13": 592.8050015708715,
                    "14": 590.8047572756616,
                    "15": 4652.913911855829,
                    "16": 582.336856606663,
                    "17": 583.2360673527644,
                    "18": 586.7016921133331,
                    "19": 599.9340774508762,
                    "20": 609.0487437044999,
                    "21": 585.1190812423979,
                    "22": 557.9802355374208,
                    "23": 513.3227667194509,
                    "24": 467.2365520642537
                },
                "load payment": 32688.438333616858
            },
            "LOAD_HUD VL": {
                "DAM hourly load payments": {
                    "1": 774.0034793442849,
                    "2": 5743.978628574597,
                    "3": 693.8136750865006,
                    "4": 672.2066405569245,
                    "5": 673.4229062895395,
                    "6": 700.8401742187511,
                    "7": 779.6263534216627,
                    "8": 6706.881905475139,
                    "9": 875.4475801057473,
                    "10": 7134.436874838596,
                    "11": 7280.340150985732,
                    "12": 911.1735548436011,
                    "13": 918.3246119576834,
                    "14": 914.5366029443388,
                    "15": 7309.812610904561,
                    "16": 922.8379834076451,
                    "17": 941.3750456306176,
                    "18": 955.7724084148214,
                    "19": 989.4981397366934,
                    "20": 989.2710051829533,
                    "21": 956.52707992554,
                    "22": 909.9353086682138,
                    "23": 830.5190159364155,
                    "24": 760.891464488132
                },
                "load payment": 50345.47320093869
            },
            "b7": {
                "DAM hourly load payments": {
                    "1": 0.0,
                    "2": 0.0,
                    "3": 0.0,
                    "4": 0.0,
                    "5": 0.0,
                    "6": 0.0,
                    "7": 0.0,
                    "8": 0.0,
                    "9": 0.0,
                    "10": 0.0,
                    "11": 0.0,
                    "12": 0.0,
                    "13": 0.0,
                    "14": 0.0,
                    "15": 0.0,
                    "16": 0.0,
                    "17": 0.0,
                    "18": 0.0,
                    "19": 0.0,
                    "20": 0.0,
                    "21": 0.0,
                    "22": 0.0,
                    "23": 0.0,
                    "24": 0.0
                },