{
    "total load_payment": 429778.88721961126,
    "detailed load payment results": {
        "load payments": {
            "b1": {
                "DAM hourly load payments": {
                    "1": 0.0,
                    "2": 0.0,
                    "3": 0.0,
                    "4": 0.0,
                    "5": 0.0,
                    "6": 0.0,
                    "7": 0.0,
                    "8": 0.0,
                    "9": 0.0,
                    "10": 0.0,
                    "11": 0.0,
                    "12": 0.0,
                    "13": 0.0,
                    "14": 0.0,
                    "15": 0.0,
                    "16": 0.0,
                    "17": 0.0,
                    "18": 0.0,
                    "19": 0.0,
                    "20": 0.0,
                    "21": 0.0,
                    "22": 0.0,
                    "23": 0.0,
                    "24": 0.0
                },
                "load payment": 0.0
            },
            "LOAD_WEST": {
                "DAM hourly load payments": {
                    "1": 1200.2412629759383,
                    "2": 1151.0270246164723,
                    "3": 994.8990255453856,
                    "4": 995.7755975037198,
                    "5": 997.4845905772687,
                    "6": 1191.149141541708,
                    "7": 1153.56773523039,
                    "8": 1411.0294756781245,
                    "9": 1279.9908618230538,
                    "10": 1309.9595109231582,
                    "11": 1330.1624843222753,
                    "12": 1346.5467088976172,
                    "13": 1317.1824266515007,
                    "14": 1313.6354588437648,
                    "15": 1301.8328103874958,
                    "16": 1463.5853450171032,
                    "17": 1455.8387162631575,
                    "18": 11676.464295281863,
                    "19": 1511.2248627000536,
                    "20": 1525.5929181686126,
                    "21": 1493.350361397427,
                    "22": 1428.943751508851,
                    "23": 1364.3204742789903,
                    "24": 1278.9986980968292
                },
                "load payment": 41492.80353823076
            },
            "LOAD_N.Y.C.": {
                "DAM hourly load payments": {
                    "1": 3873.392763689336,
                    "2": 3684.2521654179127,
                    "3": 3135.812765052362,
                    "4": 3081.650326089679,
                    "5": 3090.369416854061,
                    "6": 3682.7501507640363,
                    "7": 3652.9580447039702,
                    "8": 4616.790967019141,
                    "9": 4325.081629197218,
                    "10": 4502.126889310228,
                    "11": 4566.201702155746,
                    "12": 4598.058074334485,
                    "13": 4620.847108824984,
                    "14": 4622.69153233265,
                    "15": 4614.574965031108,
                    "16": 5258.275906704943,
                    "17": 5318.897649062753,
                    "18": 42680.61916139371,
                    "19": 5312.861328534004,
                    "20": 5199.646035751608,
                    "21": 5048.867808933528,
                    "22": 4848.892574871454,
                    "23": 4570.58019526134,
                    "24": 4257.098685185997
                },
                "load payment": 143163.2978464763
            },
            "LOAD_LONGIL": {
                "DAM hourly load payments": {
                    "1": 1428.9826406540915,
                    "2": 1366.2474498454737,
                    "3": 1166.0344920462526,
                    "4": 1153.4737632977478,
                    "5": 1169.7253225256932,
                    "6": 1410.6558036669314,
                    "7": 1412.2936632453093,
                    "8": 1751.3933898528278,
                    "9": 1584.1013886496644,
                    "10": 1622.4408808164096,
                    "11": 1670.6879271178532,
                    "12": 1680.6654999346595,
                    "13": 1659.0842774565629,
                    "14": 1649.1398709766056,
                    "15": 1659.7264168036152,
                    "16": 1900.82555952608,
                    "17": 1952.0437454901937,
                    "18": 16139.937388256187,
                    "19": 2126.699299939022,
                    "20": 2104.1470950281932,
                    "21": 2025.409064475036,
                    "22": 1904.005435365387,
                    "23": 1733.04682650039,
                    "24": 1570.1551369358556
                },
                "load payment": 53840.922338406046
            },
            "LOAD_DUNWOD": {
                "DAM hourly load payments": {
                    "1": 430.3551809180291,
                    "2": 413.06143731413084,
                    "3": 348.81918111334585,
                    "4": 341.8954017994185,
                    "5": 346.4806631530174,
                    "6": 415.7064489718958,
                    "7": 424.2817784152903,
                    "8": 547.8764374015396,
                    "9": 493.0735968079492,
                    "10": 509.5508720846905,
                    "11": 519.4363160504477,
                    "12": 519.3257611815458,
                    "13": 523.480779994358,
                    "14": 523.029347819378,
                    "15": 528.463117474506,
                    "16": 609.5909344951464,
                    "17": 619.6737985578093,
                    "18": 4960.594745984695,
                    "19": 637.1107790841892,
                    "20": 631.9892744601899,
                    "21": 606.1776447417772,
                    "22": 580.7595743865301,
                    "23": 533.5230360304174,
                    "24": 485.70034555849963
                },
                "load payment": 16549.956453798797
            },
            "LOAD_HUD VL": {
                "DAM hourly load payments": {
                    "1": 708.5903459108999,
                    "2": 685.7980440719925,
                    "3": 590.6400012621938,
                    "4": 581.7477790774903,
                    "5": 588.6546917493672,
                    "6": 718.8350460027682,
                    "7": 709.3086996969437,
                    "8": 866.8677776819748,
                    "9": 779.9523116019897,
                    "10": 788.9358121394761,
                    "11": 798.0013079843375,
                    "12": 801.6109224573622,
                    "13": 801.201869937711,
                    "14": 803.9491573310064,
                    "15": 800.9033721321848,
                    "16": 913.5621252474407,
                    "17": 931.0838880845561,
                    "18": 7711.863689757332,
                    "19": 992.8831685439719,
                    "20": 986.809166050387,
                    "21": 964.2182337723181,
                    "22": 908.6311203732043,
                    "23": 830.9293224878174,
                    "24": 755.8871903576321
                },
                "load payment": 26020.865043712358
            },
            "b7": {
                "DAM hourly load payments": {
                    "1": 0.0,
                    "2": 0.0,
                    "3": 0.0,
                    "4": 0.0,
                    "5": 0.0,
                    "6": 0.0,
                    "7": 0.0,
                    "8": 0.0,
                    "9": 0.0,
                    "10": 0.0,
                    "11": 0.0,
                    "12": 0.0,
                    "13": 0.0,
                    "14": 0.0,
                    "15": 0.0,
                    "16": 0.0,
                    "17": 0.0,
                    "18": 0.0,
                    "19": 0.0,
                    "20": 0.0,
                    "21": 0.0,
                    "22": 0.0,
                    "23": 0.0,
                    "24": 0.0
                },