{
    "total cost": 325548.12033879175,
    "detailed cost results": {
        "generator costs": {
            "g1": {
                "variable production cost": 215700.69593256994,
                "fixed commitment cost": 28392.007151228667,
                "startup cost": 0.0,
                "total generator cost": 244092.7030837986
            },
            "g2": {
                "variable production cost": 0.0,
                "fixed commitment cost": 0.0,
                "startup cost": 0.0,
                "total generator cost": 0.0
            },
            "g3": {
                "variable production cost": 20203.805709331078,
                "fixed commitment cost": 7875.451114358074,
                "startup cost": 5297.28,
                "total generator cost": 33376.53682368915
            },
            "g4": {
                "variable production cost": 0.0,
                "fixed commitment cost": 0.0,
                "startup cost": 0.0,
                "total generator cost": 0.0
            },
            "g5": {
                "variable production cost": 27865.740922570872,
                "fixed commitment cost": 12161.559508733139,
                "startup cost": 8051.58,
                "total generator cost": 48078.88043130402
            }
        },
        "total cost of generators": 325548.12033879175,
        "load curtailment cost": 0.0,
        "up-FRP shortfall penalty": 0.0,
        "down-FRP shortfall penalty": 0.0,
        "line overflow penalty": 0.0,
        "total cost": 325548.12033879175
    }
}
