{
    "total cost": 319414.42733525694,
    "detailed cost results": {
        "generator costs": {
            "g1": {
                "variable production cost": 217317.5321438298,
                "fixed commitment cost": 28392.007151228667,
                "startup cost": 0.0,
                "total generator cost": 245709.53929505846
            },
            "g2": {
                "variable production cost": 0.0,
                "fixed commitment cost": 0.0,
                "startup cost": 0.0,
                "total generator cost": 0.0
            },
            "g3": {
                "variable production cost": 5050.95142733277,
                "fixed commitment cost": 1968.8627785895183,
                "startup cost": 5297.28,
                "total generator cost": 12317.094205922287
            },
            "g4": {
                "variable production cost": 0.0,
                "fixed commitment cost": 0.0,
                "startup cost": 0.0,
                "total generator cost": 0.0
            },
            "g5": {
                "variable production cost": 37114.70613443208,
                "fixed commitment cost": 16215.412678310848,
                "startup cost": 8051.58,
                "total generator cost": 61381.698812742936
            }
        },
        "total cost of generators": 319408.3323137237,
        "load curtailment cost": 0.0,
        "up-FRP shortfall penalty": 6.095021533258205,
        "down-FRP shortfall penalty": 0.0,
        "line overflow penalty": 0.0,
        "total cost": 319414.42733525694
    }
}
