{
    "total cost": 327641.62763150886,
    "detailed cost results": {
        "generator costs": {
            "g1": {
                "variable production cost": 233982.0362608305,
                "fixed commitment cost": 28392.00715122869,
                "startup cost": 0.0,
                "total generator cost": 262374.0434120592
            },
            "g2": {
                "variable production cost": 0.0,
                "fixed commitment cost": 0.0,
                "startup cost": 0.0,
                "total generator cost": 0.0
            },
            "g3": {
                "variable production cost": 5050.95142733277,
                "fixed commitment cost": 1968.8627785895183,
                "startup cost": 4605.95,
                "total generator cost": 11625.764205922289
            },
            "g4": {
                "variable production cost": 0.0,
                "fixed commitment cost": 0.0,
                "startup cost": 0.0,
                "total generator cost": 0.0
            },
            "g5": {
                "variable production cost": 24743.13742295469,
                "fixed commitment cost": 10810.275118873906,
                "startup cost": 6458.79,
                "total generator cost": 42012.20254182859
            }
        },
        "total cost of generators": 316012.0101598101,
        "load curtailment cost": 11629.617471698733,
        "line overflow penalty": 0.0,
        "up-FRP shortfall penalty": 0.0,
        "down-FRP shortfall penalty": 0.0,
        "total cost": 327641.62763150886
    }
}
