{
    "total load_payment": 443645.12422484526,
    "detailed load payment results": {
        "load payments": {
            "b1": {
                "DAM hourly load payments": {
                    "1": 0.0,
                    "2": 0.0,
                    "3": 0.0,
                    "4": 0.0,
                    "5": 0.0,
                    "6": 0.0,
                    "7": 0.0,
                    "8": 0.0,
                    "9": 0.0,
                    "10": 0.0,
                    "11": 0.0,
                    "12": 0.0,
                    "13": 0.0,
                    "14": 0.0,
                    "15": 0.0,
                    "16": 0.0,
                    "17": 0.0,
                    "18": 0.0,
                    "19": 0.0,
                    "20": 0.0,
                    "21": 0.0,
                    "22": 0.0,
                    "23": 0.0,
                    "24": 0.0
                },
                "load payment": 0.0
            },
            "LOAD_WEST": {
                "DAM hourly load payments": {
                    "1": 9889.691056009913,
                    "2": 1209.5909543294133,
                    "3": 1179.7558080652573,
                    "4": 1173.3227885371446,
                    "5": 1186.796961646636,
                    "6": 1237.887450256487,
                    "7": 1356.4953427504765,
                    "8": 1440.688775410726,
                    "9": 1293.7144012425747,
                    "10": 1486.445279819503,
                    "11": 1509.942655111585,
                    "12": 1524.090903514736,
                    "13": 1507.3049703266927,
                    "14": 1519.7826850327453,
                    "15": 1500.915911332433,
                    "16": 1461.0535676724658,
                    "17": 1453.7379884868385,
                    "18": 1488.5187928434393,
                    "19": 1497.9924773625107,
                    "20": 1522.1126399260668,
                    "21": 1499.97074095118,
                    "22": 1457.8557072190663,
                    "23": 1367.8080800098685,
                    "24": 1128.8707080974802
                },
                "load payment": 41894.346645955244
            },
            "LOAD_N.Y.C.": {
                "DAM hourly load payments": {
                    "1": 40977.39431571576,
                    "2": 4759.291887522947,
                    "3": 4461.966197634297,
                    "4": 4273.899272471477,
                    "5": 4164.156931322521,
                    "6": 4255.340228662736,
                    "7": 4626.572381429783,
                    "8": 5043.575692703044,
                    "9": 4645.140610516148,
                    "10": 5411.400835956272,
                    "11": 5433.696598997716,
                    "12": 5439.265044361636,
                    "13": 5407.012021257223,
                    "14": 5395.633341878209,
                    "15": 5374.092249468255,
                    "16": 5357.99304718547,
                    "17": 5381.866092974583,
                    "18": 5383.060377736889,
                    "19": 5294.661303518248,
                    "20": 5217.985271615714,
                    "21": 5069.923232357093,
                    "22": 4885.0947985441,
                    "23": 4642.581663279796,
                    "24": 3807.185710145848
                },
                "load payment": 154708.78910725578
            },
            "LOAD_LONGIL": {
                "DAM hourly load payments": {
                    "1": 15318.643662016784,
                    "2": 1787.8520545156314,
                    "3": 1674.167840286774,
                    "4": 1595.0812581530874,
                    "5": 1580.8743951186464,
                    "6": 1622.732986981375,
                    "7": 1765.915309387944,
                    "8": 1869.5983021407512,
                    "9": 1696.8046618312171,
                    "10": 1951.2053389175223,
                    "11": 1978.1610117456096,
                    "12": 1980.1466028226107,
                    "13": 1969.0609992377308,
                    "14": 1958.8472981846057,
                    "15": 1966.7237177353054,
                    "16": 1960.8788482812993,
                    "17": 1987.927772938043,
                    "18": 2020.4079297169671,
                    "19": 2090.211327081345,
                    "20": 2106.521011334596,
                    "21": 2041.3921778542979,
                    "22": 1934.0017723052044,
                    "23": 1776.5759520602169,
                    "24": 1414.5241069437811
                },
                "load payment": 58048.256337591345
            },
            "LOAD_DUNWOD": {
                "DAM hourly load payments": {
                    "1": 4262.143245764631,
                    "2": 495.2766066494795,
                    "3": 469.6104683706568,
                    "4": 446.1057661177793,
                    "5": 435.0128362754864,
                    "6": 453.2128612912432,
                    "7": 501.35793548839985,
                    "8": 553.1224993919109,
                    "9": 507.3453033323266,
                    "10": 586.1814820292275,
                    "11": 595.3474366567281,
                    "12": 588.0571689580654,
                    "13": 592.8050015708715,
                    "14": 590.8047572756616,
                    "15": 584.1446031938085,
                    "16": 582.336856606663,
                    "17": 583.2360673527644,
                    "18": 586.7016921133331,
                    "19": 599.9340774508762,
                    "20": 609.0487437044999,
                    "21": 585.1190812423979,
                    "22": 557.9802355374208,
                    "23": 513.3227667194509,
                    "24": 411.25473493297136
                },
                "load payment": 16689.462228026652
            },
            "LOAD_HUD VL": {
                "DAM hourly load payments": {
                    "1": 6165.205562416142,
                    "2": 721.1210394830081,
                    "3": 693.8136750865006,
                    "4": 672.2066405569245,
                    "5": 673.4229062895395,
                    "6": 700.8401742187511,
                    "7": 779.6263534216627,
                    "8": 842.0075985843649,
                    "9": 770.5560725364425,
                    "10": 895.6844842206914,
                    "11": 914.0017393782559,
                    "12": 911.1735548436011,
                    "13": 918.3246119576834,
                    "14": 914.5366029443388,
                    "15": 917.7018246862094,
                    "16": 922.8379834076451,
                    "17": 941.3750456306176,
                    "18": 955.7724084148214,
                    "19": 989.4981397366934,
                    "20": 989.2710051829533,
                    "21": 956.52707992554,
                    "22": 909.9353086682138,
                    "23": 830.5190159364155,
                    "24": 669.7254659515481
                },
                "load payment": 25655.684293478567
            },
            "b7": {
                "DAM hourly load payments": {
                    "1": 0.0,
                    "2": 0.0,
                    "3": 0.0,
                    "4": 0.0,
                    "5": 0.0,
                    "6": 0.0,
                    "7": 0.0,
                    "8": 0.0,
                    "9": 0.0,
                    "10": 0.0,
                    "11": 0.0,
                    "12": 0.0,
                    "13": 0.0,
                    "14": 0.0,
                    "15": 0.0,
                    "16": 0.0,
                    "17": 0.0,
                    "18": 0.0,
                    "19": 0.0,
                    "20": 0.0,
                    "21": 0.0,
                    "22": 0.0,
                    "23": 0.0,
                    "24": 0.0
                },