{
    "total cost": 312833.3658111139,
    "detailed cost results": {
        "generator costs": {
            "g1": {
                "variable production cost": 214659.52500120207,
                "fixed commitment cost": 28392.00715122869,
                "startup cost": 0.0,
                "total generator cost": 243051.53215243074
            },
            "g2": {
                "variable production cost": 0.0,
                "fixed commitment cost": 0.0,
                "startup cost": 0.0,
                "total generator cost": 0.0
            },
            "g3": {
                "variable production cost": 13469.203806220721,
                "fixed commitment cost": 5250.300742905382,
                "startup cost": 4605.95,
                "total generator cost": 23325.454549126105
            },
            "g4": {
                "variable production cost": 0.0,
                "fixed commitment cost": 0.0,
                "startup cost": 0.0,
                "total generator cost": 0.0
            },
            "g5": {
                "variable production cost": 27836.029600824026,
                "fixed commitment cost": 12161.559508733144,
                "startup cost": 6458.79,
                "total generator cost": 46456.379109557165
            }
        },
        "total cost of generators": 312833.3658111139,
        "load curtailment cost": 0.0,
        "line overflow penalty": 0.0,
        "up-FRP shortfall penalty": 0.0,
        "down-FRP shortfall penalty": 0.0,
        "total cost": 312833.3658111139
    }
}
