{
    "total load_payment": 320423.49843177927,
    "detailed load payment results": {
        "load payments": {
            "b1": {
                "DAM hourly load payments": {
                    "1": 0.0,
                    "2": 0.0,
                    "3": 0.0,
                    "4": 0.0,
                    "5": 0.0,
                    "6": 0.0,
                    "7": 0.0,
                    "8": 0.0,
                    "9": 0.0,
                    "10": 0.0,
                    "11": 0.0,
                    "12": 0.0,
                    "13": 0.0,
                    "14": 0.0,
                    "15": 0.0,
                    "16": 0.0,
                    "17": 0.0,
                    "18": 0.0,
                    "19": 0.0,
                    "20": 0.0,
                    "21": 0.0,
                    "22": 0.0,
                    "23": 0.0,
                    "24": 0.0
                },
                "load payment": 0.0
            },
            "LOAD_WEST": {
                "DAM hourly load payments": {
                    "1": 1262.5864377992075,
                    "2": 1228.7068415315498,
                    "3": 1062.916463564068,
                    "4": 1062.142579791309,
                    "5": 1208.4406301009608,
                    "6": 1266.2205809875386,
                    "7": 1224.6388249764445,
                    "8": 1505.4512643681637,
                    "9": 1347.4477309398683,
                    "10": 1370.2644039154272,
                    "11": 1383.4993340156898,
                    "12": 1395.3843028105184,
                    "13": 1398.317690677952,
                    "14": 1402.393478805779,
                    "15": 1392.0105379299634,
                    "16": 1564.850460050426,
                    "17": 1578.4847784331753,
                    "18": 1591.7255375406821,
                    "19": 1607.551646250036,
                    "20": 1612.8270158198204,
                    "21": 1570.8072315229742,
                    "22": 1527.1975097460886,
                    "23": 1442.8763797315764,
                    "24": 1349.476170754867
                },
                "load payment": 33356.21783206408
            },
            "LOAD_N.Y.C.": {
                "DAM hourly load payments": {
                    "1": 3813.931007399345,
                    "2": 3606.733540057725,
                    "3": 3065.9985267856214,
                    "4": 3017.817813157876,
                    "5": 3430.0013328608375,
                    "6": 3626.4135999000455,
                    "7": 3578.7416699746627,
                    "8": 4538.590940635417,
                    "9": 4260.881521473354,
                    "10": 4407.1068603362255,
                    "11": 4454.110815585718,
                    "12": 4489.2223773994665,
                    "13": 4494.665359676579,
                    "14": 4503.745596459545,
                    "15": 4491.460191566991,
                    "16": 5116.595599831479,
                    "17": 5115.726837903075,
                    "18": 5148.863277033328,
                    "19": 5159.216189814029,
                    "20": 5081.089431279805,
                    "21": 4948.384579284078,
                    "22": 4759.013465826249,
                    "23": 4469.544307345021,
                    "24": 4160.933094070133
                },
                "load payment": 103738.7879356566
            },
            "LOAD_LONGIL": {
                "DAM hourly load payments": {
                    "1": 1424.6282064177565,
                    "2": 1352.3043544102939,
                    "3": 1148.7659706047566,
                    "4": 1133.4624189984413,
                    "5": 1314.3583283118226,
                    "6": 1395.2326742844157,
                    "7": 1391.0044890253764,
                    "8": 1718.9352129012166,
                    "9": 1548.6252664421283,
                    "10": 1561.549125447209,
                    "11": 1548.4731456566847,
                    "12": 1531.339098902846,
                    "13": 1527.8400383700628,
                    "14": 1540.0287077910218,
                    "15": 1556.2738182454889,
                    "16": 1774.2753053617685,
                    "17": 1808.9242254791247,
                    "18": 1912.5192954057688,
                    "19": 2055.3279458011452,
                    "20": 2076.7811153849357,
                    "21": 2013.1836047533868,
                    "22": 1898.510258730195,
                    "23": 1735.847796282663,
                    "24": 1575.37189187435
                },
                "load payment": 38543.56229488286
            },
            "LOAD_DUNWOD": {
                "DAM hourly load payments": {
                    "1": 455.35964357144303,
                    "2": 433.05655339335794,
                    "3": 372.1994005085889,
                    "4": 363.0998171730235,
                    "5": 415.00306636259114,
                    "6": 424.8943843059372,
                    "7": 423.76585587432135,
                    "8": 544.5939852540924,
                    "9": 489.30736242139113,
                    "10": 499.999856574145,
                    "11": 499.8151107835512,
                    "12": 499.1937276183912,
                    "13": 505.4815332720606,
                    "14": 504.2110740526513,
                    "15": 496.156233810311,
                    "16": 555.5770116516043,
                    "17": 565.6829031420535,
                    "18": 580.3419409622554,
                    "19": 614.4853051808652,
                    "20": 611.7670244426824,
                    "21": 590.9073339354927,
                    "22": 556.1778176010778,
                    "23": 514.7755867936326,
                    "24": 485.15815476785303
                },
                "load payment": 12001.010683453373
            },
            "LOAD_HUD VL": {
                "DAM hourly load payments": {
                    "1": 721.7658068455631,
                    "2": 686.4061769822614,
                    "3": 590.2218063892047,
                    "4": 585.5527076526864,
                    "5": 671.78900713265,
                    "6": 718.2122593467541,
                    "7": 698.2753281607231,
                    "8": 845.685703449546,
                    "9": 775.1477826635197,
                    "10": 771.5621214410295,
                    "11": 785.287177672745,
                    "12": 788.1564005149279,
                    "13": 774.2578163248465,
                    "14": 764.5713713862333,
                    "15": 758.148136072331,
                    "16": 868.0986972482578,
                    "17": 897.918142517886,
                    "18": 929.1537727939502,
                    "19": 979.6214750115556,
                    "20": 991.7035369998744,
                    "21": 958.1902861343059,
                    "22": 917.635882566587,
                    "23": 838.8026022264719,
                    "24": 781.458078937419
                },
                "load payment": 19097.62207647133
            },
            "b7": {
                "DAM hourly load payments": {
                    "1": 0.0,
                    "2": 0.0,
                    "3": 0.0,
                    "4": 0.0,
                    "5": 0.0,
                    "6": 0.0,
                    "7": 0.0,
                    "8": 0.0,
                    "9": 0.0,
                    "10": 0.0,
                    "11": 0.0,
                    "12": 0.0,
                    "13": 0.0,
                    "14": 0.0,
                    "15": 0.0,
                    "16": 0.0,
                    "17": 0.0,
                    "18": 0.0,
                    "19": 0.0,
                    "20": 0.0,
                    "21": 0.0,
                    "22": 0.0,
                    "23": 0.0,
                    "24": 0.0
                },