{
    "total load_payment": 329665.2700978865,
    "detailed load payment results": {
        "load payments": {
            "b1": {
                "DAM hourly load payments": {
                    "1": 0.0,
                    "2": 0.0,
                    "3": 0.0,
                    "4": 0.0,
                    "5": 0.0,
                    "6": 0.0,
                    "7": 0.0,
                    "8": 0.0,
                    "9": 0.0,
                    "10": 0.0,
                    "11": 0.0,
                    "12": 0.0,
                    "13": 0.0,
                    "14": 0.0,
                    "15": 0.0,
                    "16": 0.0,
                    "17": 0.0,
                    "18": 0.0,
                    "19": 0.0,
                    "20": 0.0,
                    "21": 0.0,
                    "22": 0.0,
                    "23": 0.0,
                    "24": 0.0
                },
                "load payment": 0.0
            },
            "LOAD_WEST": {
                "DAM hourly load payments": {
                    "1": 1224.6916997229216,
                    "2": 1196.6956061990861,
                    "3": 1178.920541216708,
                    "4": 1172.1871184061288,
                    "5": 1165.4097341824677,
                    "6": 1213.5841154315008,
                    "7": 1171.2601917503712,
                    "8": 1428.218388193006,
                    "9": 1285.4983349304855,
                    "10": 1297.6612084836472,
                    "11": 1481.484966750393,
                    "12": 1491.4422268133615,
                    "13": 1487.1266817222668,
                    "14": 1481.616850989638,
                    "15": 1455.0788115858256,
                    "16": 1437.2890933852393,
                    "17": 1421.1845620999597,
                    "18": 1417.814187390118,
                    "19": 1423.2800558304368,
                    "20": 1469.2490406955174,
                    "21": 1454.3094868568987,
                    "22": 1428.274910261033,
                    "23": 1354.6123285970746,
                    "24": 1266.2279075966426
                },
                "load payment": 32403.11804909073
            },
            "LOAD_N.Y.C.": {
                "DAM hourly load payments": {
                    "1": 4029.6350072930154,
                    "2": 3843.4144614796214,
                    "3": 3712.0724132894215,
                    "4": 3650.4604928556464,
                    "5": 3660.088042320503,
                    "6": 3816.319576923957,
                    "7": 3737.162127031972,
                    "8": 4708.15011089091,
                    "9": 4447.271428142434,
                    "10": 4634.022480056211,
                    "11": 5358.515256019182,
                    "12": 5388.284459284488,
                    "13": 5352.741656808064,
                    "14": 5329.192993493796,
                    "15": 5292.858885581905,
                    "16": 5240.229746634972,
                    "17": 5217.692195821579,
                    "18": 5184.325483292692,
                    "19": 5036.138886403932,
                    "20": 4969.332192617431,
                    "21": 4805.0630460291595,
                    "22": 4607.765270400849,
                    "23": 4390.939207312739,
                    "24": 4112.934558473426
                },
                "load payment": 110524.6099784579
            },
            "LOAD_LONGIL": {
                "DAM hourly load payments": {
                    "1": 1488.020564081334,
                    "2": 1424.0567080476962,
                    "3": 1391.0490134325655,
                    "4": 1376.6736313549027,
                    "5": 1396.0459604264242,
                    "6": 1476.041079016615,
                    "7": 1447.2722888523404,
                    "8": 1761.8635327753384,
                    "9": 1567.972360761111,
                    "10": 1551.8626807407609,
                    "11": 1811.9209281777732,
                    "12": 1795.2815333264114,
                    "13": 1761.3241596475016,
                    "14": 1745.6344447391466,
                    "15": 1752.0161762450737,
                    "16": 1786.115578698911,
                    "17": 1827.849613810727,
                    "18": 1899.1770065355224,
                    "19": 1977.1938606578155,
                    "20": 2035.7431362733198,
                    "21": 1963.7563223523016,
                    "22": 1865.5716459588086,
                    "23": 1737.6847555804925,
                    "24": 1586.2596682211351
                },
                "load payment": 40426.38664971403
            },
            "LOAD_DUNWOD": {
                "DAM hourly load payments": {
                    "1": 436.98377290336015,
                    "2": 415.62585310652815,
                    "3": 405.10442154637246,
                    "4": 396.54659982914063,
                    "5": 399.6092449111802,
                    "6": 422.53512183320225,
                    "7": 423.52724173685,
                    "8": 531.2370425501776,
                    "9": 478.96311596637895,
                    "10": 499.87732492519916,
                    "11": 570.9561792693471,
                    "12": 564.8601966846816,
                    "13": 566.2500536404369,
                    "14": 565.8200208996026,
                    "15": 569.9523937292672,
                    "16": 572.4581942749148,
                    "17": 586.1301937432731,
                    "18": 586.8115956460371,
                    "19": 595.0397067651573,
                    "20": 600.1025961424068,
                    "21": 577.440487698874,
                    "22": 549.6307071277422,
                    "23": 516.7517569398109,
                    "24": 477.2377735403036
                },
                "load payment": 12309.451595410248
            },
            "LOAD_HUD VL": {
                "DAM hourly load payments": {
                    "1": 705.5806799586845,
                    "2": 675.481765831499,
                    "3": 653.5157130364754,
                    "4": 643.5291453940937,
                    "5": 654.6953443168044,
                    "6": 689.6959560025812,
                    "7": 679.2700325338385,
                    "8": 826.9947760170198,
                    "9": 749.0098584707393,
                    "10": 749.9256209867633,
                    "11": 860.3688154187797,
                    "12": 835.6038860202058,
                    "13": 829.8494497648956,
                    "14": 836.8274787136162,
                    "15": 847.7445629915057,
                    "16": 849.6129230474711,
                    "17": 845.8102608159181,
                    "18": 865.1239749044586,
                    "19": 909.1000418196645,
                    "20": 940.8475086736391,
                    "21": 914.3680847803449,
                    "22": 894.702679035461,
                    "23": 837.4136309173443,
                    "24": 772.7244115678612
                },
                "load payment": 19067.796601019665
            },
            "b7": {
                "DAM hourly load payments": {
                    "1": 0.0,
                    "2": 0.0,
                    "3": 0.0,
                    "4": 0.0,
                    "5": 0.0,
                    "6": 0.0,
                    "7": 0.0,
                    "8": 0.0,
                    "9": 0.0,
                    "10": 0.0,
                    "11": 0.0,
                    "12": 0.0,
                    "13": 0.0,
                    "14": 0.0,
                    "15": 0.0,
                    "16": 0.0,
                    "17": 0.0,
                    "18": 0.0,
                    "19": 0.0,
                    "20": 0.0,
                    "21": 0.0,
                    "22": 0.0,
                    "23": 0.0,
                    "24": 0.0
                },