{
    "total load_payment": 2.512135975518211e6,
    "detailed load payment results": {
        "load payments": {
            "b1": {
                "DAM hourly load payments": {
                    "1": 0.0,
                    "2": 0.0,
                    "3": 0.0,
                    "4": 0.0,
                    "5": 0.0,
                    "6": 0.0,
                    "7": 0.0,
                    "8": 0.0,
                    "9": 0.0,
                    "10": 0.0,
                    "11": 0.0,
                    "12": 0.0,
                    "13": 0.0,
                    "14": 0.0,
                    "15": 0.0,
                    "16": 0.0,
                    "17": 0.0,
                    "18": 0.0,
                    "19": 0.0,
                    "20": 0.0,
                    "21": 0.0,
                    "22": 0.0,
                    "23": 0.0,
                    "24": 0.0
                },
                "load payment": 0.0
            },
            "LOAD_WEST": {
                "DAM hourly load payments": {
                    "1": 1236.6858380058488,
                    "2": 1211.0490075702082,
                    "3": 1188.7752252353052,
                    "4": 1174.5610347125319,
                    "5": 1190.5410083676707,
                    "6": 1217.3647969565131,
                    "7": 1267.6566535217926,
                    "8": 10557.44450597056,
                    "9": 1355.8767432432128,
                    "10": 10929.672950032791,
                    "11": 1355.6527492928233,
                    "12": 1326.1692943333196,
                    "13": 1300.4372144624115,
                    "14": 1289.930436735924,
                    "15": 1270.7266258283962,
                    "16": 1279.159890530947,
                    "17": 1302.915800255677,
                    "18": 10492.07983954526,
                    "19": 10795.441938498632,
                    "20": 163250.5693695558,
                    "21": 11133.587374373112,
                    "22": 10849.601233136547,
                    "23": 1309.691091916075,
                    "24": 1243.060242902672
                },
                "load payment": 249528.65086498403
            },
            "LOAD_N.Y.C.": {
                "DAM hourly load payments": {
                    "1": 3882.8991370359454,
                    "2": 3690.9929157168244,
                    "3": 3577.1548365421813,
                    "4": 3493.5988434923865,
                    "5": 3467.62497584953,
                    "6": 3516.312240837333,
                    "7": 3647.6542890275323,
                    "8": 30618.795133989628,
                    "9": 4054.0963939487697,
                    "10": 33685.44860009261,
                    "11": 4353.938351595521,
                    "12": 4406.076587510225,
                    "13": 4418.825397303871,
                    "14": 4388.528657081587,
                    "15": 4371.9332236433065,
                    "16": 4358.920645371172,
                    "17": 4375.944178566953,
                    "18": 35169.343301227316,
                    "19": 36074.702324861275,
                    "20": 530147.1440791935,
                    "21": 35868.336732445816,
                    "22": 35079.75869290852,
                    "23": 4257.296511544863,
                    "24": 4061.939319298842
                },
                "load payment": 804967.2653690856
            },
            "LOAD_LONGIL": {
                "DAM hourly load payments": {
                    "1": 1472.062571132736,
                    "2": 1394.5146384569027,
                    "3": 1349.2270554945862,
                    "4": 1330.499493521851,
                    "5": 1332.5290460119343,
                    "6": 1371.5228194152585,
                    "7": 1454.1556219111135,
                    "8": 12231.422000645529,
                    "9": 1590.5804473580713,
                    "10": 12555.677446743013,
                    "11": 1545.910417621387,
                    "12": 1505.5611679008678,
                    "13": 1482.4081564251055,
                    "14": 1451.6205140498207,
                    "15": 1452.3092425616887,
                    "16": 1496.7029431649378,
                    "17": 1604.566457045473,
                    "18": 13671.83752712717,
                    "19": 14819.162547794998,
                    "20": 219011.6154144654,
                    "21": 14655.283985404476,
                    "22": 14119.176978951724,
                    "23": 1680.820667759523,
                    "24": 1562.6011013741634
                },
                "load payment": 326141.7682623377
            },
            "LOAD_DUNWOD": {
                "DAM hourly load payments": {
                    "1": 439.7313612209563,
                    "2": 413.44243619819656,
                    "3": 387.1315304688961,
                    "4": 382.0320065514377,
                    "5": 376.12652345276626,
                    "6": 386.07645655493917,
                    "7": 428.4992201786233,
                    "8": 3654.060067370868,
                    "9": 487.199220400331,
                    "10": 4004.694826451269,
                    "11": 503.6366020957672,
                    "12": 505.0653480209172,
                    "13": 497.22556265873527,
                    "14": 489.1879509376865,
                    "15": 489.86202596757767,
                    "16": 487.3635522948027,
                    "17": 496.26155164675504,
                    "18": 4066.0325644914838,
                    "19": 4267.845979520663,
                    "20": 63118.50674378622,
                    "21": 4280.685467793598,
                    "22": 4181.87976783931,
                    "23": 501.9367607313325,
                    "24": 475.79437378148555
                },
                "load payment": 95320.27790041461
            },
            "LOAD_HUD VL": {
                "DAM hourly load payments": {
                    "1": 747.0582732011156,
                    "2": 717.5381843168628,
                    "3": 700.9793854187911,
                    "4": 690.0916087203151,
                    "5": 688.9559389409906,
                    "6": 706.9874451772938,
                    "7": 749.6886311131352,
                    "8": 6353.212358435766,
                    "9": 828.4653899127603,
                    "10": 6475.946196294481,
                    "11": 792.0820870694831,
                    "12": 756.2901699482386,
                    "13": 743.4168027882206,
                    "14": 733.444888979507,
                    "15": 725.5025269574938,
                    "16": 747.4978873319309,
                    "17": 782.6387568510705,
                    "18": 6643.443159524454,
                    "19": 7100.76239349614,
                    "20": 106433.1109518811,
                    "21": 7108.641170534146,
                    "22": 6915.757038949383,
                    "23": 819.9316422566375,
                    "24": 771.6766645267769
                },
                "load payment": 159733.1195526261
            },
            "b7": {
                "DAM hourly load payments": {
                    "1": 0.0,
                    "2": 0.0,
                    "3": 0.0,
                    "4": 0.0,
                    "5": 0.0,
                    "6": 0.0,
                    "7": 0.0,
                    "8": 0.0,
                    "9": 0.0,
                    "10": 0.0,
                    "11": 0.0,
                    "12": 0.0,
                    "13": 0.0,
                    "14": 0.0,
                    "15": 0.0,
                    "16": 0.0,
                    "17": 0.0,
                    "18": 0.0,
                    "19": 0.0,
                    "20": 0.0,
                    "21": 0.0,
                    "22": 0.0,
                    "23": 0.0,
                    "24": 0.0
                },