{
    "total cost": 326649.71726885956,
    "detailed cost results": {
        "generator costs": {
            "g1": {
                "variable production cost": 232085.71556420837,
                "fixed commitment cost": 28392.007151228667,
                "startup cost": 0.0,
                "total generator cost": 260477.72271543703
            },
            "g2": {
                "variable production cost": 0.0,
                "fixed commitment cost": 0.0,
                "startup cost": 0.0,
                "total generator cost": 0.0
            },
            "g3": {
                "variable production cost": 6734.6019031103615,
                "fixed commitment cost": 2625.150371452691,
                "startup cost": 5297.28,
                "total generator cost": 14657.032274563051
            },
            "g4": {
                "variable production cost": 0.0,
                "fixed commitment cost": 0.0,
                "startup cost": 0.0,
                "total generator cost": 0.0
            },
            "g5": {
                "variable production cost": 29800.10465487606,
                "fixed commitment cost": 12161.559508733139,
                "startup cost": 8051.58,
                "total generator cost": 50013.2441636092
            }
        },
        "total cost of generators": 325147.9991536093,
        "load curtailment cost": 0.0,
        "up-FRP shortfall penalty": 1501.7181152502758,
        "down-FRP shortfall penalty": 0.0,
        "line overflow penalty": 0.0,
        "total cost": 326649.71726885956
    }
}
