{
    "total load_payment": 448271.9843047013,
    "detailed load payment results": {
        "load payments": {
            "b1": {
                "DAM hourly load payments": {
                    "1": 0.0,
                    "2": 0.0,
                    "3": 0.0,
                    "4": 0.0,
                    "5": 0.0,
                    "6": 0.0,
                    "7": 0.0,
                    "8": 0.0,
                    "9": 0.0,
                    "10": 0.0,
                    "11": 0.0,
                    "12": 0.0,
                    "13": 0.0,
                    "14": 0.0,
                    "15": 0.0,
                    "16": 0.0,
                    "17": 0.0,
                    "18": 0.0,
                    "19": 0.0,
                    "20": 0.0,
                    "21": 0.0,
                    "22": 0.0,
                    "23": 0.0,
                    "24": 0.0
                },
                "load payment": 0.0
            },
            "LOAD_WEST": {
                "DAM hourly load payments": {
                    "1": 1241.5896290069313,
                    "2": 1064.664151600139,
                    "3": 1038.403695061917,
                    "4": 1032.7414459738175,
                    "5": 1044.6012147913539,
                    "6": 1089.570310762148,
                    "7": 1356.4953427504765,
                    "8": 1440.688775410726,
                    "9": 1293.7144012425747,
                    "10": 1486.445279819503,
                    "11": 1509.942655111585,
                    "12": 1524.090903514736,
                    "13": 1507.3049703266927,
                    "14": 1519.7826850327453,
                    "15": 11955.31463644697,
                    "16": 1461.0535676724658,
                    "17": 1453.7379884868385,
                    "18": 1488.5187928434393,
                    "19": 1497.9924773625107,
                    "20": 1522.1126399260668,
                    "21": 1499.97074095118,
                    "22": 1457.8557072190663,
                    "23": 1367.8080800098685,
                    "24": 1128.8707080974802
                },
                "load payment": 42983.27079942124
            },
            "LOAD_N.Y.C.": {
                "DAM hourly load payments": {
                    "1": 5144.45876195521,
                    "2": 4189.058657813929,
                    "3": 3927.356962508412,
                    "4": 3761.823223515196,
                    "5": 3665.2296303539933,
                    "6": 3745.487826362613,
                    "7": 4626.572381429783,
                    "8": 5043.575692703044,
                    "9": 4645.140610516148,
                    "10": 5411.400835956272,
                    "11": 5433.696598997716,
                    "12": 5439.265044361636,
                    "13": 5407.012021257223,
                    "14": 5395.633341878209,
                    "15": 42806.50451006763,
                    "16": 5357.99304718547,
                    "17": 5381.866092974583,
                    "18": 5383.060377736889,
                    "19": 5294.661303518248,
                    "20": 5217.985271615714,
                    "21": 5069.923232357093,
                    "22": 4885.0947985441,
                    "23": 4642.581663279796,
                    "24": 3807.185710145848
                },
                "load payment": 153682.56759703477
            },
            "LOAD_LONGIL": {
                "DAM hourly load payments": {
                    "1": 1923.1610970956235,
                    "2": 1573.6410593965732,
                    "3": 1473.5778875787946,
                    "4": 1403.967042219095,
                    "5": 1391.4623705155539,
                    "6": 1428.3056868723754,
                    "7": 1765.915309387944,
                    "8": 1869.5983021407512,
                    "9": 1696.8046618312171,
                    "10": 1951.2053389175223,
                    "11": 1978.1610117456096,
                    "12": 1980.1466028226107,
                    "13": 1969.0609992377308,
                    "14": 1958.8472981846057,
                    "15": 15665.635010568238,
                    "16": 1960.8788482812993,
                    "17": 1987.927772938043,
                    "18": 2020.4079297169671,
                    "19": 2090.211327081345,
                    "20": 2106.521011334596,
                    "21": 2041.3921778542979,
                    "22": 1934.0017723052044,
                    "23": 1776.5759520602169,
                    "24": 1414.5241069437811
                },
                "load payment": 57361.93057703
            },
            "LOAD_DUNWOD": {
                "DAM hourly load payments": {
                    "1": 535.085759637303,
                    "2": 435.9351782009614,
                    "3": 413.34422111942155,
                    "4": 392.6557282093972,
                    "5": 382.8918946613428,
                    "6": 398.9112887574605,
                    "7": 501.35793548839985,
                    "8": 553.1224993919109,
                    "9": 507.3453033323266,
                    "10": 586.1814820292275,
                    "11": 595.3474366567281,
                    "12": 588.0571689580654,
                    "13": 592.8050015708715,
                    "14": 590.8047572756616,
                    "15": 4652.913911855829,
                    "16": 582.336856606663,
                    "17": 583.2360673527644,
                    "18": 586.7016921133331,
                    "19": 599.9340774508762,
                    "20": 609.0487437044999,
                    "21": 585.1190812423979,
                    "22": 557.9802355374208,
                    "23": 513.3227667194509,
                    "24": 411.25473493297136
                },
                "load payment": 16755.693822805286
            },
            "LOAD_HUD VL": {
                "DAM hourly load payments": {
                    "1": 774.0034793442849,
                    "2": 634.7201233228649,
                    "3": 610.684583173045,
                    "4": 591.6663894574849,
                    "5": 592.7369286506726,
                    "6": 616.8692042720875,
                    "7": 779.6263534216627,
                    "8": 842.0075985843649,
                    "9": 770.5560725364425,
                    "10": 895.6844842206914,
                    "11": 914.0017393782559,
                    "12": 911.1735548436011,
                    "13": 918.3246119576834,
                    "14": 914.5366029443388,
                    "15": 7309.812610904561,
                    "16": 922.8379834076451,
                    "17": 941.3750456306176,
                    "18": 955.7724084148214,
                    "19": 989.4981397366934,
                    "20": 989.2710051829533,
                    "21": 956.52707992554,
                    "22": 909.9353086682138,
                    "23": 830.5190159364155,
                    "24": 669.7254659515481
                },
                "load payment": 26241.86578986649
            },
            "b7": {
                "DAM hourly load payments": {
                    "1": 0.0,
                    "2": 0.0,
                    "3": 0.0,
                    "4": 0.0,
                    "5": 0.0,
                    "6": 0.0,
                    "7": 0.0,
                    "8": 0.0,
                    "9": 0.0,
                    "10": 0.0,
                    "11": 0.0,
                    "12": 0.0,
                    "13": 0.0,
                    "14": 0.0,
                    "15": 0.0,
                    "16": 0.0,
                    "17": 0.0,
                    "18": 0.0,
                    "19": 0.0,
                    "20": 0.0,
                    "21": 0.0,
                    "22": 0.0,
                    "23": 0.0,
                    "24": 0.0
                },