{
    "total load_payment": 553872.0873650565,
    "detailed load payment results": {
        "load payments": {
            "b1": {
                "DAM hourly load payments": {
                    "1": 0.0,
                    "2": 0.0,
                    "3": 0.0,
                    "4": 0.0,
                    "5": 0.0,
                    "6": 0.0,
                    "7": 0.0,
                    "8": 0.0,
                    "9": 0.0,
                    "10": 0.0,
                    "11": 0.0,
                    "12": 0.0,
                    "13": 0.0,
                    "14": 0.0,
                    "15": 0.0,
                    "16": 0.0,
                    "17": 0.0,
                    "18": 0.0,
                    "19": 0.0,
                    "20": 0.0,
                    "21": 0.0,
                    "22": 0.0,
                    "23": 0.0,
                    "24": 0.0
                },
                "load payment": 0.0
            },
            "LOAD_WEST": {
                "DAM hourly load payments": {
                    "1": 1249.3687056798726,
                    "2": 1253.4278097808108,
                    "3": 1091.0793841190286,
                    "4": 1083.0890341652887,
                    "5": 1098.4119328659228,
                    "6": 1307.2658867082582,
                    "7": 1349.9743995169724,
                    "8": 1462.559578418791,
                    "9": 1533.4620111102076,
                    "10": 1538.3124206466134,
                    "11": 1554.6880470194865,
                    "12": 1548.4015649488263,
                    "13": 1526.1644165386724,
                    "14": 1534.927391839335,
                    "15": 1510.7412871561567,
                    "16": 1488.511466234335,
                    "17": 1496.4465012955527,
                    "18": 1502.5791184204272,
                    "19": 12329.935896610752,
                    "20": 12361.80117263113,
                    "21": 1524.310710580144,
                    "22": 1488.0791787126238,
                    "23": 1410.5532267433316,
                    "24": 1168.6741306589897
                },
                "load payment": 55412.76527240153
            },
            "LOAD_N.Y.C.": {
                "DAM hourly load payments": {
                    "1": 3918.6177851646958,
                    "2": 3718.2929532404596,
                    "3": 3164.494583963563,
                    "4": 3112.3154705852658,
                    "5": 3113.6310729989573,
                    "6": 3705.4928545453995,
                    "7": 4159.519002242419,
                    "8": 4694.375534498951,
                    "9": 5003.343672245104,
                    "10": 5206.269555029484,
                    "11": 5276.483259209032,
                    "12": 5321.140727411543,
                    "13": 5366.574847831313,
                    "14": 5367.527345700897,
                    "15": 5346.154771454937,
                    "16": 5350.756066610291,
                    "17": 5377.198856578836,
                    "18": 5409.891493814063,
                    "19": 42974.81853679289,
                    "20": 41956.64709356806,
                    "21": 5092.431475854842,
                    "22": 4881.372731650377,
                    "23": 4605.15584664997,
                    "24": 3785.2590035089625
                },
                "load payment": 185907.7645411503
            },
            "LOAD_LONGIL": {
                "DAM hourly load payments": {
                    "1": 1425.6026841146543,
                    "2": 1357.872800653441,
                    "3": 1154.3379337686235,
                    "4": 1133.8816055260966,
                    "5": 1152.45481607232,
                    "6": 1391.8769536720104,
                    "7": 1574.7124706781271,
                    "8": 1740.6594775726003,
                    "9": 1792.3141379434076,
                    "10": 1818.2880064654926,
                    "11": 1847.26590429533,
                    "12": 1845.5953705982317,
                    "13": 1841.924592605923,
                    "14": 1865.4512760928783,
                    "15": 1852.8563312450176,
                    "16": 1878.427219561036,
                    "17": 1922.7403239472262,
                    "18": 1997.4747261858408,
                    "19": 16838.522285626037,
                    "20": 16647.097186592644,
                    "21": 2023.6537476758972,
                    "22": 1911.061242164974,
                    "23": 1750.733968656605,
                    "24": 1395.9702434918765
                },
                "load payment": 70160.77530520629
            },
            "LOAD_DUNWOD": {
                "DAM hourly load payments": {
                    "1": 439.306400923809,
                    "2": 422.3299686014627,
                    "3": 358.2436964989589,
                    "4": 351.5882960532288,
                    "5": 353.13606359874746,
                    "6": 424.93834571901874,
                    "7": 485.7955952575354,
                    "8": 548.1475328408245,
                    "9": 562.6108377446504,
                    "10": 569.4907988919111,
                    "11": 581.3383997173856,
                    "12": 592.0576575484854,
                    "13": 593.5889801334665,
                    "14": 595.4500133165592,
                    "15": 592.885597524162,
                    "16": 591.9257733092408,
                    "17": 601.223612175986,
                    "18": 611.5911787903564,
                    "19": 5042.942556126259,
                    "20": 4944.02013331574,
                    "21": 597.4062961986878,
                    "22": 566.2449811967499,
                    "23": 524.9505604795175,
                    "24": 420.5284421174077
                },
                "load payment": 21371.741718080146
            },
            "LOAD_HUD VL": {
                "DAM hourly load payments": {
                    "1": 573.7330752542795,
                    "2": 525.2216559188024,
                    "3": 452.29637098917726,
                    "4": 446.5115897878014,
                    "5": 463.96911786916735,
                    "6": 609.1073589512495,
                    "7": 689.571398724132,
                    "8": 675.5989962370757,
                    "9": 718.6298927710287,
                    "10": 881.6607934476808,
                    "11": 877.9094192383134,
                    "12": 878.0266496438899,
                    "13": 884.4450156900259,
                    "14": 892.7170888376876,
                    "15": 897.5455167883243,
                    "16": 898.5566292891996,
                    "17": 905.4732252404376,
                    "18": 937.9973443116716,
                    "19": 7876.034054035912,
                    "20": 7828.703032830937,
                    "21": 951.9184581610825,
                    "22": 902.762271726819,
                    "23": 841.062428203112,
                    "24": 669.4223615254763
                },
                "load payment": 32278.873745473287
            },
            "b7": {
                "DAM hourly load payments": {
                    "1": 0.0,
                    "2": 0.0,
                    "3": 0.0,
                    "4": 0.0,
                    "5": 0.0,
                    "6": 0.0,
                    "7": 0.0,
                    "8": 0.0,
                    "9": 0.0,
                    "10": 0.0,
                    "11": 0.0,
                    "12": 0.0,
                    "13": 0.0,
                    "14": 0.0,
                    "15": 0.0,
                    "16": 0.0,
                    "17": 0.0,
                    "18": 0.0,
                    "19": 0.0,
                    "20": 0.0,
                    "21": 0.0,
                    "22": 0.0,
                    "23": 0.0,
                    "24": 0.0
                },