{
    "detailed payment": {
        "generator payments": {
            "g1": {
                "DAM hourly energy payments": {
                    "1": 11620.488838974077,
                    "2": 11162.85785566814,
                    "3": 9538.156192441054,
                    "4": 9467.19750087766,
                    "5": 9598.667454387798,
                    "6": 11607.47626061402,
                    "7": 13066.899925485817,
                    "8": 12124.547036873575,
                    "9": 12522.493075312223,
                    "10": 12585.85612495677,
                    "11": 12565.252875879352,
                    "12": 12527.211599378463,
                    "13": 12516.074708738546,
                    "14": 12531.578433546818,
                    "15": 12480.671117110473,
                    "16": 12488.943189642676,
                    "17": 12700.47818330947,
                    "18": 13076.150438885674,
                    "19": 13560.773729471985,
                    "20": 13562.349014085506,
                    "21": 13048.674555358022,
                    "22": 12277.73058022866,
                    "23": 13481.72714496516,
                    "24": 12472.41706246574
                },
                "hourly up-FRP payment": {
                    "1": -0.0,
                    "2": -0.0,
                    "3": -0.0,
                    "4": -0.0,
                    "5": -0.0,
                    "6": -0.0,
                    "7": 0.0,
                    "8": -0.0,
                    "9": -0.0,
                    "10": -0.0,
                    "11": -0.0,
                    "12": -0.0,
                    "13": -0.0,
                    "14": -0.0,
                    "15": -0.0,
                    "16": -0.0,
                    "17": -0.0,
                    "18": -0.0,
                    "19": -0.0,
                    "20": 0.0,
                    "21": 0.0,
                    "22": -0.0,
                    "23": -0.0,
                    "24": -0.0
                },
                "hourly down-FRP payment": {
                    "1": -0.0,
                    "2": -0.0,
                    "3": -0.0,
                    "4": -0.0,
                    "5": -0.0,
                    "6": -0.0,
                    "7": -0.0,
                    "8": -0.0,
                    "9": 0.0,
                    "10": -0.0,
                    "11": -0.0,
                    "12": -0.0,
                    "13": -0.0,
                    "14": -0.0,
                    "15": -0.0,
                    "16": -0.0,
                    "17": -0.0,
                    "18": -0.0,
                    "19": -0.0,
                    "20": -0.0,
                    "21": -0.0,
                    "22": 0.0,
                    "23": -0.0,
                    "24": -0.0
                },
                "energy payment": 292584.6728986576,
                "up-FRP payment": 0.0,
                "down-FRP payment": 0.0,
                "make-whole payment": 0.0,
                "total payment": 292584.6728986576
            },
            "g2": {
                "DAM hourly energy payments": {
                    "1": 0.0,
                    "2": 0.0,
                    "3": 0.0,
                    "4": 0.0,
                    "5": 0.0,
                    "6": 0.0,
                    "7": 0.0,
                    "8": 0.0,
                    "9": 0.0,
                    "10": 0.0,
                    "11": 0.0,
                    "12": 0.0,
                    "13": 0.0,
                    "14": 0.0,
                    "15": 0.0,
                    "16": 0.0,
                    "17": 0.0,
                    "18": 0.0,
                    "19": 0.0,
                    "20": 0.0,
                    "21": 0.0,
                    "22": 0.0,
                    "23": 0.0,
                    "24": 0.0
                },
                "hourly up-FRP payment": {
                    "1": -0.0,
                    "2": -0.0,
                    "3": -0.0,
                    "4": -0.0,
                    "5": -0.0,
                    "6": -0.0,
                    "7": -0.0,
                    "8": -0.0,
                    "9": -0.0,
                    "10": -0.0,
                    "11": -0.0,
                    "12": -0.0,
                    "13": -0.0,
                    "14": -0.0,
                    "15": -0.0,
                    "16": -0.0,
                    "17": -0.0,
                    "18": -0.0,
                    "19": -0.0,
                    "20": -0.0,
                    "21": -0.0,
                    "22": -0.0,
                    "23": -0.0,
                    "24": -0.0
                },
                "hourly down-FRP payment": {
                    "1": -0.0,
                    "2": -0.0,
                    "3": -0.0,
                    "4": -0.0,
                    "5": -0.0,
                    "6": -0.0,
                    "7": -0.0,
                    "8": -0.0,
                    "9": -0.0,
                    "10": -0.0,
                    "11": -0.0,
                    "12": -0.0,
                    "13": -0.0,
                    "14": -0.0,
                    "15": -0.0,
                    "16": -0.0,
                    "17": -0.0,
                    "18": -0.0,
                    "19": -0.0,
                    "20": -0.0,
                    "21": -0.0,
                    "22": -0.0,
                    "23": -0.0,
                    "24": -0.0
                },
                "energy payment": 0.0,
                "up-FRP payment": -0.0,
                "down-FRP payment": -0.0,
                "make-whole payment": 0.0,
                "total payment": 0.0
            },
            "g3": {
                "DAM hourly energy payments": {
                    "1": 0.0,
                    "2": 0.0,
                    "3": 0.0,
                    "4": 0.0,
                    "5": 0.0,
                    "6": 0.0,
                    "7": 0.0,
                    "8": 2218.376863837732,
                    "9": 2218.376863837732,
                    "10": 2218.376863837732,
                    "11": 2218.376863837732,
                    "12": 2218.376863837732,
                    "13": 2218.376863837732,
                    "14": 2218.376863837732,
                    "15": 2218.376863837732,
                    "16": 2218.376863837732,
                    "17": 2218.376863837732,
                    "18": 2218.376863837732,
                    "19": 2218.376863837732,
                    "20": 2218.376863837732,
                    "21": 2218.376863837732,
                    "22": 2218.376863837732,
                    "23": 0.0,
                    "24": 0.0
                },
                "hourly up-FRP payment": {
                    "1": -0.0,
                    "2": -0.0,
                    "3": -0.0,
                    "4": -0.0,
                    "5": -0.0,
                    "6": -0.0,
                    "7": -0.0,
                    "8": -0.0,
                    "9": -0.0,
                    "10": -0.0,
                    "11": -0.0,
                    "12": -0.0,
                    "13": -0.0,
                    "14": -0.0,
                    "15": -0.0,
                    "16": -0.0,
                    "17": -0.0,
                    "18": -0.0,
                    "19": -0.0,
                    "20": -0.0,
                    "21": -0.0,
                    "22": -0.0,
                    "23": -0.0,
                    "24": -0.0
                },
                "hourly down-FRP payment": {
                    "1": -0.0,
                    "2": -0.0,
                    "3": -0.0,
                    "4": -0.0,
                    "5": -0.0,
                    "6": -0.0,
                    "7": 0.0,
                    "8": -0.0,
                    "9": -0.0,
                    "10": 0.0,