{
    "total load_payment": 711794.9930659254,
    "detailed load payment results": {
        "load payments": {
            "b1": {
                "DAM hourly load payments": {
                    "1": 0.0,
                    "2": 0.0,
                    "3": 0.0,
                    "4": 0.0,
                    "5": 0.0,
                    "6": 0.0,
                    "7": 0.0,
                    "8": 0.0,
                    "9": 0.0,
                    "10": 0.0,
                    "11": 0.0,
                    "12": 0.0,
                    "13": 0.0,
                    "14": 0.0,
                    "15": 0.0,
                    "16": 0.0,
                    "17": 0.0,
                    "18": 0.0,
                    "19": 0.0,
                    "20": 0.0,
                    "21": 0.0,
                    "22": 0.0,
                    "23": 0.0,
                    "24": 0.0
                },
                "load payment": 0.0
            },
            "LOAD_WEST": {
                "DAM hourly load payments": {
                    "1": 1187.3161248336503,
                    "2": 1133.1933450028043,
                    "3": 977.2088357309748,
                    "4": 970.9919696811031,
                    "5": 969.8569398897613,
                    "6": 979.6014266530503,
                    "7": 1150.265027375878,
                    "8": 9506.474015080881,
                    "9": 9842.751886656342,
                    "10": 10014.50922608487,
                    "11": 10074.62138148819,
                    "12": 1263.099320658749,
                    "13": 1112.3740861907502,
                    "14": 1103.7130367093243,
                    "15": 1109.729983042528,
                    "16": 1108.375686440199,
                    "17": 1121.8283657653703,
                    "18": 1300.4958290937013,
                    "19": 1329.2246125424865,
                    "20": 1371.969760155178,
                    "21": 1364.8992992581545,
                    "22": 1319.5237943489033,
                    "23": 10129.130843994459,
                    "24": 1211.3601189736733
                },
                "load payment": 71652.514915651
            },
            "LOAD_N.Y.C.": {
                "DAM hourly load payments": {
                    "1": 3871.5497658518057,
                    "2": 3690.677858336921,
                    "3": 3135.8350885036707,
                    "4": 3051.3398788391946,
                    "5": 3010.2079563170378,
                    "6": 3026.298289243069,
                    "7": 3532.9296549821547,
                    "8": 28954.85578253974,
                    "9": 30499.504608834177,
                    "10": 31973.186082809625,
                    "11": 33172.04414610605,
                    "12": 4283.871185752654,
                    "13": 3813.002736762384,
                    "14": 3831.8790520442326,
                    "15": 3836.7932140012535,
                    "16": 3852.973833625402,
                    "17": 3887.1601492870445,
                    "18": 4448.902330460747,
                    "19": 4545.02396016353,
                    "20": 4582.3691805762965,
                    "21": 4531.98207457575,
                    "22": 4437.2818641890135,
                    "23": 34032.931850458815,
                    "24": 4047.520539393413
                },
                "load payment": 232050.121083654
            },
            "LOAD_LONGIL": {
                "DAM hourly load payments": {
                    "1": 1483.5846482450806,
                    "2": 1402.5669036599284,
                    "3": 1193.760862443348,
                    "4": 1168.0614724142606,
                    "5": 1166.629787434656,
                    "6": 1178.1155126866531,
                    "7": 1382.42524985948,
                    "8": 11203.27078017592,
                    "9": 11465.546513574423,
                    "10": 11623.0636953576,
                    "11": 11818.165557008728,
                    "12": 1475.4475999400142,
                    "13": 1340.7020437960216,
                    "14": 1326.1272330003492,
                    "15": 1323.8958683801877,
                    "16": 1370.6900399904446,
                    "17": 1459.8350018388385,
                    "18": 1772.8099246326412,
                    "19": 1901.6974611786063,
                    "20": 1938.134145134869,
                    "21": 1886.2157162855724,
                    "22": 1793.4278273678826,
                    "23": 13445.103832366782,
                    "24": 1567.0079508033155
                },
                "load payment": 87686.28562757558
            },
            "LOAD_DUNWOD": {
                "DAM hourly load payments": {
                    "1": 418.6131357535818,
                    "2": 397.2573093113179,
                    "3": 339.0642769458151,
                    "4": 330.88690513191733,
                    "5": 325.14081811917947,
                    "6": 325.8437625203064,
                    "7": 383.11638813273083,
                    "8": 3181.9754197492834,
                    "9": 3339.2007926410442,
                    "10": 3491.5821764537704,
                    "11": 3592.6056064744234,
                    "12": 460.9573968664664,
                    "13": 411.68037100798904,
                    "14": 413.52479397393597,
                    "15": 420.728362066241,
                    "16": 427.30637413469515,
                    "17": 431.5949800678658,
                    "18": 504.86752166205025,
                    "19": 523.7049871674892,
                    "20": 544.4621010148479,
                    "21": 528.4894542325815,
                    "22": 511.5350026167759,
                    "23": 3866.9621313312036,
                    "24": 446.87114566157345
                },
                "load payment": 25617.971213037086
            },
            "LOAD_HUD VL": {
                "DAM hourly load payments": {
                    "1": 721.5261125161056,
                    "2": 680.339501977009,
                    "3": 578.807020741005,
                    "4": 567.3793370041298,
                    "5": 560.5627107982044,
                    "6": 572.3837854271028,
                    "7": 679.6581000742452,
                    "8": 5572.863263804836,
                    "9": 5871.789900524469,
                    "10": 5997.383442407978,
                    "11": 6004.795329421732,
                    "12": 742.2884598817689,
                    "13": 637.9381899854598,
                    "14": 647.3408778244852,
                    "15": 678.3736171121335,
                    "16": 693.2579817264632,
                    "17": 724.8195415663673,
                    "18": 879.5066842066853,
                    "19": 911.1515741370602,
                    "20": 932.2823606110716,
                    "21": 900.5715276818463,
                    "22": 858.2366868843252,
                    "23": 6423.946267843642,
                    "24": 752.2068309753427
                },
                "load payment": 43589.40910513346
            },
            "b7": {
                "DAM hourly load payments": {
                    "1": 0.0,
                    "2": 0.0,
                    "3": 0.0,
                    "4": 0.0,
                    "5": 0.0,
                    "6": 0.0,
                    "7": 0.0,
                    "8": 0.0,
                    "9": 0.0,
                    "10": 0.0,
                    "11": 0.0,
                    "12": 0.0,
                    "13": 0.0,
                    "14": 0.0,
                    "15": 0.0,
                    "16": 0.0,
                    "17": 0.0,
                    "18": 0.0,
                    "19": 0.0,
                    "20": 0.0,
                    "21": 0.0,
                    "22": 0.0,
                    "23": 0.0,
                    "24": 0.0
                },