{
    "total load_payment": 431985.4610591945,
    "detailed load payment results": {
        "load payments": {
            "b1": {
                "DAM hourly load payments": {
                    "1": 0.0,
                    "2": 0.0,
                    "3": 0.0,
                    "4": 0.0,
                    "5": 0.0,
                    "6": 0.0,
                    "7": 0.0,
                    "8": 0.0,
                    "9": 0.0,
                    "10": 0.0,
                    "11": 0.0,
                    "12": 0.0,
                    "13": 0.0,
                    "14": 0.0,
                    "15": 0.0,
                    "16": 0.0,
                    "17": 0.0,
                    "18": 0.0,
                    "19": 0.0,
                    "20": 0.0,
                    "21": 0.0,
                    "22": 0.0,
                    "23": 0.0,
                    "24": 0.0
                },
                "load payment": 0.0
            },
            "LOAD_WEST": {
                "DAM hourly load payments": {
                    "1": 1291.4167510107325,
                    "2": 1245.2583135567488,
                    "3": 1230.7144133150925,
                    "4": 1218.2733334130169,
                    "5": 1230.1868763581138,
                    "6": 1270.4659970740292,
                    "7": 1404.6257634656565,
                    "8": 12028.79152982475,
                    "9": 1527.4612782245779,
                    "10": 1529.1684467256537,
                    "11": 1534.9713532524167,
                    "12": 1512.8148010593216,
                    "13": 1491.3982654002803,
                    "14": 1471.0368045344237,
                    "15": 1464.4792273761705,
                    "16": 1435.457367254023,
                    "17": 1408.4608727369766,
                    "18": 1429.94020991229,
                    "19": 1453.6720463672161,
                    "20": 1509.2246184048436,
                    "21": 1485.763877916739,
                    "22": 1448.5578683523215,
                    "23": 1388.4772707672955,
                    "24": 1308.4455182523557
                },
                "load payment": 44319.06280455504
            },
            "LOAD_N.Y.C.": {
                "DAM hourly load payments": {
                    "1": 3856.6342861622184,
                    "2": 3672.323968375379,
                    "3": 3542.5791851535523,
                    "4": 3482.4766059827575,
                    "5": 3487.9351486932005,
                    "6": 3645.110807396276,
                    "7": 4104.6624853257645,
                    "8": 36179.519242456896,
                    "9": 4825.996005265076,
                    "10": 4990.484958918754,
                    "11": 5043.4145002689265,
                    "12": 5050.448326361972,
                    "13": 5055.599139180846,
                    "14": 5046.557741304256,
                    "15": 5044.6380932261045,
                    "16": 5021.697562206647,
                    "17": 5037.368759688584,
                    "18": 5060.77193182703,
                    "19": 5035.552734815664,
                    "20": 4976.717710015128,
                    "21": 4827.446731896766,
                    "22": 4648.245358078982,
                    "23": 4427.361238050794,
                    "24": 4158.991465285441
                },
                "load payment": 140222.533985937
            },
            "LOAD_LONGIL": {
                "DAM hourly load payments": {
                    "1": 1448.1705894045513,
                    "2": 1378.1903001062155,
                    "3": 1338.5297788975643,
                    "4": 1321.4361158179502,
                    "5": 1346.4355057639086,
                    "6": 1428.7396448225113,
                    "7": 1604.2032513675063,
                    "8": 13828.30420530528,
                    "9": 1743.0920093895218,
                    "10": 1710.7217552640732,
                    "11": 1696.4855849139874,
                    "12": 1635.291297904486,
                    "13": 1584.4719043822283,
                    "14": 1590.1868880828285,
                    "15": 1662.9869881458553,
                    "16": 1737.5089099281663,
                    "17": 1764.7618463145973,
                    "18": 1846.0936002395654,
                    "19": 1969.2808063031387,
                    "20": 1994.038409356377,
                    "21": 1935.6210179801171,
                    "22": 1855.6259002691545,
                    "23": 1734.504879741185,
                    "24": 1588.3698160490487
                },
                "load payment": 51743.05100574982
            },
            "LOAD_DUNWOD": {
                "DAM hourly load payments": {
                    "1": 442.6349079268287,
                    "2": 408.452815813442,
                    "3": 396.67848406838533,
                    "4": 391.6302484368811,
                    "5": 392.22372751348183,
                    "6": 418.04163738352185,
                    "7": 472.6291520396147,
                    "8": 4270.530599611279,
                    "9": 541.4141096785536,
                    "10": 553.3423064573185,
                    "11": 556.7126814309288,
                    "12": 545.6930205811309,
                    "13": 540.3810164711375,
                    "14": 539.6409994095468,
                    "15": 544.8211191923727,
                    "16": 544.2203132428995,
                    "17": 545.115241971521,
                    "18": 549.1439915080317,
                    "19": 576.3048179195495,
                    "20": 579.5506355267878,
                    "21": 560.1783061914977,
                    "22": 540.8426113084936,
                    "23": 511.9306553345097,
                    "24": 476.85677456831513
                },
                "load payment": 15898.97017358603
            },
            "LOAD_HUD VL": {
                "DAM hourly load payments": {
                    "1": 727.5488261082764,
                    "2": 698.9864679964538,
                    "3": 677.3794334668779,
                    "4": 671.9208913718946,
                    "5": 680.339501977009,
                    "6": 716.41402820747,
                    "7": 804.1934563734468,
                    "8": 6853.952410184581,
                    "9": 874.8614279020192,
                    "10": 871.8500711059338,
                    "11": 858.2293600114525,
                    "12": 844.9603401337006,
                    "13": 833.5670072727098,
                    "14": 840.5348912461335,
                    "15": 856.2804040021967,
                    "16": 862.9039235438408,
                    "17": 885.3577390315118,
                    "18": 921.7975635911249,
                    "19": 962.3153323548663,
                    "20": 974.8956231052904,
                    "21": 962.0149290723998,
                    "22": 920.6399127535683,
                    "23": 862.7427317251828,
                    "24": 799.1378938690699
                },
                "load payment": 25962.824166407012
            },
            "b7": {
                "DAM hourly load payments": {
                    "1": 0.0,
                    "2": 0.0,
                    "3": 0.0,
                    "4": 0.0,
                    "5": 0.0,
                    "6": 0.0,
                    "7": 0.0,
                    "8": 0.0,
                    "9": 0.0,
                    "10": 0.0,
                    "11": 0.0,
                    "12": 0.0,
                    "13": 0.0,
                    "14": 0.0,
                    "15": 0.0,
                    "16": 0.0,
                    "17": 0.0,
                    "18": 0.0,
                    "19": 0.0,
                    "20": 0.0,
                    "21": 0.0,
                    "22": 0.0,
                    "23": 0.0,
                    "24": 0.0
                },