{
    "total load_payment": 342682.1296006003,
    "detailed load payment results": {
        "load payments": {
            "b1": {
                "DAM hourly load payments": {
                    "1": 0.0,
                    "2": 0.0,
                    "3": 0.0,
                    "4": 0.0,
                    "5": 0.0,
                    "6": 0.0,
                    "7": 0.0,
                    "8": 0.0,
                    "9": 0.0,
                    "10": 0.0,
                    "11": 0.0,
                    "12": 0.0,
                    "13": 0.0,
                    "14": 0.0,
                    "15": 0.0,
                    "16": 0.0,
                    "17": 0.0,
                    "18": 0.0,
                    "19": 0.0,
                    "20": 0.0,
                    "21": 0.0,
                    "22": 0.0,
                    "23": 0.0,
                    "24": 0.0
                },
                "load payment": 0.0
            },
            "LOAD_WEST": {
                "DAM hourly load payments": {
                    "1": 1276.1924951479434,
                    "2": 1237.5211048543981,
                    "3": 1220.2955584147678,
                    "4": 1208.7337067743233,
                    "5": 1220.214962197709,
                    "6": 1277.203607648819,
                    "7": 1375.2229047232117,
                    "8": 1486.423299112962,
                    "9": 1338.3739437042652,
                    "10": 1524.8968621684119,
                    "11": 1542.5986584220634,
                    "12": 1554.1458559650714,
                    "13": 1561.3398273313758,
                    "14": 1564.4924884183008,
                    "15": 1553.6109923989886,
                    "16": 1539.6731310096502,
                    "17": 1557.6920763272394,
                    "18": 1551.7206516364827,
                    "19": 1566.1106869323537,
                    "20": 1550.2113094942738,
                    "21": 1512.7528040369089,
                    "22": 1475.3243356546468,
                    "23": 1371.7572796988743,
                    "24": 1140.2161669156649
                },
                "load payment": 34206.7247089887
            },
            "LOAD_N.Y.C.": {
                "DAM hourly load payments": {
                    "1": 3988.5897015722953,
                    "2": 3772.966297016457,
                    "3": 3656.820243655033,
                    "4": 3594.1679034047365,
                    "5": 3600.4104240623155,
                    "6": 3762.1517893983983,
                    "7": 4224.8603161790215,
                    "8": 4775.132650329737,
                    "9": 4545.844873697651,
                    "10": 5413.327810643528,
                    "11": 5531.928376528413,
                    "12": 5619.572780115564,
                    "13": 5642.792779992579,
                    "14": 5649.858006843761,
                    "15": 5618.532360299043,
                    "16": 5613.043463991323,
                    "17": 5641.128526622953,
                    "18": 5648.338198368325,
                    "19": 5569.4054811804235,
                    "20": 5434.246116661236,
                    "21": 5248.0593877252395,
                    "22": 5056.35898143297,
                    "23": 4776.143762830611,
                    "24": 3932.064755201403
                },
                "load payment": 116315.74498775302
            },
            "LOAD_LONGIL": {
                "DAM hourly load payments": {
                    "1": 1458.0535335779334,
                    "2": 1375.8969800168716,
                    "3": 1329.5176892158488,
                    "4": 1301.624172615613,
                    "5": 1320.520252752342,
                    "6": 1401.5338104525122,
                    "7": 1572.0015162852799,
                    "8": 1780.056231181991,
                    "9": 1627.484022886302,
                    "10": 1912.402065263961,
                    "11": 1959.8584106854812,
                    "12": 1982.1395196294884,
                    "13": 1980.3234947565684,
                    "14": 1965.9292725757155,
                    "15": 1952.6267582335684,
                    "16": 1939.7219900516461,
                    "17": 1960.8402149914834,
                    "18": 2024.8407058290984,
                    "19": 2123.468136077529,
                    "20": 2096.8714811631985,
                    "21": 2038.5989373676728,
                    "22": 1956.0915207349808,
                    "23": 1792.0576969532508,
                    "24": 1427.9461536275753
                },
                "load payment": 42280.404566925914
            },
            "LOAD_DUNWOD": {
                "DAM hourly load payments": {
                    "1": 441.4458563311362,
                    "2": 424.4987315882033,
                    "3": 410.38711798902966,
                    "4": 401.9391998045017,
                    "5": 401.56552779330866,
                    "6": 427.341569692758,
                    "7": 481.0404357718567,
                    "8": 545.172810497025,
                    "9": 501.76689116281597,
                    "10": 591.7352739111693,
                    "11": 614.1116331696721,
                    "12": 613.6720190388568,
                    "13": 617.3752446863922,
                    "14": 609.0539772228044,
                    "15": 606.022733162669,
                    "16": 601.3042081292764,
                    "17": 612.2286192800387,
                    "18": 621.9807261112674,
                    "19": 628.9998983706454,
                    "20": 620.634669493976,
                    "21": 602.6501036719503,
                    "22": 578.8683716286363,
                    "23": 537.2157947292667,
                    "24": 434.0085300841589
                },
                "load payment": 12925.019943321417
            },
            "LOAD_HUD VL": {
                "DAM hourly load payments": {
                    "1": 706.0349479231681,
                    "2": 679.5262158350006,
                    "3": 663.8026836975554,
                    "4": 657.0033185035851,
                    "5": 653.8674043411278,
                    "6": 697.4771261180134,
                    "7": 784.7332042119936,
                    "8": 864.9847637923413,
                    "9": 792.186123985065,
                    "10": 908.9974648960648,
                    "11": 935.5941198103953,
                    "12": 937.9973443116716,
                    "13": 956.1230534378424,
                    "14": 951.4191822381177,
                    "15": 960.2125111360565,
                    "16": 972.8221100813539,
                    "17": 986.0032073967111,
                    "18": 1000.0708595828033,
                    "19": 1009.8009850920316,
                    "20": 1000.7313270606577,
                    "21": 976.0853991850705,
                    "22": 949.4423966321563,
                    "23": 872.2310700779224,
                    "24": 705.5159782096023
                },
                "load payment": 20622.66279755631
            },
            "b7": {
                "DAM hourly load payments": {
                    "1": 0.0,
                    "2": 0.0,
                    "3": 0.0,
                    "4": 0.0,
                    "5": 0.0,
                    "6": 0.0,
                    "7": 0.0,
                    "8": 0.0,
                    "9": 0.0,
                    "10": 0.0,
                    "11": 0.0,
                    "12": 0.0,
                    "13": 0.0,
                    "14": 0.0,
                    "15": 0.0,
                    "16": 0.0,
                    "17": 0.0,
                    "18": 0.0,
                    "19": 0.0,
                    "20": 0.0,
                    "21": 0.0,
                    "22": 0.0,
                    "23": 0.0,
                    "24": 0.0
                },