{
    "total cost": 397886.0753423049,
    "detailed cost results": {
        "generator costs": {
            "g1": {
                "variable production cost": 241272.85937490332,
                "fixed commitment cost": 28392.00715122869,
                "startup cost": 0.0,
                "total generator cost": 269664.86652613204
            },
            "g2": {
                "variable production cost": 0.0,
                "fixed commitment cost": 0.0,
                "startup cost": 0.0,
                "total generator cost": 0.0
            },
            "g3": {
                "variable production cost": 23707.184070043397,
                "fixed commitment cost": 9188.026300084413,
                "startup cost": 4605.95,
                "total generator cost": 37501.160370127836
            },
            "g4": {
                "variable production cost": 14600.044777813413,
                "fixed commitment cost": 6434.463490940207,
                "startup cost": 5317.09,
                "total generator cost": 26351.59826875362
            },
            "g5": {
                "variable production cost": 40101.457498980715,
                "fixed commitment cost": 16215.412678310859,
                "startup cost": 8051.58,
                "total generator cost": 64368.45017729157
            }
        },
        "total cost of generators": 397886.0753423049,
        "load curtailment cost": 0.0,
        "line overflow penalty": 0.0,
        "up-FRP shortfall penalty": 0.0,
        "down-FRP shortfall penalty": 0.0,
        "total cost": 397886.0753423049
    }
}
