{
    "total load_payment": 575275.6160926054,
    "detailed load payment results": {
        "load payments": {
            "b1": {
                "DAM hourly load payments": {
                    "1": 0.0,
                    "2": 0.0,
                    "3": 0.0,
                    "4": 0.0,
                    "5": 0.0,
                    "6": 0.0,
                    "7": 0.0,
                    "8": 0.0,
                    "9": 0.0,
                    "10": 0.0,
                    "11": 0.0,
                    "12": 0.0,
                    "13": 0.0,
                    "14": 0.0,
                    "15": 0.0,
                    "16": 0.0,
                    "17": 0.0,
                    "18": 0.0,
                    "19": 0.0,
                    "20": 0.0,
                    "21": 0.0,
                    "22": 0.0,
                    "23": 0.0,
                    "24": 0.0
                },
                "load payment": 0.0
            },
            "LOAD_WEST": {
                "DAM hourly load payments": {
                    "1": 1159.0939439169344,
                    "2": 1129.888912412585,
                    "3": 978.434152220433,
                    "4": 966.6840164214484,
                    "5": 964.6074285558387,
                    "6": 975.3192700350767,
                    "7": 1128.0278789657236,
                    "8": 9310.380008801625,
                    "9": 1212.1187355816016,
                    "10": 9992.390291401513,
                    "11": 10346.867920830691,
                    "12": 1304.913951108396,
                    "13": 1317.2744356726405,
                    "14": 1338.932758224402,
                    "15": 1341.5484623027537,
                    "16": 1336.5441878205627,
                    "17": 1354.7515403246516,
                    "18": 1387.546754483479,
                    "19": 1392.2726063897444,
                    "20": 1425.2583194191063,
                    "21": 1405.2045884448207,
                    "22": 1360.4926916167742,
                    "23": 1310.0815105879676,
                    "24": 1090.6408497231703
                },
                "load payment": 55529.275215261936
            },
            "LOAD_N.Y.C.": {
                "DAM hourly load payments": {
                    "1": 3821.2139478734443,
                    "2": 3641.9905933491173,
                    "3": 3090.7499099669626,
                    "4": 3025.4792625081936,
                    "5": 2991.5186632049003,
                    "6": 3022.267644851242,
                    "7": 3538.241658476689,
                    "8": 29312.43553510797,
                    "9": 3913.2105313556667,
                    "10": 32955.815487396336,
                    "11": 34640.706544967274,
                    "12": 4473.27893401446,
                    "13": 4552.893053105126,
                    "14": 4601.836759962313,
                    "15": 4637.709273036849,
                    "16": 4667.676302661021,
                    "17": 4715.367109245386,
                    "18": 4785.236448729386,
                    "19": 4872.675699348565,
                    "20": 4917.87535860549,
                    "21": 4839.301659331346,
                    "22": 4711.533046255697,
                    "23": 4528.678688267162,
                    "24": 3766.10538013317
                },
                "load payment": 184023.79749175376
            },
            "LOAD_LONGIL": {
                "DAM hourly load payments": {
                    "1": 1471.0221504369872,
                    "2": 1393.921159380302,
                    "3": 1182.907142530399,
                    "4": 1165.4625130020386,
                    "5": 1170.4992062984525,
                    "6": 1184.1131119255379,
                    "7": 1390.2430538996614,
                    "8": 11342.404148870415,
                    "9": 1534.9127377418984,
                    "10": 12866.334711954918,
                    "11": 13424.897353503164,
                    "12": 1727.2585740710638,
                    "13": 1754.5879189103437,
                    "14": 1772.8099246326412,
                    "15": 1770.1282784346677,
                    "16": 1822.5156287304244,
                    "17": 1886.5747350785575,
                    "18": 1960.8109076758385,
                    "19": 2046.0447610318365,
                    "20": 2073.044395273005,
                    "21": 2020.1661419450188,
                    "22": 1907.454312849797,
                    "23": 1791.2956988334279,
                    "24": 1451.5995884324304
                },
                "load payment": 72111.00815544283
            },
            "LOAD_DUNWOD": {
                "DAM hourly load payments": {
                    "1": 437.63586722671056,
                    "2": 418.76909414185815,
                    "3": 355.3609794454305,
                    "4": 344.3008905006159,
                    "5": 341.07637475498933,
                    "6": 349.20860345199395,
                    "7": 409.81561961896966,
                    "8": 3406.374662287413,
                    "9": 460.8548202066353,
                    "10": 3910.499669863555,
                    "11": 4065.879927718339,
                    "12": 516.1143164501285,
                    "13": 519.2722113191267,
                    "14": 530.262564589511,
                    "15": 533.6842279369984,
                    "16": 541.3554945197268,
                    "17": 546.3377879436858,
                    "18": 563.350854806241,
                    "19": 579.7557888464502,
                    "20": 579.9169806651083,
                    "21": 562.7647026904358,
                    "22": 536.4988050075394,
                    "23": 503.1760538917337,
                    "24": 405.37966726564423
                },
                "load payment": 21417.645965148837
            },
            "LOAD_HUD VL": {
                "DAM hourly load payments": {
                    "1": 722.3226514698778,
                    "2": 689.2856495391021,
                    "3": 578.8134697466485,
                    "4": 566.4184313712125,
                    "5": 567.643747318952,
                    "6": 574.7376819283751,
                    "7": 685.7101212458293,
                    "8": 5813.486950443227,
                    "9": 775.6771531171969,
                    "10": 6529.405157296689,
                    "11": 6824.825626180694,
                    "12": 877.4991126869114,
                    "13": 886.6211056375621,
                    "14": 891.5814187066716,
                    "15": 895.853002384685,
                    "16": 910.741268201118,
                    "17": 917.342806772453,
                    "18": 933.38139593811,
                    "19": 964.8357869979507,
                    "20": 974.0603562567411,
                    "21": 945.214342666148,
                    "22": 880.3712583708796,
                    "23": 826.5876095414314,
                    "24": 673.0596152574451
                },
                "load payment": 35905.47571907591
            },
            "b7": {
                "DAM hourly load payments": {
                    "1": 0.0,
                    "2": 0.0,
                    "3": 0.0,
                    "4": 0.0,
                    "5": 0.0,
                    "6": 0.0,
                    "7": 0.0,
                    "8": 0.0,
                    "9": 0.0,
                    "10": 0.0,
                    "11": 0.0,
                    "12": 0.0,
                    "13": 0.0,
                    "14": 0.0,
                    "15": 0.0,
                    "16": 0.0,
                    "17": 0.0,
                    "18": 0.0,
                    "19": 0.0,
                    "20": 0.0,
                    "21": 0.0,
                    "22": 0.0,
                    "23": 0.0,
                    "24": 0.0
                },