{
    "st-FRP": {
        "oos load_payments": {
            "1": 781209.120788398,
            "2": 792491.9452022859,
            "3": 691154.2511001616,
            "4": 849984.2743333706,
            "5": 422697.79435604706,
            "6": 898347.1404984405,
            "7": 684987.6341664515,
            "8": 578213.6887617087,
            "9": 468835.78250191314,
            "10": 573699.678944277,
            "11": 313716.96895801026,
            "12": 637208.2041372005,
            "13": 579830.3869151999,
            "14": 471682.159073572,
            "15": 827888.0494525442,
            "16": 808750.7620417733,
            "17": 577928.637677899,
            "18": 577987.6761037736,
            "19": 492428.40111594036,
            "20": 582144.8081523586,
            "21": 914971.8749226114,
            "22": 474153.80536772666,
            "23": 478485.2169553863,
            "24": 583813.9510296196,
            "25": 481576.13112649275,
            "26": 423896.8151541391,
            "27": 580062.1646459948,
            "28": 588367.764511054,
            "29": 911583.855351101,
            "30": 1.066692079217072e6,
            "31": 568616.0156817795
        },
        "configuration load_payments": {
            "b1": {
                "load payment": 0.0
            },
            "LOAD_WEST": {
                "load payment": 1.727725220903681e6
            },
            "LOAD_N.Y.C.": {
                "load payment": 4.278213274790195e6
            },
            "LOAD_LONGIL": {
                "load payment": 1.548402638376473e6
            },
            "LOAD_DUNWOD": {
                "load payment": 980604.3776747974
            },
            "LOAD_HUD VL": {
                "load payment": 1.16956916898019e6
            },
            "b7": {
                "load payment": 0.0
            },
            "b8": {
                "load payment": 0.0
            },
            "LOAD_CENTRL": {
                "load payment": 2.3268132524918355e6
            },
            "LOAD_MHK VL": {
                "load payment": 991239.700237544
            },
            "LOAD_MILLWD": {
                "load payment": 349038.7772914715
            },
            "LOAD_NORTH": {
                "load payment": 3.6023885079516014e6
            },
            "LOAD_GENESE": {
                "load payment": 940000.3632155919
            },
            "LOAD_CAPITL": {
                "load payment": 1.7694117563309232e6
            },
            "aggregate load payment": 1.9683407038244303e7
        }
    },
    "nf-FRP": {
        "oos load_payments": {
            "1": 639403.2773570031,
            "2": 359707.94812444574,
            "3": 371325.6253232058,
            "4": 298773.04215636133,
            "5": 339253.15276173793,
            "6": 439520.98431034095,
            "7": 367713.4809980626,
            "8": 578258.0504014897,
            "9": 473454.453645011,
            "10": 573743.730547387,
            "11": 315379.75307011284,
            "12": 292831.35547262506,
            "13": 583080.2824942105,
            "14": 471682.159073572,
            "15": 387353.59022284433,
            "16": 373230.7229013725,
            "17": 366279.22385560325,
            "18": 302991.08126249316,
            "19": 320812.4682731608,
            "20": 582197.4746239847,
            "21": 369428.9831992105,
            "22": 474193.4084803894,
            "23": 377848.5697672179,
            "24": 371636.59424177546,
            "25": 302999.0497737704,
            "26": 340141.3075476672,
            "27": 369121.0244459442,
            "28": 374498.620413646,
            "29": 481924.7362950148,
            "30": 401369.0766364967,
            "31": 570277.1657719493
        },
        "configuration load_payments": {
            "b1": {
                "load payment": 0.0
            },
            "LOAD_WEST": {
                "load payment": 1.0554978141097939e6
            },
            "LOAD_N.Y.C.": {
                "load payment": 2.0283420434625356e6
            },
            "LOAD_LONGIL": {
                "load payment": 733284.3910175638
            },
            "LOAD_DUNWOD": {
                "load payment": 720705.5761597168
            },
            "LOAD_HUD VL": {
                "load payment": 766915.5404670165
            },
            "b7": {
                "load payment": 0.0
            },
            "b8": {
                "load payment": 0.0
            },
            "LOAD_CENTRL": {
                "load payment": 1.6047439313493965e6
            },
            "LOAD_MHK VL": {
                "load payment": 645047.3338371408
            },
            "LOAD_MILLWD": {
                "load payment": 230134.80608484425
            },
            "LOAD_NORTH": {
                "load payment": 3.3455681259827632e6
            },
            "LOAD_GENESE": {
                "load payment": 502894.08249853534
            },
            "LOAD_CAPITL": {
                "load payment": 1.2372967484788008e6
            },
            "aggregate load payment": 1.2870430393448107e7
        }
    },
    "90-FRP": {
        "oos load_payments": {
            "1": 703100.1098500314,
            "2": 361841.7575492516,
            "3": 375962.51376666134,
            "4": 314943.78899534757,
            "5": 342465.50919489074,
            "6": 626464.4159219684,
            "7": 372452.4190152502,
            "8": 527890.9956887221,
            "9": 372363.159391712,
            "10": 628442.8105585455,
            "11": 415967.9025023,
            "12": 308966.87210992933,
            "13": 547139.4945375693,
            "14": 370119.849653551,
            "15": 395713.7494645119,
            "16": 386503.09651215444,
            "17": 372687.97794061876,
            "18": 317507.3155114582,
            "19": 327351.5373488689,
            "20": 379044.03634632943,
            "21": 390195.01838391373,
            "22": 370775.45297747245,
            "23": 378400.7209187509,
            "24": 376556.3096196672,
            "25": 317912.99907991476,
            "26": 497296.07946567435,
            "27": 377185.6390882402,
            "28": 381038.5971512329,
            "29": 389529.00497248315,
            "30": 407091.2727890321,
            "31": 505513.855431851
        },
        "configuration load_payments": {
            "b1": {
                "load payment": 0.0
            },
            "LOAD_WEST": {
                "load payment": 933426.1450283707
            },
            "LOAD_N.Y.C.": {
                "load payment": 842093.7535203256
            },
            "LOAD_LONGIL": {
                "load payment": 271667.0996689717
            },
            "LOAD_DUNWOD": {
                "load payment": 832962.6917682386
            },
            "LOAD_HUD VL": {
                "load payment": 758703.5592479552
            },
            "b7": {
                "load payment": 0.0
            },
            "b8": {
                "load payment": 0.0
            },
            "LOAD_CENTRL": {
                "load payment": 1.7498951747605863e6
            },
            "LOAD_MHK VL": {
                "load payment": 651278.07400203
            },
            "LOAD_MILLWD": {
                "load payment": 230770.46453934442
            },
            "LOAD_NORTH": {
                "load payment": 4.876110107416113e6
            },
            "LOAD_GENESE": {
                "load payment": 324912.79553958867
            },
            "LOAD_CAPITL": {
                "load payment": 1.3666043962463795e6
            },
            "aggregate load payment": 1.2838424261737904e7
        }
    },
    "95-FRP": {
        "oos load_payments": {
            "1": 541116.8322860004,
            "2": 361841.7575492516,
            "3": 379187.30968641385,
            "4": 300392.5420666478,
            "5": 342465.50919489074,
            "6": 457886.1079917286,