{
    "total cost": 400239.57380413875,
    "detailed cost results": {
        "generator costs": {
            "g1": {
                "variable production cost": 241760.51432079126,
                "fixed commitment cost": 28392.007151228667,
                "startup cost": 0.0,
                "total generator cost": 270152.52147201996
            },
            "g2": {
                "variable production cost": 0.0,
                "fixed commitment cost": 0.0,
                "startup cost": 0.0,
                "total generator cost": 0.0
            },
            "g3": {
                "variable production cost": 25510.583903499046,
                "fixed commitment cost": 9844.313892947592,
                "startup cost": 5297.28,
                "total generator cost": 40652.17779644664
            },
            "g4": {
                "variable production cost": 12775.03918058674,
                "fixed commitment cost": 5630.1555545726815,
                "startup cost": 5317.09,
                "total generator cost": 23722.28473515942
            },
            "g5": {
                "variable production cost": 40317.19501983377,
                "fixed commitment cost": 16215.412678310848,
                "startup cost": 8051.58,
                "total generator cost": 64584.187698144626
            }
        },
        "total cost of generators": 399111.1717017707,
        "load curtailment cost": 0.0,
        "up-FRP shortfall penalty": 1128.4021023680716,
        "down-FRP shortfall penalty": 0.0,
        "line overflow penalty": 0.0,
        "total cost": 400239.57380413875
    }
}
