{
    "total cost": 397972.4433496534,
    "detailed cost results": {
        "generator costs": {
            "g1": {
                "variable production cost": 240509.65046540706,
                "fixed commitment cost": 28392.00715122869,
                "startup cost": 0.0,
                "total generator cost": 268901.6576166357
            },
            "g2": {
                "variable production cost": 0.0,
                "fixed commitment cost": 0.0,
                "startup cost": 0.0,
                "total generator cost": 0.0
            },
            "g3": {
                "variable production cost": 25782.03051382923,
                "fixed commitment cost": 9844.313892947586,
                "startup cost": 4605.95,
                "total generator cost": 40232.29440677684
            },
            "g4": {
                "variable production cost": 12775.039180586737,
                "fixed commitment cost": 5630.155554572681,
                "startup cost": 5317.09,
                "total generator cost": 23722.284735159417
            },
            "g5": {
                "variable production cost": 40849.21391277071,
                "fixed commitment cost": 16215.412678310859,
                "startup cost": 8051.58,
                "total generator cost": 65116.206591081565
            }
        },
        "total cost of generators": 397972.4433496534,
        "load curtailment cost": 0.0,
        "line overflow penalty": 0.0,
        "up-FRP shortfall penalty": 0.0,
        "down-FRP shortfall penalty": 0.0,
        "total cost": 397972.4433496534
    }
}
