{
    "total cost": 398700.7550878727,
    "detailed cost results": {
        "generator costs": {
            "g1": {
                "variable production cost": 241603.14659343526,
                "fixed commitment cost": 28392.00715122869,
                "startup cost": 0.0,
                "total generator cost": 269995.1537446638
            },
            "g2": {
                "variable production cost": 0.0,
                "fixed commitment cost": 0.0,
                "startup cost": 0.0,
                "total generator cost": 0.0
            },
            "g3": {
                "variable production cost": 23774.414027639392,
                "fixed commitment cost": 9188.026300084413,
                "startup cost": 4605.95,
                "total generator cost": 37568.39032772383
            },
            "g4": {
                "variable production cost": 14600.044777813413,
                "fixed commitment cost": 6434.463490940207,
                "startup cost": 5317.09,
                "total generator cost": 26351.59826875362
            },
            "g5": {
                "variable production cost": 40518.62006842055,
                "fixed commitment cost": 16215.412678310859,
                "startup cost": 8051.58,
                "total generator cost": 64785.6127467314
            }
        },
        "total cost of generators": 398700.7550878727,
        "load curtailment cost": 0.0,
        "line overflow penalty": 0.0,
        "up-FRP shortfall penalty": 0.0,
        "down-FRP shortfall penalty": 0.0,
        "total cost": 398700.7550878727
    }
}
