{
    "st-FRP": {
        "oos load_payments": {
            "1": 781209.120788398,
            "2": 792491.9452022859,
            "3": 689557.5266729477,
            "4": 297165.9630638879,
            "5": 336200.14060130354,
            "6": 1.52277062505645e6,
            "7": 683440.8622171641,
            "8": 578213.6887617087,
            "9": 470227.7292032168,
            "10": 569099.8748236637,
            "11": 310669.77670878125,
            "12": 729480.6284638664,
            "13": 579830.3869151999,
            "14": 467020.4987105248,
            "15": 823204.5405065343,
            "16": 804072.5604360593,
            "17": 576296.8502013247,
            "18": 302915.3330363259,
            "19": 492428.40111594036,
            "20": 577437.2943096012,
            "21": 914971.8749226114,
            "22": 469548.42884255655,
            "23": 479919.1332336218,
            "24": 580770.7686431974,
            "25": 299953.8899579262,
            "26": 423896.8151541391,
            "27": 576842.8298824776,
            "28": 588367.764511054,
            "29": 911583.855351101,
            "30": 1.0636906616368182e6,
            "31": 567068.3242875894
        },
        "configuration load_payments": {
            "b1": {
                "load payment": 0.0
            },
            "LOAD_WEST": {
                "load payment": 1.6774824772589987e6
            },
            "LOAD_N.Y.C.": {
                "load payment": 4.169353351865898e6
            },
            "LOAD_LONGIL": {
                "load payment": 1.5129051641372324e6
            },
            "LOAD_DUNWOD": {
                "load payment": 964108.983705941
            },
            "LOAD_HUD VL": {
                "load payment": 1.1434242744645907e6
            },
            "b7": {
                "load payment": 0.0
            },
            "b8": {
                "load payment": 0.0
            },
            "LOAD_CENTRL": {
                "load payment": 2.2725278733764654e6
            },
            "LOAD_MHK VL": {
                "load payment": 965431.9884465238
            },
            "LOAD_MILLWD": {
                "load payment": 339712.6430398605
            },
            "LOAD_NORTH": {
                "load payment": 3.5739226425291426e6
            },
            "LOAD_GENESE": {
                "load payment": 909886.5353744522
            },
            "LOAD_CAPITL": {
                "load payment": 1.731592159019173e6
            },
            "aggregate load payment": 1.926034809321828e7
        }
    },
    "nf-FRP": {
        "oos load_payments": {
            "1": 639403.2773570031,
            "2": 359707.94812444574,
            "3": 371325.6253232058,
            "4": 298778.70490133105,
            "5": 339253.15276173793,
            "6": 439520.98431034095,
            "7": 367713.4809980626,
            "8": 578258.0504014897,
            "9": 473454.453645011,
            "10": 573743.730547387,
            "11": 315465.13952764665,
            "12": 291305.298093357,
            "13": 583080.2824942105,
            "14": 471682.159073572,
            "15": 385314.4272779915,
            "16": 373230.7229013725,
            "17": 366279.22385560325,
            "18": 302991.08126249316,
            "19": 320812.4682731608,
            "20": 582197.4746239847,
            "21": 369428.9831992105,
            "22": 474193.4084803894,
            "23": 377848.5697672179,
            "24": 371636.59424177546,
            "25": 302999.0497737704,
            "26": 341698.10068751883,
            "27": 369121.0244459442,
            "28": 374498.620413646,
            "29": 368360.8583820875,
            "30": 402979.9059714216,
            "31": 570277.1657719493
        },
        "configuration load_payments": {
            "b1": {
                "load payment": 0.0
            },
            "LOAD_WEST": {
                "load payment": 1.0446545505710214e6
            },
            "LOAD_N.Y.C.": {
                "load payment": 1.9899075841171197e6
            },
            "LOAD_LONGIL": {
                "load payment": 719125.4975713275
            },
            "LOAD_DUNWOD": {
                "load payment": 716184.2322059181
            },
            "LOAD_HUD VL": {
                "load payment": 760078.4353303192
            },
            "b7": {
                "load payment": 0.0
            },
            "b8": {
                "load payment": 0.0
            },
            "LOAD_CENTRL": {
                "load payment": 1.5932651711515032e6
            },
            "LOAD_MHK VL": {
                "load payment": 639454.146173569
            },
            "LOAD_MILLWD": {
                "load payment": 228165.3992471647
            },
            "LOAD_NORTH": {
                "load payment": 3.3413052526527527e6
            },
            "LOAD_GENESE": {
                "load payment": 495621.2473320779
            },
            "LOAD_CAPITL": {
                "load payment": 1.2287984505355647e6
            },
            "aggregate load payment": 1.2756559966888338e7
        }
    },
    "90-FRP": {
        "oos load_payments": {
            "1": 703100.1098500314,
            "2": 361841.7575492516,
            "3": 375962.51376666134,
            "4": 314943.78899534757,
            "5": 342465.50919489074,
            "6": 626464.4159219684,
            "7": 372452.4190152502,
            "8": 527890.9956887221,
            "9": 372363.159391712,
            "10": 628442.8105585455,
            "11": 415967.9025023,
            "12": 308966.87210992933,
            "13": 547139.4945375693,
            "14": 370119.849653551,
            "15": 395713.7494645119,
            "16": 386503.09651215444,
            "17": 372687.97794061876,
            "18": 317507.3155114582,
            "19": 327351.5373488689,
            "20": 379044.03634632943,
            "21": 390195.01838391373,
            "22": 370775.45297747245,
            "23": 378400.7209187509,
            "24": 376556.3096196672,
            "25": 317912.99907991476,
            "26": 497296.07946567435,
            "27": 377185.6390882402,
            "28": 381038.5971512329,
            "29": 389529.00497248315,
            "30": 407091.2727890321,
            "31": 505513.855431851
        },
        "configuration load_payments": {
            "b1": {
                "load payment": 0.0
            },
            "LOAD_WEST": {
                "load payment": 933426.1450283707
            },
            "LOAD_N.Y.C.": {
                "load payment": 842093.7535203256
            },
            "LOAD_LONGIL": {
                "load payment": 271667.0996689717
            },
            "LOAD_DUNWOD": {
                "load payment": 832962.6917682386
            },
            "LOAD_HUD VL": {
                "load payment": 758703.5592479552
            },
            "b7": {
                "load payment": 0.0
            },
            "b8": {
                "load payment": 0.0
            },
            "LOAD_CENTRL": {
                "load payment": 1.7498951747605863e6
            },
            "LOAD_MHK VL": {
                "load payment": 651278.07400203
            },
            "LOAD_MILLWD": {
                "load payment": 230770.46453934442
            },
            "LOAD_NORTH": {
                "load payment": 4.876110107416113e6
            },
            "LOAD_GENESE": {
                "load payment": 324912.79553958867
            },
            "LOAD_CAPITL": {
                "load payment": 1.3666043962463795e6
            },
            "aggregate load payment": 1.2838424261737904e7
        }
    },
    "95-FRP": {
        "oos load_payments": {
            "1": 541116.8322860004,
            "2": 361841.7575492516,
            "3": 379187.30968641385,
            "4": 300392.5420666478,
            "5": 342465.50919489074,
            "6": 457886.1079917286,