{
    "total load_payment": 4.426149999170533e6,
    "detailed load payment results": {
        "load payments": {
            "b1": {
                "DAM hourly load payments": {
                    "1": 0.0,
                    "2": 0.0,
                    "3": 0.0,
                    "4": 0.0,
                    "5": 0.0,
                    "6": 0.0,
                    "7": 0.0,
                    "8": 0.0,
                    "9": 0.0,
                    "10": 0.0,
                    "11": 0.0,
                    "12": 0.0,
                    "13": 0.0,
                    "14": 0.0,
                    "15": 0.0,
                    "16": 0.0,
                    "17": 0.0,
                    "18": 0.0,
                    "19": 0.0,
                    "20": 0.0,
                    "21": 0.0,
                    "22": 0.0,
                    "23": 0.0,
                    "24": 0.0
                },
                "load payment": 0.0
            },
            "LOAD_WEST": {
                "DAM hourly load payments": {
                    "1": 1225.8859844852273,
                    "2": 1195.1789374477728,
                    "3": 1166.9630368585297,
                    "4": 1008.3383104902181,
                    "5": 1009.1186438103394,
                    "6": 1167.0802678795662,
                    "7": 1209.8254146130291,
                    "8": 10063.941261503338,
                    "9": 1311.112510352893,
                    "10": 10532.34914440618,
                    "11": 10562.638665018956,
                    "12": 1312.6218524951016,
                    "13": 1300.8108864736046,
                    "14": 1289.53478401819,
                    "15": 10261.494298232956,
                    "16": 10320.555943027852,
                    "17": 10333.10362731172,
                    "18": 10575.886685039539,
                    "19": 159188.2303962504,
                    "20": 160897.88310486512,
                    "21": 10895.5315828681,
                    "22": 10621.291782968556,
                    "23": 1288.4210945937152,
                    "24": 1227.5858254979707
                },
                "load payment": 429965.3840405089
            },
            "LOAD_N.Y.C.": {
                "DAM hourly load payments": {
                    "1": 3955.5307189349796,
                    "2": 3751.5424347483104,
                    "3": 3612.8954653774726,
                    "4": 3109.0651587396774,
                    "5": 3074.2919814749866,
                    "6": 3521.7854367659843,
                    "7": 3667.01929148995,
                    "8": 30716.375244303665,
                    "9": 4071.3617149164993,
                    "10": 33846.93434638158,
                    "11": 34889.20900654267,
                    "12": 4449.114810917051,
                    "13": 4484.152057143037,
                    "14": 4465.021515843463,
                    "15": 35387.55624919329,
                    "16": 35370.68982553191,
                    "17": 35409.67518387664,
                    "18": 35742.15957488049,
                    "19": 534107.4142340742,
                    "20": 534919.711880015,
                    "21": 36085.49916980336,
                    "22": 35150.72604522752,
                    "23": 4255.926381130232,
                    "24": 4060.085612461085
                },
                "load payment": 1.432103743339773e6
            },
            "LOAD_LONGIL": {
                "DAM hourly load payments": {
                    "1": 1452.9466830513709,
                    "2": 1369.4126715873447,
                    "3": 1321.5020579375723,
                    "4": 1138.118619181954,
                    "5": 1137.2673470319187,
                    "6": 1316.8128408352845,
                    "7": 1394.1263123482731,
                    "8": 11772.235207277177,
                    "9": 1540.2100880182238,
                    "10": 12339.857321881951,
                    "11": 12184.38278833197,
                    "12": 1512.0747836460396,
                    "13": 1488.1451208322462,
                    "14": 1495.369446675055,
                    "15": 11902.322570371363,
                    "16": 12411.1748420693,
                    "17": 13044.278348056612,
                    "18": 13814.99782630776,
                    "19": 217567.34163375507,
                    "20": 216519.43506390462,
                    "21": 14417.28655987976,
                    "22": 13863.962968900632,
                    "23": 1640.1636872682047,
                    "24": 1522.295812187497
                },
                "load payment": 568165.7206013373
            },
            "LOAD_DUNWOD": {
                "DAM hourly load payments": {
                    "1": 441.0135691611164,
                    "2": 420.8132998501496,
                    "3": 404.7454033688475,
                    "4": 345.0876723620506,
                    "5": 341.7148288675158,
                    "6": 401.0160101297895,
                    "7": 427.51008838428874,
                    "8": 3596.282369092159,
                    "9": 472.2408261947536,
                    "10": 3933.494026318808,
                    "11": 3961.0989268409703,
                    "12": 508.4283961216548,
                    "13": 504.68434904892865,
                    "14": 499.8998819838365,
                    "15": 3964.8340505366536,
                    "16": 3969.4445946035617,
                    "17": 3990.3379438486804,
                    "18": 4155.150286988038,
                    "19": 63729.218503958735,
                    "20": 64195.33277816742,
                    "21": 4349.1432860571595,
                    "22": 4190.342157757798,
                    "23": 496.9837748867868,
                    "24": 472.90757435177215
                },
                "load payment": 169771.7245988815
            },
            "LOAD_HUD VL": {
                "DAM hourly load payments": {
                    "1": 716.8421285804309,
                    "2": 679.4456198817102,
                    "3": 664.806469325558,
                    "4": 579.4390258478879,
                    "5": 582.1218228751947,
                    "6": 676.7493198500683,
                    "7": 718.4980085317841,
                    "8": 6088.310366024594,
                    "9": 794.9102713403698,
                    "10": 6318.195571600185,
                    "11": 6114.047704348745,
                    "12": 813.4912952401921,
                    "13": 751.7108561148859,
                    "14": 743.1676881433995,
                    "15": 5876.808973537682,
                    "16": 6124.55274039942,
                    "17": 6341.248289133387,
                    "18": 6699.645102395562,
                    "19": 104907.18211643095,
                    "20": 104876.56147090353,
                    "21": 6995.653674012455,
                    "22": 6764.717964831795,
                    "23": 801.548444715682,
                    "24": 755.4549030996893
                },
                "load payment": 276385.10982716514
            },
            "b7": {
                "DAM hourly load payments": {
                    "1": 0.0,
                    "2": 0.0,
                    "3": 0.0,
                    "4": 0.0,
                    "5": 0.0,
                    "6": 0.0,
                    "7": 0.0,
                    "8": 0.0,
                    "9": 0.0,
                    "10": 0.0,
                    "11": 0.0,
                    "12": 0.0,
                    "13": 0.0,
                    "14": 0.0,
                    "15": 0.0,
                    "16": 0.0,
                    "17": 0.0,
                    "18": 0.0,
                    "19": 0.0,
                    "20": 0.0,
                    "21": 0.0,
                    "22": 0.0,
                    "23": 0.0,
                    "24": 0.0
                },