{
    "total cost": 301972.66242727276,
    "detailed cost results": {
        "generator costs": {
            "g1": {
                "variable production cost": 217720.6002444289,
                "fixed commitment cost": 28392.00715122869,
                "startup cost": 0.0,
                "total generator cost": 246112.6073956575
            },
            "g2": {
                "variable production cost": 0.0,
                "fixed commitment cost": 0.0,
                "startup cost": 0.0,
                "total generator cost": 0.0
            },
            "g3": {
                "variable production cost": 5050.95142733277,
                "fixed commitment cost": 1968.8627785895183,
                "startup cost": 4605.95,
                "total generator cost": 11625.764205922289
            },
            "g4": {
                "variable production cost": 0.0,
                "fixed commitment cost": 0.0,
                "startup cost": 0.0,
                "total generator cost": 0.0
            },
            "g5": {
                "variable production cost": 26289.58351188936,
                "fixed commitment cost": 11485.917313803524,
                "startup cost": 6458.79,
                "total generator cost": 44234.29082569288
            }
        },
        "total cost of generators": 301972.66242727276,
        "load curtailment cost": 0.0,
        "line overflow penalty": 0.0,
        "up-FRP shortfall penalty": 0.0,
        "down-FRP shortfall penalty": 0.0,
        "total cost": 301972.66242727276
    }
}
