{
    "total cost": 319894.5771329358,
    "detailed cost results": {
        "generator costs": {
            "g1": {
                "variable production cost": 208444.02468847888,
                "fixed commitment cost": 28392.007151228667,
                "startup cost": 0.0,
                "total generator cost": 236836.03183970755
            },
            "g2": {
                "variable production cost": 0.0,
                "fixed commitment cost": 0.0,
                "startup cost": 0.0,
                "total generator cost": 0.0
            },
            "g3": {
                "variable production cost": 11785.553330443132,
                "fixed commitment cost": 4594.013150042209,
                "startup cost": 5297.28,
                "total generator cost": 21676.84648048534
            },
            "g4": {
                "variable production cost": 0.0,
                "fixed commitment cost": 0.0,
                "startup cost": 0.0,
                "total generator cost": 0.0
            },
            "g5": {
                "variable production cost": 37114.70613443208,
                "fixed commitment cost": 16215.412678310848,
                "startup cost": 8051.58,
                "total generator cost": 61381.698812742936
            }
        },
        "total cost of generators": 319894.5771329358,
        "load curtailment cost": 0.0,
        "up-FRP shortfall penalty": 0.0,
        "down-FRP shortfall penalty": 0.0,
        "line overflow penalty": 0.0,
        "total cost": 319894.5771329358
    }
}
