{
    "total load_payment": 466250.8263814481,
    "detailed load payment results": {
        "load payments": {
            "b1": {
                "DAM hourly load payments": {
                    "1": 0.0,
                    "2": 0.0,
                    "3": 0.0,
                    "4": 0.0,
                    "5": 0.0,
                    "6": 0.0,
                    "7": 0.0,
                    "8": 0.0,
                    "9": 0.0,
                    "10": 0.0,
                    "11": 0.0,
                    "12": 0.0,
                    "13": 0.0,
                    "14": 0.0,
                    "15": 0.0,
                    "16": 0.0,
                    "17": 0.0,
                    "18": 0.0,
                    "19": 0.0,
                    "20": 0.0,
                    "21": 0.0,
                    "22": 0.0,
                    "23": 0.0,
                    "24": 0.0
                },
                "load payment": 0.0
            },
            "LOAD_WEST": {
                "DAM hourly load payments": {
                    "1": 1201.7145338994858,
                    "2": 1168.9779352511764,
                    "3": 1145.5904634917983,
                    "4": 994.105298618809,
                    "5": 1000.0835507633745,
                    "6": 1153.8259018354825,
                    "7": 1208.872917622672,
                    "8": 9975.99076056573,
                    "9": 1287.2927519510317,
                    "10": 10334.270855874027,
                    "11": 1312.8929475826951,
                    "12": 1147.9598414168377,
                    "13": 1139.1182193130626,
                    "14": 1129.25764998386,
                    "15": 1122.0209157868708,
                    "16": 1115.8888078094428,
                    "17": 1124.478917687071,
                    "18": 1300.056214962886,
                    "19": 1315.4500370297567,
                    "20": 1389.8463549002959,
                    "21": 1382.000288946873,
                    "22": 1344.5231842948617,
                    "23": 1132.4628188673325,
                    "24": 1206.6601928711586
                },
                "load payment": 46633.341361326595
            },
            "LOAD_N.Y.C.": {
                "DAM hourly load payments": {
                    "1": 3838.4175144857627,
                    "2": 3647.2952711137764,
                    "3": 3506.28171116641,
                    "4": 3015.573550216874,
                    "5": 2988.6810891134887,
                    "6": 3435.401260060763,
                    "7": 3573.27157809357,
                    "8": 29841.130657348313,
                    "9": 3973.4889561787877,
                    "10": 33093.48981863711,
                    "11": 4292.678122466398,
                    "12": 3830.4796117059036,
                    "13": 3862.170152200397,
                    "14": 3862.3894197852687,
                    "15": 3849.889354237942,
                    "16": 3851.174553853737,
                    "17": 3859.358374750666,
                    "18": 4408.699618197681,
                    "19": 4458.280765544552,
                    "20": 4535.706234032736,
                    "21": 4481.499718260708,
                    "22": 4377.479688300684,
                    "23": 3723.180626612826,
                    "24": 4029.1441051400147
                },
                "load payment": 148335.16175150435
            },
            "LOAD_LONGIL": {
                "DAM hourly load payments": {
                    "1": 1472.150493958899,
                    "2": 1390.2137465840162,
                    "3": 1340.6106185306048,
                    "4": 1163.3278830795882,
                    "5": 1167.8808997919114,
                    "6": 1354.5170791618073,
                    "7": 1415.6674047582267,
                    "8": 11793.01182946405,
                    "9": 1537.5137877228135,
                    "10": 12267.372573132297,
                    "11": 1522.1859086547934,
                    "12": 1315.428289841952,
                    "13": 1298.9897084442948,
                    "14": 1288.3875007574925,
                    "15": 1296.2829578569003,
                    "16": 1330.4222879391634,
                    "17": 1398.4660186590256,
                    "18": 1709.6813354475528,
                    "19": 1818.6616784766852,
                    "20": 1908.3649418695636,
                    "21": 1861.099096197806,
                    "22": 1794.5195360858168,
                    "23": 1488.9588275623857,
                    "24": 1565.9128605734868
                },
                "load payment": 56499.627264551134
            },
            "LOAD_DUNWOD": {
                "DAM hourly load payments": {
                    "1": 440.2442444321894,
                    "2": 414.4975101121535,
                    "3": 397.2573093113179,
                    "4": 343.39802607326726,
                    "5": 341.0892728436648,
                    "6": 400.1441087410314,
                    "7": 419.95605229505964,
                    "8": 3557.297013548769,
                    "9": 477.28906182625786,
                    "10": 3962.207791523985,
                    "11": 499.8119591576734,
                    "12": 439.4950435556542,
                    "13": 435.90293309535537,
                    "14": 430.64052344059206,
                    "15": 431.68895169095464,
                    "16": 431.4659994132764,
                    "17": 439.3596138954213,
                    "18": 515.6453947398998,
                    "19": 532.5045966566695,
                    "20": 550.9683901509154,
                    "21": 544.9969648446989,
                    "22": 528.7752034176115,
                    "23": 442.3519645092202,
                    "24": 467.3684363034984
                },
                "load payment": 17444.356365579137
            },
            "LOAD_HUD VL": {
                "DAM hourly load payments": {
                    "1": 723.9345699202266,
                    "2": 678.7422372724056,
                    "3": 665.9055046525965,
                    "4": 575.4728715124965,
                    "5": 574.6022522681423,
                    "6": 680.5153476293352,
                    "7": 724.125069406221,
                    "8": 6082.182428328368,
                    "9": 790.8511675032001,
                    "10": 6314.51880898245,
                    "11": 768.5847117774011,
                    "12": 662.463856576286,
                    "13": 644.6064885198651,
                    "14": 634.6104897625945,
                    "15": 631.6936849861971,
                    "16": 650.9007431791781,
                    "17": 679.3345228224391,
                    "18": 830.4384199831251,
                    "19": 874.6342939637389,
                    "20": 906.2582503484325,
                    "21": 888.2916393346605,
                    "22": 870.809651025645,
                    "23": 715.9972665569113,
                    "24": 763.4265727011159
                },
                "load payment": 28332.90084901303
            },
            "b7": {
                "DAM hourly load payments": {
                    "1": 0.0,
                    "2": 0.0,
                    "3": 0.0,
                    "4": 0.0,
                    "5": 0.0,
                    "6": 0.0,
                    "7": 0.0,
                    "8": 0.0,
                    "9": 0.0,
                    "10": 0.0,
                    "11": 0.0,
                    "12": 0.0,
                    "13": 0.0,
                    "14": 0.0,
                    "15": 0.0,
                    "16": 0.0,
                    "17": 0.0,
                    "18": 0.0,
                    "19": 0.0,
                    "20": 0.0,
                    "21": 0.0,
                    "22": 0.0,
                    "23": 0.0,
                    "24": 0.0
                },