{
    "total cost": 322784.1892747368,
    "detailed cost results": {
        "generator costs": {
            "g1": {
                "variable production cost": 217590.5342589025,
                "fixed commitment cost": 28392.00715122869,
                "startup cost": 0.0,
                "total generator cost": 245982.54141013123
            },
            "g2": {
                "variable production cost": 0.0,
                "fixed commitment cost": 0.0,
                "startup cost": 0.0,
                "total generator cost": 0.0
            },
            "g3": {
                "variable production cost": 18520.155233553483,
                "fixed commitment cost": 7219.1635214949,
                "startup cost": 4605.95,
                "total generator cost": 30345.2687550484
            },
            "g4": {
                "variable production cost": 0.0,
                "fixed commitment cost": 0.0,
                "startup cost": 0.0,
                "total generator cost": 0.0
            },
            "g5": {
                "variable production cost": 27836.029600824026,
                "fixed commitment cost": 12161.559508733144,
                "startup cost": 6458.79,
                "total generator cost": 46456.379109557165
            }
        },
        "total cost of generators": 322784.1892747368,
        "load curtailment cost": 0.0,
        "line overflow penalty": 0.0,
        "up-FRP shortfall penalty": 0.0,
        "down-FRP shortfall penalty": 0.0,
        "total cost": 322784.1892747368
    }
}
