{
    "detailed payment": {
        "generator payments": {
            "g1": {
                "DAM hourly energy payments": {
                    "1": 12011.664819358553,
                    "2": 11515.911964038049,
                    "3": 11213.179019724912,
                    "4": 11056.70569611859,
                    "5": 11055.584680788394,
                    "6": 11307.344366457643,
                    "7": 11896.998800296158,
                    "8": 100061.40216202207,
                    "9": 13052.174945458068,
                    "10": 9619.646419743789,
                    "11": 9587.252935002944,
                    "12": 12971.554946241835,
                    "13": 12805.901015669033,
                    "14": 12610.617092855118,
                    "15": 99627.01892272737,
                    "16": 12591.427935957105,
                    "17": 12976.83764329995,
                    "18": 11125.989184852075,
                    "19": 11768.990792497883,
                    "20": 12022.662801834256,
                    "21": 11786.091783241678,
                    "22": 11388.350898474386,
                    "23": 9524.110468460978,
                    "24": 12399.213982987954
                },
                "hourly up-FRP payment": {
                    "1": -0.0,
                    "2": -0.0,
                    "3": -0.0,
                    "4": -0.0,
                    "5": -0.0,
                    "6": -0.0,
                    "7": -0.0,
                    "8": 11339.938848683681,
                    "9": 0.0,
                    "10": -0.0,
                    "11": -0.0,
                    "12": -0.0,
                    "13": -0.0,
                    "14": -0.0,
                    "15": 11719.787955226588,
                    "16": -0.0,
                    "17": 0.0,
                    "18": -0.0,
                    "19": -0.0,
                    "20": 0.0,
                    "21": 0.0,
                    "22": -0.0,
                    "23": -0.0,
                    "24": -0.0
                },
                "hourly down-FRP payment": {
                    "1": -0.0,
                    "2": -0.0,
                    "3": -0.0,
                    "4": -0.0,
                    "5": -0.0,
                    "6": -0.0,
                    "7": -0.0,
                    "8": -0.0,
                    "9": -0.0,
                    "10": -0.0,
                    "11": -0.0,
                    "12": -0.0,
                    "13": -0.0,
                    "14": -0.0,
                    "15": -0.0,
                    "16": -0.0,
                    "17": -0.0,
                    "18": -0.0,
                    "19": -0.0,
                    "20": -0.0,
                    "21": -0.0,
                    "22": 0.0,
                    "23": -0.0,
                    "24": -0.0
                },
                "energy payment": 455976.6332781087,
                "up-FRP payment": 23059.72680391027,
                "down-FRP payment": 0.0,
                "make-whole payment": 0.0,
                "total payment": 479036.360082019
            },
            "g2": {
                "DAM hourly energy payments": {
                    "1": 0.0,
                    "2": 0.0,
                    "3": 0.0,
                    "4": 0.0,
                    "5": 0.0,
                    "6": 0.0,
                    "7": 0.0,
                    "8": 0.0,
                    "9": 0.0,
                    "10": 0.0,
                    "11": 0.0,
                    "12": 0.0,
                    "13": 0.0,
                    "14": 0.0,
                    "15": 0.0,
                    "16": 0.0,
                    "17": 0.0,
                    "18": 0.0,
                    "19": 0.0,
                    "20": 0.0,
                    "21": 0.0,
                    "22": 0.0,
                    "23": 0.0,
                    "24": 0.0
                },
                "hourly up-FRP payment": {
                    "1": -0.0,
                    "2": -0.0,
                    "3": -0.0,
                    "4": -0.0,
                    "5": -0.0,
                    "6": -0.0,
                    "7": -0.0,
                    "8": 0.0,
                    "9": -0.0,
                    "10": -0.0,
                    "11": -0.0,
                    "12": -0.0,
                    "13": -0.0,
                    "14": -0.0,
                    "15": 0.0,
                    "16": -0.0,
                    "17": -0.0,
                    "18": -0.0,
                    "19": -0.0,
                    "20": -0.0,
                    "21": -0.0,
                    "22": -0.0,
                    "23": -0.0,
                    "24": -0.0
                },
                "hourly down-FRP payment": {
                    "1": -0.0,
                    "2": -0.0,
                    "3": -0.0,
                    "4": -0.0,
                    "5": -0.0,
                    "6": -0.0,
                    "7": -0.0,
                    "8": -0.0,
                    "9": -0.0,
                    "10": -0.0,
                    "11": -0.0,
                    "12": -0.0,
                    "13": -0.0,
                    "14": -0.0,
                    "15": -0.0,
                    "16": -0.0,
                    "17": -0.0,
                    "18": -0.0,
                    "19": -0.0,
                    "20": -0.0,
                    "21": -0.0,
                    "22": -0.0,
                    "23": -0.0,
                    "24": -0.0
                },
                "energy payment": 0.0,
                "up-FRP payment": 0.0,
                "down-FRP payment": -0.0,
                "make-whole payment": 0.0,
                "total payment": 0.0
            },
            "g3": {
                "DAM hourly energy payments": {
                    "1": 0.0,
                    "2": 0.0,
                    "3": 0.0,
                    "4": 0.0,
                    "5": 0.0,
                    "6": 0.0,
                    "7": 0.0,
                    "8": 0.0,
                    "9": 0.0,
                    "10": 0.0,
                    "11": 0.0,
                    "12": 0.0,
                    "13": 0.0,
                    "14": 0.0,
                    "15": 0.0,
                    "16": 0.0,
                    "17": 0.0,
                    "18": 0.0,
                    "19": 0.0,
                    "20": 0.0,
                    "21": 0.0,
                    "22": 0.0,
                    "23": 0.0,
                    "24": 0.0
                },
                "hourly up-FRP payment": {
                    "1": -0.0,
                    "2": -0.0,
                    "3": -0.0,
                    "4": -0.0,
                    "5": -0.0,
                    "6": -0.0,
                    "7": -0.0,
                    "8": 0.0,
                    "9": -0.0,
                    "10": -0.0,
                    "11": -0.0,
                    "12": -0.0,
                    "13": -0.0,
                    "14": -0.0,
                    "15": 0.0,
                    "16": -0.0,
                    "17": -0.0,
                    "18": -0.0,
                    "19": -0.0,
                    "20": -0.0,
                    "21": -0.0,
                    "22": -0.0,
                    "23": -0.0,
                    "24": -0.0
                },
                "hourly down-FRP payment": {
                    "1": -0.0,
                    "2": -0.0,
                    "3": -0.0,
                    "4": -0.0,
                    "5": -0.0,
                    "6": -0.0,
                    "7": -0.0,
                    "8": -0.0,
                    "9": -0.0,
                    "10": -0.0,
                    "11": -0.0,
                    "12": -0.0,
                    "13": -0.0,
                    "14": -0.0,
                    "15": -0.0,