{
    "st-FRP": {
        "oos payments": {
            "1": 867426.8313439524,
            "2": 1.0393369494502512e6,
            "3": 764793.8180916377,
            "4": 701934.2285349753,
            "5": 439429.73329931556,
            "6": 1.6513099578828071e6,
            "7": 759608.8657617534,
            "8": 505308.09121313423,
            "9": 497704.5383834349,
            "10": 496182.7793020925,
            "11": 313408.0968488903,
            "12": 600194.5166076728,
            "13": 376805.7387508864,
            "14": 495434.2674618566,
            "15": 1.0413710252599409e6,
            "16": 904051.8815649735,
            "17": 502661.84391972463,
            "18": 300969.93386185524,
            "19": 320481.3338520094,
            "20": 502653.6677249076,
            "21": 903998.5975919698,
            "22": 502308.7314160886,
            "23": 508387.3243496219,
            "24": 503477.9362318567,
            "25": 403151.0864892742,
            "26": 440230.46569352003,
            "27": 502308.6547070091,
            "28": 639638.0762871725,
            "29": 774228.4570411155,
            "30": 1.0508501654075047e6,
            "31": 497069.58937540266
        },
        "configuration payments": {
            "g1": {
                "energy payment": 1.5134264233345868e7,
                "up-FRP payment": 615411.3945581098,
                "down-FRP payment": 0.0,
                "make-whole payment": 0.0,
                "total payment": 1.5749675627903981e7
            },
            "g2": {
                "energy payment": 0.0,
                "up-FRP payment": 0.0,
                "down-FRP payment": 0.0,
                "make-whole payment": 0.0,
                "total payment": 0.0
            },
            "g3": {
                "energy payment": 60843.040781892305,
                "up-FRP payment": 29053.285043479635,
                "down-FRP payment": 0.0,
                "make-whole payment": 56308.611970552935,
                "total payment": 146204.93779592487
            },
            "g4": {
                "energy payment": 33708.418215824975,
                "up-FRP payment": 0.0,
                "down-FRP payment": 0.0,
                "make-whole payment": 0.0,
                "total payment": 33708.418215824975
            },
            "g5": {
                "energy payment": 3.1219044147676397e6,
                "up-FRP payment": 755223.7850232406,
                "down-FRP payment": 0.0,
                "make-whole payment": 0.0,
                "total payment": 3.8771281997908796e6
            },
            "aggregate energy payment": 1.8350720107111223e7,
            "aggregate up-FRP payment": 1.39968846462483e6,
            "aggregate down-FRP payment": 0.0,
            "aggregate make-whole payment": 56308.611970552935,
            "aggregate total payment": 1.9806717183706608e7
        }
    },
    "nf-FRP": {
        "oos payments": {
            "1": 517773.8292298595,
            "2": 368158.4360582342,
            "3": 371009.7778115403,
            "4": 300016.0901012336,
            "5": 339008.82073373155,
            "6": 428811.9358832948,
            "7": 367310.45743714477,
            "8": 505484.8520638814,
            "9": 502499.9240134958,
            "10": 499366.7095336733,
            "11": 315203.3313745869,
            "12": 393093.5336393847,
            "13": 375155.8452883558,
            "14": 500272.4039997023,
            "15": 386653.4079931042,
            "16": 510207.5838124731,
            "17": 502875.9476059227,
            "18": 301196.16301379015,
            "19": 322149.5950974409,
            "20": 507537.64170702547,
            "21": 510083.52071432647,
            "22": 502525.64594465273,
            "23": 380577.6856649568,
            "24": 378765.66163318267,
            "25": 302660.8693118026,
            "26": 341430.1448131602,
            "27": 379397.11669009563,
            "28": 639991.5979886667,
            "29": 378256.27178857557,
            "30": 400679.0617752896,
            "31": 497246.3502261498
        },
        "configuration payments": {
            "g1": {
                "energy payment": 9.941157672293777e6,
                "up-FRP payment": 167330.3329017685,
                "down-FRP payment": 0.0,
                "make-whole payment": 0.0,
                "total payment": 1.0108488005195543e7
            },
            "g2": {
                "energy payment": 0.0,
                "up-FRP payment": 0.0,
                "down-FRP payment": 0.0,
                "make-whole payment": 0.0,
                "total payment": 0.0
            },
            "g3": {
                "energy payment": 1.5564673228472655e6,
                "up-FRP payment": 145266.42521739818,
                "down-FRP payment": 0.0,
                "make-whole payment": 8590.579843039483,
                "total payment": 1.7103243279077031e6
            },
            "g4": {
                "energy payment": 46961.423673956015,
                "up-FRP payment": 0.0,
                "down-FRP payment": 0.0,
                "make-whole payment": 0.0,
                "total payment": 46961.423673956015
            },
            "g5": {
                "energy payment": 1.1178872536094e6,
                "up-FRP payment": 27962.36719109969,
                "down-FRP payment": 0.0,
                "make-whole payment": 13776.835371030596,
                "total payment": 1.1596264561715305e6
            },
            "aggregate energy payment": 1.2662473672424398e7,
            "aggregate up-FRP payment": 340559.1253102664,
            "aggregate down-FRP payment": 0.0,
            "aggregate make-whole payment": 22367.41521407008,
            "aggregate total payment": 1.3025400212948734e7
        }
    },
    "90-FRP": {
        "oos payments": {
            "1": 701732.7284479752,
            "2": 370023.2744411861,
            "3": 375645.35130849044,
            "4": 314688.67327888205,
            "5": 342219.9613132158,
            "6": 555017.4474880925,
            "7": 372138.32531895454,
            "8": 514810.3312217411,
            "9": 372059.94830598857,
            "10": 609189.3585970664,
            "11": 420539.305122158,
            "12": 308721.19246656937,
            "13": 525429.3984828346,
            "14": 369812.7553709765,
            "15": 394894.45113624894,
            "16": 386198.067637221,
            "17": 372389.0727526598,
            "18": 317244.9930488922,
            "19": 327109.904801873,
            "20": 378719.9866510521,
            "21": 390681.6303440571,
            "22": 370455.4871493691,
            "23": 378086.66632455203,
            "24": 376247.3241653334,
            "25": 317572.4920728506,
            "26": 491878.30603239016,
            "27": 376937.99276187085,
            "28": 380725.6861591144,
            "29": 389168.76423483755,
            "30": 404373.38256908214,
            "31": 483576.89433625434
        },
        "configuration payments": {
            "g1": {
                "energy payment": 1.0513232381351238e7,
                "up-FRP payment": 10293.724512500357,
                "down-FRP payment": 0.0,
                "make-whole payment": 0.0,
                "total payment": 1.0523526105863739e7
            },
            "g2": {
                "energy payment": 0.0,
                "up-FRP payment": 0.0,
                "down-FRP payment": 0.0,
                "make-whole payment": 0.0,
                "total payment": 0.0
            },
            "g3": {
                "energy payment": 936997.0175860495,
                "up-FRP payment": 0.0,
                "down-FRP payment": 0.0,
                "make-whole payment": 0.0,
                "total payment": 936997.0175860495
            },
            "g4": {
                "energy payment": 0.0,
                "up-FRP payment": 0.0,
                "down-FRP payment": 0.0,