{
    "total load_payment": 434644.57307980617,
    "detailed load payment results": {
        "load payments": {
            "b1": {
                "DAM hourly load payments": {
                    "1": 0.0,
                    "2": 0.0,
                    "3": 0.0,
                    "4": 0.0,
                    "5": 0.0,
                    "6": 0.0,
                    "7": 0.0,
                    "8": 0.0,
                    "9": 0.0,
                    "10": 0.0,
                    "11": 0.0,
                    "12": 0.0,
                    "13": 0.0,
                    "14": 0.0,
                    "15": 0.0,
                    "16": 0.0,
                    "17": 0.0,
                    "18": 0.0,
                    "19": 0.0,
                    "20": 0.0,
                    "21": 0.0,
                    "22": 0.0,
                    "23": 0.0,
                    "24": 0.0
                },
                "load payment": 0.0
            },
            "LOAD_WEST": {
                "DAM hourly load payments": {
                    "1": 1187.8886694853418,
                    "2": 1155.305935782818,
                    "3": 1002.5083863267257,
                    "4": 1004.6752608904518,
                    "5": 1163.138393920436,
                    "6": 1227.996132313141,
                    "7": 1355.8945370647718,
                    "8": 1451.2102072346502,
                    "9": 1458.610378729785,
                    "10": 1461.9367920265454,
                    "11": 1479.4041271173526,
                    "12": 1464.6477455401641,
                    "13": 1462.2958099403018,
                    "14": 1467.8935634990937,
                    "15": 1463.4974221909401,
                    "16": 1458.3978982734814,
                    "17": 1447.4808137318237,
                    "18": 1444.718572196019,
                    "19": 1466.955719726945,
                    "20": 12041.280848128321,
                    "21": 1486.0129922977915,
                    "22": 1435.860347460089,
                    "23": 1355.2058076736753,
                    "24": 1124.49826478139
                },
                "load payment": 43067.31462633206
            },
            "LOAD_N.Y.C.": {
                "DAM hourly load payments": {
                    "1": 3811.102822864691,
                    "2": 3622.0247852009957,
                    "3": 3074.807904248121,
                    "4": 3033.605042122166,
                    "5": 3455.440336937612,
                    "6": 3619.6948303076733,
                    "7": 4076.585796464098,
                    "8": 4536.620003655852,
                    "9": 4838.993929439775,
                    "10": 4997.416208967429,
                    "11": 5044.95314972678,
                    "12": 5086.643223425515,
                    "13": 5109.158793532366,
                    "14": 5116.295196549012,
                    "15": 5152.724553896171,
                    "16": 5214.006763731833,
                    "17": 5267.837514050178,
                    "18": 5272.490097227717,
                    "19": 5188.333298492216,
                    "20": 40835.87647191833,
                    "21": 4948.3406178709965,
                    "22": 4719.836519282267,
                    "23": 4440.593623388337,
                    "24": 3625.445555660687
                },
                "load payment": 144088.82703896082
            },
            "LOAD_LONGIL": {
                "DAM hourly load payments": {
                    "1": 1469.0878482613994,
                    "2": 1398.6323571891307,
                    "3": 1197.6818738166232,
                    "4": 1181.8366035693764,
                    "5": 1367.7274837928094,
                    "6": 1452.8147988121264,
                    "7": 1630.5361378033479,
                    "8": 1747.3342857518899,
                    "9": 1768.281899085243,
                    "10": 1755.511108585056,
                    "11": 1713.0443835482902,
                    "12": 1697.9216574482411,
                    "13": 1718.2611376075567,
                    "14": 1731.0539088142843,
                    "15": 1783.3679903813145,
                    "16": 1846.342714620618,
                    "17": 1898.9205646661374,
                    "18": 1961.375079436794,
                    "19": 2068.9046958342365,
                    "20": 16755.53250082571,
                    "21": 2046.1912984892895,
                    "22": 1932.0528169114084,
                    "23": 1768.7874553356805,
                    "24": 1404.166962709647
                },
                "load payment": 55295.36756329622
            },
            "LOAD_DUNWOD": {
                "DAM hourly load payments": {
                    "1": 424.7258656144065,
                    "2": 402.6718899932198,
                    "3": 343.73337575972187,
                    "4": 337.70998034348634,
                    "5": 380.8523753590316,
                    "6": 407.6248759256883,
                    "7": 468.4528177968686,
                    "8": 526.7236708364474,
                    "9": 544.0884290036548,
                    "10": 554.082323606832,
                    "11": 562.4423189651969,
                    "12": 567.3733241032018,
                    "13": 574.6196303887829,
                    "14": 574.3412080766255,
                    "15": 576.5466056914979,
                    "16": 586.8042686852415,
                    "17": 599.2746562546531,
                    "18": 602.403243456315,
                    "19": 617.7091420815627,
                    "20": 4968.35680016647,
                    "21": 601.2016314694453,
                    "22": 571.0441020955102,
                    "23": 524.642830587947,
                    "24": 421.7473090595036
                },
                "load payment": 16739.17267532131
            },
            "LOAD_HUD VL": {
                "DAM hourly load payments": {
                    "1": 717.8678949149745,
                    "2": 689.2416881260206,
                    "3": 593.1432176313712,
                    "4": 584.7143335139382,
                    "5": 672.3458516690418,
                    "6": 710.0061288462516,
                    "7": 795.6283077833425,
                    "8": 859.3357222113636,
                    "9": 880.7229496755319,
                    "10": 856.0019816900394,
                    "11": 817.7628792698968,
                    "12": 840.2344882274353,
                    "13": 803.2702666987345,
                    "14": 802.2738080315273,
                    "15": 820.2100645687948,
                    "16": 832.0210308540604,
                    "17": 866.6186629492307,
                    "18": 912.0381298870236,
                    "19": 968.3893339692229,
                    "20": 7898.911690436278,
                    "21": 976.9105214979369,
                    "22": 913.6500480736039,
                    "23": 851.8329744080887,
                    "24": 682.152749587367
                },
                "load payment": 26345.284724521072
            },
            "b7": {
                "DAM hourly load payments": {
                    "1": 0.0,
                    "2": 0.0,
                    "3": 0.0,
                    "4": 0.0,
                    "5": 0.0,
                    "6": 0.0,
                    "7": 0.0,
                    "8": 0.0,
                    "9": 0.0,
                    "10": 0.0,
                    "11": 0.0,
                    "12": 0.0,
                    "13": 0.0,
                    "14": 0.0,
                    "15": 0.0,
                    "16": 0.0,
                    "17": 0.0,
                    "18": 0.0,
                    "19": 0.0,
                    "20": 0.0,
                    "21": 0.0,
                    "22": 0.0,
                    "23": 0.0,
                    "24": 0.0
                },