{
    "total cost": 399623.73069016484,
    "detailed cost results": {
        "generator costs": {
            "g1": {
                "variable production cost": 245404.31340273097,
                "fixed commitment cost": 28392.007151228667,
                "startup cost": 0.0,
                "total generator cost": 273796.32055395964
            },
            "g2": {
                "variable production cost": 0.0,
                "fixed commitment cost": 0.0,
                "startup cost": 0.0,
                "total generator cost": 0.0
            },
            "g3": {
                "variable production cost": 25068.52749446243,
                "fixed commitment cost": 9188.026300084419,
                "startup cost": 5297.28,
                "total generator cost": 39553.833794546845
            },
            "g4": {
                "variable production cost": 9125.027986133386,
                "fixed commitment cost": 4021.5396818376294,
                "startup cost": 5317.09,
                "total generator cost": 18463.657667971016
            },
            "g5": {
                "variable production cost": 43542.92599537647,
                "fixed commitment cost": 16215.412678310848,
                "startup cost": 8051.58,
                "total generator cost": 67809.91867368732
            }
        },
        "total cost of generators": 399623.73069016484,
        "load curtailment cost": 0.0,
        "up-FRP shortfall penalty": 0.0,
        "down-FRP shortfall penalty": 0.0,
        "line overflow penalty": 0.0,
        "total cost": 399623.73069016484
    }
}
