{
    "total cost": 304998.16673181276,
    "detailed cost results": {
        "generator costs": {
            "g1": {
                "variable production cost": 211332.31818857358,
                "fixed commitment cost": 28392.00715122869,
                "startup cost": 0.0,
                "total generator cost": 239724.3253398023
            },
            "g2": {
                "variable production cost": 0.0,
                "fixed commitment cost": 0.0,
                "startup cost": 0.0,
                "total generator cost": 0.0
            },
            "g3": {
                "variable production cost": 11785.55333044313,
                "fixed commitment cost": 4594.013150042209,
                "startup cost": 4605.95,
                "total generator cost": 20985.51648048534
            },
            "g4": {
                "variable production cost": 0.0,
                "fixed commitment cost": 0.0,
                "startup cost": 0.0,
                "total generator cost": 0.0
            },
            "g5": {
                "variable production cost": 26343.617597721604,
                "fixed commitment cost": 11485.917313803524,
                "startup cost": 6458.79,
                "total generator cost": 44288.324911525124
            }
        },
        "total cost of generators": 304998.16673181276,
        "load curtailment cost": 0.0,
        "line overflow penalty": 0.0,
        "up-FRP shortfall penalty": 0.0,
        "down-FRP shortfall penalty": 0.0,
        "total cost": 304998.16673181276
    }
}
