{
    "total load_payment": 644581.4810201578,
    "detailed load payment results": {
        "load payments": {
            "b1": {
                "DAM hourly load payments": {
                    "1": 0.0,
                    "2": 0.0,
                    "3": 0.0,
                    "4": 0.0,
                    "5": 0.0,
                    "6": 0.0,
                    "7": 0.0,
                    "8": 0.0,
                    "9": 0.0,
                    "10": 0.0,
                    "11": 0.0,
                    "12": 0.0,
                    "13": 0.0,
                    "14": 0.0,
                    "15": 0.0,
                    "16": 0.0,
                    "17": 0.0,
                    "18": 0.0,
                    "19": 0.0,
                    "20": 0.0,
                    "21": 0.0,
                    "22": 0.0,
                    "23": 0.0,
                    "24": 0.0
                },
                "load payment": 0.0
            },
            "LOAD_WEST": {
                "DAM hourly load payments": {
                    "1": 1224.9115067883292,
                    "2": 1194.9884376980103,
                    "3": 1187.0167687120436,
                    "4": 1171.9892920472616,
                    "5": 1184.173930079952,
                    "6": 1240.9281143682174,
                    "7": 1370.7608212954358,
                    "8": 11530.152485286071,
                    "9": 1465.5667483298946,
                    "10": 11770.484367935398,
                    "11": 11709.26334995007,
                    "12": 1467.2268156937669,
                    "13": 1465.900645812988,
                    "14": 1475.388984429496,
                    "15": 1470.6045170127124,
                    "16": 1457.811745805985,
                    "17": 1461.4751971891892,
                    "18": 1462.6621553423906,
                    "19": 1455.3865414773961,
                    "20": 1502.879521702894,
                    "21": 1476.7664423324604,
                    "22": 1428.4088879427686,
                    "23": 1364.4083971051534,
                    "24": 1126.6586905716376
                },
                "load payment": 63665.81436490952
            },
            "LOAD_N.Y.C.": {
                "DAM hourly load payments": {
                    "1": 4134.358419862343,
                    "2": 3916.016735183781,
                    "3": 3774.021370930413,
                    "4": 3701.0893866281417,
                    "5": 3673.562215429995,
                    "6": 3825.6540505946787,
                    "7": 4262.381382244114,
                    "8": 37645.49702332852,
                    "9": 5026.792899239123,
                    "10": 41507.38171846755,
                    "11": 41926.00740508693,
                    "12": 5299.672904609543,
                    "13": 5294.954379312382,
                    "14": 5288.067091556018,
                    "15": 5253.476786069952,
                    "16": 5242.632971136248,
                    "17": 5264.181390155305,
                    "18": 5245.55640510617,
                    "19": 5162.908948512879,
                    "20": 5111.825786512132,
                    "21": 4965.507549679337,
                    "22": 4738.498139135379,
                    "23": 4451.371497081646,
                    "24": 3642.7031637932196
                },
                "load payment": 218354.1196196558
            },
            "LOAD_LONGIL": {
                "DAM hourly load payments": {
                    "1": 1640.0318030289598,
                    "2": 1542.7305426613082,
                    "3": 1474.6856018201913,
                    "4": 1444.6965914894786,
                    "5": 1448.5285610366764,
                    "6": 1517.5992675968766,
                    "7": 1681.8830682825842,
                    "8": 14516.077669739643,
                    "9": 1873.2900145579695,
                    "10": 15445.846314198021,
                    "11": 15692.597936431634,
                    "12": 1972.9296035889063,
                    "13": 1949.0658837739636,
                    "14": 1949.1391525026902,
                    "15": 1953.344794061081,
                    "16": 1956.7224962592552,
                    "17": 1976.776227233541,
                    "18": 2006.4575085519116,
                    "19": 2092.2994942027185,
                    "20": 2117.7165175729515,
                    "21": 2035.603925424971,
                    "22": 1920.4396763695502,
                    "23": 1765.3877724309655,
                    "24": 1406.6756354237527
                },
                "load payment": 83380.52605823961
            },
            "LOAD_DUNWOD": {
                "DAM hourly load payments": {
                    "1": 442.73539114416894,
                    "2": 421.4800479192454,
                    "3": 404.5182693426443,
                    "4": 389.4248509099316,
                    "5": 388.5016612352192,
                    "6": 409.46392831431734,
                    "7": 469.28075777254526,
                    "8": 4225.125499581253,
                    "9": 547.0997857997401,
                    "10": 4468.900697034848,
                    "11": 4532.57288799766,
                    "12": 568.0986874190471,
                    "13": 576.920277702691,
                    "14": 580.5104597417089,
                    "15": 592.0356768419447,
                    "16": 587.9179578459481,
                    "17": 588.6506480346662,
                    "18": 586.7969418123689,
                    "19": 600.2271535087788,
                    "20": 605.6344073178079,
                    "21": 578.883887457692,
                    "22": 547.7372262894224,
                    "23": 520.5617461321593,
                    "24": 417.59413278656586
                },
                "load payment": 24050.672979942374
            },
            "LOAD_HUD VL": {
                "DAM hourly load payments": {
                    "1": 730.6826468282426,
                    "2": 700.4371946281447,
                    "3": 678.0095470836875,
                    "4": 665.5831209273576,
                    "5": 664.4181434806968,
                    "6": 710.4897043901487,
                    "7": 792.0601063629425,
                    "8": 6794.088294790141,
                    "9": 877.8214964121503,
                    "10": 7004.991481500825,
                    "11": 7002.8321153137495,
                    "12": 886.7749705833476,
                    "13": 863.9150360447163,
                    "14": 858.3685711235697,
                    "15": 855.6283096788462,
                    "16": 856.1924811760337,
                    "17": 882.4301181766076,
                    "18": 904.2056708701774,
                    "19": 944.8846320680365,
                    "20": 970.6753274494628,
                    "21": 943.4778668494273,
                    "22": 900.0732980405128,
                    "23": 827.3391403608767,
                    "24": 673.2530862006349
                },
                "load payment": 37988.632360340336
            },
            "b7": {
                "DAM hourly load payments": {
                    "1": 0.0,
                    "2": 0.0,
                    "3": 0.0,
                    "4": 0.0,
                    "5": 0.0,
                    "6": 0.0,
                    "7": 0.0,
                    "8": 0.0,
                    "9": 0.0,
                    "10": 0.0,
                    "11": 0.0,
                    "12": 0.0,
                    "13": 0.0,
                    "14": 0.0,
                    "15": 0.0,
                    "16": 0.0,
                    "17": 0.0,
                    "18": 0.0,
                    "19": 0.0,
                    "20": 0.0,
                    "21": 0.0,
                    "22": 0.0,
                    "23": 0.0,
                    "24": 0.0
                },