{
    "total cost": 397057.0411549786,
    "detailed cost results": {
        "generator costs": {
            "g1": {
                "variable production cost": 239647.2959859583,
                "fixed commitment cost": 28392.00715122869,
                "startup cost": 0.0,
                "total generator cost": 268039.30313718686
            },
            "g2": {
                "variable production cost": 0.0,
                "fixed commitment cost": 0.0,
                "startup cost": 0.0,
                "total generator cost": 0.0
            },
            "g3": {
                "variable production cost": 23571.106660886253,
                "fixed commitment cost": 9188.026300084413,
                "startup cost": 4605.95,
                "total generator cost": 37365.082960970685
            },
            "g4": {
                "variable production cost": 16425.05037504009,
                "fixed commitment cost": 7238.771427307733,
                "startup cost": 5317.09,
                "total generator cost": 28980.911802347822
            },
            "g5": {
                "variable production cost": 38404.75057616235,
                "fixed commitment cost": 16215.412678310859,
                "startup cost": 8051.58,
                "total generator cost": 62671.7432544732
            }
        },
        "total cost of generators": 397057.0411549786,
        "load curtailment cost": 0.0,
        "line overflow penalty": 0.0,
        "up-FRP shortfall penalty": 0.0,
        "down-FRP shortfall penalty": 0.0,
        "total cost": 397057.0411549786
    }
}
