{
    "total cost": 399101.2956702076,
    "detailed cost results": {
        "generator costs": {
            "g1": {
                "variable production cost": 241189.89057111618,
                "fixed commitment cost": 28392.007151228667,
                "startup cost": 0.0,
                "total generator cost": 269581.89772234485
            },
            "g2": {
                "variable production cost": 0.0,
                "fixed commitment cost": 0.0,
                "startup cost": 0.0,
                "total generator cost": 0.0
            },
            "g3": {
                "variable production cost": 23571.106660886253,
                "fixed commitment cost": 9188.026300084419,
                "startup cost": 5297.28,
                "total generator cost": 38056.41296097067
            },
            "g4": {
                "variable production cost": 16425.050375040093,
                "fixed commitment cost": 7238.771427307734,
                "startup cost": 5317.09,
                "total generator cost": 28980.911802347826
            },
            "g5": {
                "variable production cost": 38215.080506233426,
                "fixed commitment cost": 16215.412678310848,
                "startup cost": 8051.58,
                "total generator cost": 62482.07318454428
            }
        },
        "total cost of generators": 399101.2956702076,
        "load curtailment cost": 0.0,
        "up-FRP shortfall penalty": 0.0,
        "down-FRP shortfall penalty": 0.0,
        "line overflow penalty": 0.0,
        "total cost": 399101.2956702076
    }
}
