{
    "total cost": 315063.93380828295,
    "detailed cost results": {
        "generator costs": {
            "g1": {
                "variable production cost": 216945.9110670118,
                "fixed commitment cost": 28392.007151228667,
                "startup cost": 0.0,
                "total generator cost": 245337.91821824046
            },
            "g2": {
                "variable production cost": 0.0,
                "fixed commitment cost": 0.0,
                "startup cost": 0.0,
                "total generator cost": 0.0
            },
            "g3": {
                "variable production cost": 11785.553330443132,
                "fixed commitment cost": 4594.013150042209,
                "startup cost": 5297.28,
                "total generator cost": 21676.84648048534
            },
            "g4": {
                "variable production cost": 0.0,
                "fixed commitment cost": 0.0,
                "startup cost": 0.0,
                "total generator cost": 0.0
            },
            "g5": {
                "variable production cost": 27836.029600824055,
                "fixed commitment cost": 12161.559508733139,
                "startup cost": 8051.58,
                "total generator cost": 48049.169109557195
            }
        },
        "total cost of generators": 315063.93380828295,
        "load curtailment cost": 0.0,
        "up-FRP shortfall penalty": 0.0,
        "down-FRP shortfall penalty": 0.0,
        "line overflow penalty": 0.0,
        "total cost": 315063.93380828295
    }
}
