{
    "total cost": 312316.71456095396,
    "detailed cost results": {
        "generator costs": {
            "g1": {
                "variable production cost": 216299.19236638336,
                "fixed commitment cost": 28392.00715122869,
                "startup cost": 0.0,
                "total generator cost": 244691.199517612
            },
            "g2": {
                "variable production cost": 0.0,
                "fixed commitment cost": 0.0,
                "startup cost": 0.0,
                "total generator cost": 0.0
            },
            "g3": {
                "variable production cost": 11785.55333044313,
                "fixed commitment cost": 4594.013150042209,
                "startup cost": 4605.95,
                "total generator cost": 20985.51648048534
            },
            "g4": {
                "variable production cost": 0.0,
                "fixed commitment cost": 0.0,
                "startup cost": 0.0,
                "total generator cost": 0.0
            },
            "g5": {
                "variable production cost": 28019.649054123485,
                "fixed commitment cost": 12161.559508733144,
                "startup cost": 6458.79,
                "total generator cost": 46639.99856285663
            }
        },
        "total cost of generators": 312316.71456095396,
        "load curtailment cost": 0.0,
        "line overflow penalty": 0.0,
        "up-FRP shortfall penalty": 0.0,
        "down-FRP shortfall penalty": 0.0,
        "total cost": 312316.71456095396
    }
}
