{
    "total load_payment": 2.8498775342808096e6,
    "detailed load payment results": {
        "load payments": {
            "b1": {
                "DAM hourly load payments": {
                    "1": 0.0,
                    "2": 0.0,
                    "3": 0.0,
                    "4": 0.0,
                    "5": 0.0,
                    "6": 0.0,
                    "7": 0.0,
                    "8": 0.0,
                    "9": 0.0,
                    "10": 0.0,
                    "11": 0.0,
                    "12": 0.0,
                    "13": 0.0,
                    "14": 0.0,
                    "15": 0.0,
                    "16": 0.0,
                    "17": 0.0,
                    "18": 0.0,
                    "19": 0.0,
                    "20": 0.0,
                    "21": 0.0,
                    "22": 0.0,
                    "23": 0.0,
                    "24": 0.0
                },
                "load payment": 0.0
            },
            "LOAD_WEST": {
                "DAM hourly load payments": {
                    "1": 1187.3161248336503,
                    "2": 1133.1933450028043,
                    "3": 977.2088357309748,
                    "4": 970.9919696811031,
                    "5": 969.8569398897613,
                    "6": 979.6014266530503,
                    "7": 1150.265027375878,
                    "8": 9506.474015080881,
                    "9": 1235.6967062115143,
                    "10": 10014.50922608487,
                    "11": 10074.62138148819,
                    "12": 1263.099320658749,
                    "13": 1263.7953766589496,
                    "14": 1253.9553467377893,
                    "15": 10042.639380510573,
                    "16": 10030.383505118118,
                    "17": 10152.125198348704,
                    "18": 10358.899324612814,
                    "19": 10587.734026583337,
                    "20": 159270.73599045415,
                    "21": 10871.89525175408,
                    "22": 10510.46365263394,
                    "23": 1271.6498155031084,
                    "24": 1211.3601189736733
                },
                "load payment": 276288.47130658064
            },
            "LOAD_N.Y.C.": {
                "DAM hourly load payments": {
                    "1": 3871.5497658518057,
                    "2": 3690.677858336921,
                    "3": 3135.8350885036707,
                    "4": 3051.3398788391946,
                    "5": 3010.2079563170378,
                    "6": 3026.298289243069,
                    "7": 3532.9296549821547,
                    "8": 28954.85578253974,
                    "9": 3829.024425304521,
                    "10": 31973.186082809625,
                    "11": 33172.04414610605,
                    "12": 4283.871185752654,
                    "13": 4332.045567880916,
                    "14": 4353.491410855602,
                    "15": 34721.536963580525,
                    "16": 34867.9654915302,
                    "17": 35177.33880322256,
                    "18": 35437.046636585335,
                    "19": 36202.68868074532,
                    "20": 531963.1184056215,
                    "21": 36098.80554880088,
                    "22": 35344.485601385524,
                    "23": 4272.624391492112,
                    "24": 4047.520539393413
                },
                "load payment": 922350.4881556802
            },
            "LOAD_LONGIL": {
                "DAM hourly load payments": {
                    "1": 1483.5846482450806,
                    "2": 1402.5669036599284,
                    "3": 1193.760862443348,
                    "4": 1168.0614724142606,
                    "5": 1166.629787434656,
                    "6": 1178.1155126866531,
                    "7": 1382.42524985948,
                    "8": 11203.27078017592,
                    "9": 1439.428548528798,
                    "10": 11623.0636953576,
                    "11": 11818.165557008728,
                    "12": 1475.4475999400142,
                    "13": 1523.2043477647728,
                    "14": 1506.6455491304694,
                    "15": 11980.760172883063,
                    "16": 12404.229843679122,
                    "17": 13210.95825339398,
                    "18": 14121.04454325074,
                    "19": 15147.678374293047,
                    "20": 224996.25043408084,
                    "21": 15024.360918651502,
                    "22": 14285.273273509618,
                    "23": 1687.9497432878363,
                    "24": 1567.0079508033155
                },
                "load payment": 373989.8840224828
            },
            "LOAD_DUNWOD": {
                "DAM hourly load payments": {
                    "1": 418.6131357535818,
                    "2": 397.2573093113179,
                    "3": 339.0642769458151,
                    "4": 330.88690513191733,
                    "5": 325.14081811917947,
                    "6": 325.8437625203064,
                    "7": 383.11638813273083,
                    "8": 3181.9754197492834,
                    "9": 419.2160351455462,
                    "10": 3491.5821764537704,
                    "11": 3592.6056064744234,
                    "12": 460.9573968664664,
                    "13": 467.7201276081507,
                    "14": 469.8156216023964,
                    "15": 3807.433593710715,
                    "16": 3866.9621313312036,
                    "17": 3905.7724036407517,
                    "18": 4021.4445230544006,
                    "19": 4171.491454644867,
                    "20": 63206.115809531846,
                    "21": 4209.601390517368,
                    "22": 4074.5533161882536,
                    "23": 485.47321153229655,
                    "24": 446.87114566157345
                },
                "load payment": 106799.51395962817
            },
            "LOAD_HUD VL": {
                "DAM hourly load payments": {
                    "1": 721.5261125161056,
                    "2": 680.339501977009,
                    "3": 578.807020741005,
                    "4": 567.3793370041298,
                    "5": 560.5627107982044,
                    "6": 572.3837854271028,
                    "7": 679.6581000742452,
                    "8": 5572.863263804836,
                    "9": 737.1669552577695,
                    "10": 5997.383442407978,
                    "11": 6004.795329421732,
                    "12": 742.2884598817689,
                    "13": 724.7771636416486,
                    "14": 735.4597870204623,
                    "15": 6139.026345157904,
                    "16": 6273.724252318998,
                    "17": 6559.344510041112,
                    "18": 7005.5750992836565,
                    "19": 7257.637598519545,
                    "20": 108227.82107722897,
                    "21": 7173.363867203032,
                    "22": 6836.152209976382,
                    "23": 806.4867768144824,
                    "24": 752.2068309753427
                },
                "load payment": 181906.72953749343
            },
            "b7": {
                "DAM hourly load payments": {
                    "1": 0.0,
                    "2": 0.0,
                    "3": 0.0,
                    "4": 0.0,
                    "5": 0.0,
                    "6": 0.0,
                    "7": 0.0,
                    "8": 0.0,
                    "9": 0.0,
                    "10": 0.0,
                    "11": 0.0,
                    "12": 0.0,
                    "13": 0.0,
                    "14": 0.0,
                    "15": 0.0,
                    "16": 0.0,
                    "17": 0.0,
                    "18": 0.0,
                    "19": 0.0,
                    "20": 0.0,
                    "21": 0.0,
                    "22": 0.0,
                    "23": 0.0,
                    "24": 0.0
                },