{
    "total load_payment": 467030.38584091247,
    "detailed load payment results": {
        "load payments": {
            "b1": {
                "DAM hourly load payments": {
                    "1": 0.0,
                    "2": 0.0,
                    "3": 0.0,
                    "4": 0.0,
                    "5": 0.0,
                    "6": 0.0,
                    "7": 0.0,
                    "8": 0.0,
                    "9": 0.0,
                    "10": 0.0,
                    "11": 0.0,
                    "12": 0.0,
                    "13": 0.0,
                    "14": 0.0,
                    "15": 0.0,
                    "16": 0.0,
                    "17": 0.0,
                    "18": 0.0,
                    "19": 0.0,
                    "20": 0.0,
                    "21": 0.0,
                    "22": 0.0,
                    "23": 0.0,
                    "24": 0.0
                },
                "load payment": 0.0
            },
            "LOAD_WEST": {
                "DAM hourly load payments": {
                    "1": 1173.8429980057906,
                    "2": 1147.4661501568678,
                    "3": 989.4748935292099,
                    "4": 982.7550030270446,
                    "5": 977.647370126833,
                    "6": 989.6748140197618,
                    "7": 1159.47494341646,
                    "8": 9651.38514659989,
                    "9": 10004.471082859789,
                    "10": 1299.9389848210778,
                    "11": 1145.289942400818,
                    "12": 1295.0299606533822,
                    "13": 1294.5537117185895,
                    "14": 1295.8872082084724,
                    "15": 1286.5673886351863,
                    "16": 1289.8278598123243,
                    "17": 1300.5837519198644,
                    "18": 1316.4098606292182,
                    "19": 1355.3083845972749,
                    "20": 1400.4640824411188,
                    "21": 1386.3378156237368,
                    "22": 1335.5770367327689,
                    "23": 1121.2801983509607,
                    "24": 1213.2324241268484
                },
                "load payment": 46412.48101241329
            },
            "LOAD_N.Y.C.": {
                "DAM hourly load payments": {
                    "1": 3848.8949840173764,
                    "2": 3665.7444105105847,
                    "3": 3114.417855092557,
                    "4": 3044.387822431318,
                    "5": 3007.118869999479,
                    "6": 3029.8388075034427,
                    "7": 3557.613988427438,
                    "8": 29376.107728171784,
                    "9": 30858.893566724484,
                    "10": 4085.238868232057,
                    "11": 3732.2350667541095,
                    "12": 4360.48860214467,
                    "13": 4438.161092450644,
                    "14": 4479.221052268801,
                    "15": 4510.1185981767885,
                    "16": 4528.71427591028,
                    "17": 4583.116524598683,
                    "18": 4651.227407559422,
                    "19": 4736.607798372873,
                    "20": 4720.027019032029,
                    "21": 4649.05864422099,
                    "22": 4512.895494689259,
                    "23": 3791.58550335127,
                    "24": 4038.493232028946
                },
                "load payment": 149320.20721266928
            },
            "LOAD_LONGIL": {
                "DAM hourly load payments": {
                    "1": 1464.5891309088745,
                    "2": 1375.7284609736494,
                    "3": 1171.589092353794,
                    "4": 1150.9521922628016,
                    "5": 1151.9259957522293,
                    "6": 1169.2416451677186,
                    "7": 1384.0444946551645,
                    "8": 11357.286283275536,
                    "9": 11778.83003079564,
                    "10": 1538.8179768970513,
                    "11": 1407.9138494601675,
                    "12": 1636.1412179712438,
                    "13": 1638.3319620162165,
                    "14": 1688.4846077331472,
                    "15": 1731.9990791955374,
                    "16": 1774.5757077650069,
                    "17": 1821.995419261778,
                    "18": 1896.2169377616224,
                    "19": 1977.4942639402823,
                    "20": 1958.5249141955985,
                    "21": 1895.462267130132,
                    "22": 1794.7173624446837,
                    "23": 1457.816455256186,
                    "24": 1509.6788866330958
                },
                "load payment": 57732.35823380716
            },
            "LOAD_DUNWOD": {
                "DAM hourly load payments": {
                    "1": 445.68080582063203,
                    "2": 414.9957394897185,
                    "3": 348.2863919303263,
                    "4": 339.5286072094707,
                    "5": 335.6591883456742,
                    "6": 343.77206994835984,
                    "7": 407.4270495668213,
                    "8": 3347.9549893499393,
                    "9": 3606.670682986939,
                    "10": 479.6922857120743,
                    "11": 442.95172443310855,
                    "12": 512.8172104690132,
                    "13": 522.6425862927368,
                    "14": 527.4710148588333,
                    "15": 531.5154648623349,
                    "16": 538.7251366077072,
                    "17": 544.513389300802,
                    "18": 561.7682439353057,
                    "19": 576.8470086222733,
                    "20": 575.2277632990518,
                    "21": 559.2184819765765,
                    "22": 538.3587914693867,
                    "23": 441.6361220194177,
                    "24": 456.52462101810386
                },
                "load payment": 17399.885369524607
            },
            "LOAD_HUD VL": {
                "DAM hourly load payments": {
                    "1": 726.872657723817,
                    "2": 701.2797883495664,
                    "3": 601.6817352316862,
                    "4": 596.6450417031072,
                    "5": 598.470117574735,
                    "6": 613.9413440242777,
                    "7": 726.3451207668386,
                    "8": 6003.569741882487,
                    "9": 6293.216930090693,
                    "10": 814.2679469299146,
                    "11": 726.7800470982281,
                    "12": 851.5105906828499,
                    "13": 869.5420969191531,
                    "14": 879.3967806739817,
                    "15": 890.3211918247437,
                    "16": 901.3921404329589,
                    "17": 914.8223521293686,
                    "18": 944.928593481118,
                    "19": 962.7769271922225,
                    "20": 972.4484380701609,
                    "21": 932.0772067638723,
                    "22": 883.0016165466676,
                    "23": 719.7312557604749,
                    "24": 743.1530343097314
                },
                "load payment": 29868.172696162652
            },
            "b7": {
                "DAM hourly load payments": {
                    "1": 0.0,
                    "2": 0.0,
                    "3": 0.0,
                    "4": 0.0,
                    "5": 0.0,
                    "6": 0.0,
                    "7": 0.0,
                    "8": 0.0,
                    "9": 0.0,
                    "10": 0.0,
                    "11": 0.0,
                    "12": 0.0,
                    "13": 0.0,
                    "14": 0.0,
                    "15": 0.0,
                    "16": 0.0,
                    "17": 0.0,
                    "18": 0.0,
                    "19": 0.0,
                    "20": 0.0,
                    "21": 0.0,
                    "22": 0.0,
                    "23": 0.0,
                    "24": 0.0
                },