{
    "detailed payment": {
        "generator payments": {
            "g1": {
                "DAM hourly energy payments": {
                    "1": 11785.593252059209,
                    "2": 11316.32714873579,
                    "3": 11052.338862301924,
                    "4": 9609.527625705434,
                    "5": 11059.790322962244,
                    "6": 11709.723180217112,
                    "7": 13094.99859479025,
                    "8": 95249.89376962563,
                    "9": 12350.457411562958,
                    "10": 12485.20647102543,
                    "11": 12503.956012737557,
                    "12": 12509.194746975827,
                    "13": 12479.229811673373,
                    "14": 12527.65121482812,
                    "15": 12480.949539334708,
                    "16": 12506.703601055153,
                    "17": 12624.798610777523,
                    "18": 12804.424943749458,
                    "19": 13003.277068599233,
                    "20": 13028.122594478631,
                    "21": 12602.070559247217,
                    "22": 11992.223183234377,
                    "23": 11187.692689565793,
                    "24": 12501.255748743846
                },
                "hourly up-FRP payment": {
                    "1": -0.0,
                    "2": -0.0,
                    "3": -0.0,
                    "4": -0.0,
                    "5": -0.0,
                    "6": -0.0,
                    "7": 0.0,
                    "8": 15547.392080403597,
                    "9": -0.0,
                    "10": -0.0,
                    "11": -0.0,
                    "12": -0.0,
                    "13": -0.0,
                    "14": -0.0,
                    "15": -0.0,
                    "16": -0.0,
                    "17": -0.0,
                    "18": -0.0,
                    "19": -0.0,
                    "20": -0.0,
                    "21": 0.0,
                    "22": -0.0,
                    "23": -0.0,
                    "24": -0.0
                },
                "hourly down-FRP payment": {
                    "1": -0.0,
                    "2": -0.0,
                    "3": -0.0,
                    "4": -0.0,
                    "5": -0.0,
                    "6": -0.0,
                    "7": -0.0,
                    "8": -0.0,
                    "9": -0.0,
                    "10": -0.0,
                    "11": -0.0,
                    "12": -0.0,
                    "13": -0.0,
                    "14": -0.0,
                    "15": -0.0,
                    "16": -0.0,
                    "17": -0.0,
                    "18": -0.0,
                    "19": -0.0,
                    "20": -0.0,
                    "21": -0.0,
                    "22": 0.0,
                    "23": -0.0,
                    "24": -0.0
                },
                "energy payment": 374465.4069639868,
                "up-FRP payment": 15547.392080403597,
                "down-FRP payment": 0.0,
                "make-whole payment": 0.0,
                "total payment": 390012.7990443904
            },
            "g2": {
                "DAM hourly energy payments": {
                    "1": 0.0,
                    "2": 0.0,
                    "3": 0.0,
                    "4": 0.0,
                    "5": 0.0,
                    "6": 0.0,
                    "7": 0.0,
                    "8": 0.0,
                    "9": 0.0,
                    "10": 0.0,
                    "11": 0.0,
                    "12": 0.0,
                    "13": 0.0,
                    "14": 0.0,
                    "15": 0.0,
                    "16": 0.0,
                    "17": 0.0,
                    "18": 0.0,
                    "19": 0.0,
                    "20": 0.0,
                    "21": 0.0,
                    "22": 0.0,
                    "23": 0.0,
                    "24": 0.0
                },
                "hourly up-FRP payment": {
                    "1": -0.0,
                    "2": -0.0,
                    "3": -0.0,
                    "4": -0.0,
                    "5": -0.0,
                    "6": -0.0,
                    "7": -0.0,
                    "8": 0.0,
                    "9": -0.0,
                    "10": -0.0,
                    "11": -0.0,
                    "12": -0.0,
                    "13": -0.0,
                    "14": -0.0,
                    "15": -0.0,
                    "16": -0.0,
                    "17": -0.0,
                    "18": -0.0,
                    "19": -0.0,
                    "20": -0.0,
                    "21": -0.0,
                    "22": -0.0,
                    "23": -0.0,
                    "24": -0.0
                },
                "hourly down-FRP payment": {
                    "1": -0.0,
                    "2": -0.0,
                    "3": -0.0,
                    "4": -0.0,
                    "5": -0.0,
                    "6": -0.0,
                    "7": -0.0,
                    "8": -0.0,
                    "9": -0.0,
                    "10": -0.0,
                    "11": -0.0,
                    "12": -0.0,
                    "13": -0.0,
                    "14": -0.0,
                    "15": -0.0,
                    "16": -0.0,
                    "17": -0.0,
                    "18": -0.0,
                    "19": -0.0,
                    "20": -0.0,
                    "21": -0.0,
                    "22": -0.0,
                    "23": -0.0,
                    "24": -0.0
                },
                "energy payment": 0.0,
                "up-FRP payment": 0.0,
                "down-FRP payment": -0.0,
                "make-whole payment": 0.0,
                "total payment": 0.0
            },
            "g3": {
                "DAM hourly energy payments": {
                    "1": 0.0,
                    "2": 0.0,
                    "3": 0.0,
                    "4": 0.0,
                    "5": 0.0,
                    "6": 0.0,
                    "7": 0.0,
                    "8": 17670.13940564484,
                    "9": 2218.376863837732,
                    "10": 2218.376863837732,
                    "11": 2218.376863837732,
                    "12": 2218.376863837732,
                    "13": 2218.376863837732,
                    "14": 2218.376863837732,
                    "15": 2218.376863837732,
                    "16": 2218.376863837732,
                    "17": 2218.376863837732,
                    "18": 2218.376863837732,
                    "19": 2218.376863837732,
                    "20": 2218.376863837732,
                    "21": 2218.376863837732,
                    "22": 2218.376863837732,
                    "23": 2218.376863837732,
                    "24": 0.0
                },
                "hourly up-FRP payment": {
                    "1": -0.0,
                    "2": -0.0,
                    "3": -0.0,
                    "4": -0.0,
                    "5": -0.0,
                    "6": -0.0,
                    "7": -0.0,
                    "8": 14526.642521739817,
                    "9": -0.0,
                    "10": -0.0,
                    "11": -0.0,
                    "12": -0.0,
                    "13": -0.0,
                    "14": -0.0,
                    "15": -0.0,
                    "16": -0.0,
                    "17": -0.0,
                    "18": -0.0,
                    "19": -0.0,
                    "20": -0.0,
                    "21": -0.0,
                    "22": -0.0,
                    "23": -0.0,
                    "24": -0.0
                },
                "hourly down-FRP payment": {
                    "1": -0.0,
                    "2": -0.0,
                    "3": -0.0,
                    "4": -0.0,
                    "5": -0.0,
                    "6": -0.0,
                    "7": 0.0,
                    "8": -0.0,