{
    "total cost": 315260.92183546204,
    "detailed cost results": {
        "generator costs": {
            "g1": {
                "variable production cost": 214691.92994710407,
                "fixed commitment cost": 28392.007151228667,
                "startup cost": 0.0,
                "total generator cost": 243083.93709833274
            },
            "g2": {
                "variable production cost": 0.0,
                "fixed commitment cost": 0.0,
                "startup cost": 0.0,
                "total generator cost": 0.0
            },
            "g3": {
                "variable production cost": 13469.203806220723,
                "fixed commitment cost": 5250.300742905382,
                "startup cost": 5297.28,
                "total generator cost": 24016.784549126103
            },
            "g4": {
                "variable production cost": 0.0,
                "fixed commitment cost": 0.0,
                "startup cost": 0.0,
                "total generator cost": 0.0
            },
            "g5": {
                "variable production cost": 27836.029600824055,
                "fixed commitment cost": 12161.559508733139,
                "startup cost": 8051.58,
                "total generator cost": 48049.169109557195
            }
        },
        "total cost of generators": 315149.890757016,
        "load curtailment cost": 0.0,
        "up-FRP shortfall penalty": 111.03107844599833,
        "down-FRP shortfall penalty": 0.0,
        "line overflow penalty": 0.0,
        "total cost": 315260.92183546204
    }
}
