{
    "st-FRP": {
        "oos payments": {
            "1": 865340.2487487762,
            "2": 875563.9720824861,
            "3": 635643.6349229236,
            "4": 502171.4452267754,
            "5": 438968.78284541366,
            "6": 1.3933139895103946e6,
            "7": 630495.6836076922,
            "8": 376235.72148396395,
            "9": 501865.990032716,
            "10": 500338.2125409088,
            "11": 313027.4749189362,
            "12": 594990.9511212129,
            "13": 376367.8851821547,
            "14": 499631.54851385986,
            "15": 654464.2395853394,
            "16": 641155.0363732502,
            "17": 502245.97246000305,
            "18": 300511.8452135429,
            "19": 422159.4643725321,
            "20": 502192.99851598835,
            "21": 645821.9757372761,
            "22": 501880.0404792336,
            "23": 507900.5742667668,
            "24": 507695.5996734389,
            "25": 402734.7576914632,
            "26": 339384.3716960285,
            "27": 505065.66642002773,
            "28": 510529.1526676859,
            "29": 645134.5266101101,
            "30": 921673.3294537092,
            "31": 496646.04380719346
        },
        "configuration payments": {
            "g1": {
                "energy payment": 1.3482621742782699e7,
                "up-FRP payment": 485664.61879807326,
                "down-FRP payment": 0.0,
                "make-whole payment": 0.0,
                "total payment": 1.3968286361580767e7
            },
            "g2": {
                "energy payment": 0.0,
                "up-FRP payment": 0.0,
                "down-FRP payment": 0.0,
                "make-whole payment": 0.0,
                "total payment": 0.0
            },
            "g3": {
                "energy payment": 108969.37126957382,
                "up-FRP payment": 29053.285043479635,
                "down-FRP payment": 0.0,
                "make-whole payment": 0.0,
                "total payment": 138022.65631305345
            },
            "g4": {
                "energy payment": 33476.35664803171,
                "up-FRP payment": 0.0,
                "down-FRP payment": 0.0,
                "make-whole payment": 0.0,
                "total payment": 33476.35664803171
            },
            "g5": {
                "energy payment": 2.8242368248654567e6,
                "up-FRP payment": 547128.9363544929,
                "down-FRP payment": 0.0,
                "make-whole payment": 0.0,
                "total payment": 3.371365761219949e6
            },
            "aggregate energy payment": 1.6449304295565762e7,
            "aggregate up-FRP payment": 1.0618468401960458e6,
            "aggregate down-FRP payment": 0.0,
            "aggregate make-whole payment": 0.0,
            "aggregate total payment": 1.75111511357618e7
        }
    },
    "nf-FRP": {
        "oos payments": {
            "1": 678669.0695761784,
            "2": 487652.55735085055,
            "3": 373898.0490487744,
            "4": 301183.4536221768,
            "5": 338596.6201154337,
            "6": 428231.63004406134,
            "7": 630873.7594973114,
            "8": 376235.72148396395,
            "9": 502086.98090793635,
            "10": 500514.9733916559,
            "11": 316504.6856665629,
            "12": 293889.23487500916,
            "13": 475207.13517458126,
            "14": 499851.14424848236,
            "15": 657551.1508760769,
            "16": 814094.2384115215,
            "17": 500613.33453531144,
            "18": 303966.09473489696,
            "19": 321752.229130407,
            "20": 507127.0175354971,
            "21": 647017.8664715406,
            "22": 502056.8013299808,
            "23": 508119.38071531756,
            "24": 507872.3605241861,
            "25": 303927.65966643806,
            "26": 340973.60392236774,
            "27": 505292.45294345525,
            "28": 510790.21058440354,
            "29": 645488.0483116043,
            "30": 401223.08562558604,
            "31": 496822.80465794064
        },
        "configuration payments": {
            "g1": {
                "energy payment": 1.1370312003632652e7,
                "up-FRP payment": 285528.46600374085,
                "down-FRP payment": 0.0,
                "make-whole payment": 0.0,
                "total payment": 1.1655840469636394e7
            },
            "g2": {
                "energy payment": 0.0,
                "up-FRP payment": 0.0,
                "down-FRP payment": 0.0,
                "make-whole payment": 0.0,
                "total payment": 0.0
            },
            "g3": {
                "energy payment": 2.1557200477129472e6,
                "up-FRP payment": 305059.4929565362,
                "down-FRP payment": 0.0,
                "make-whole payment": 1475.4955020741827,
                "total payment": 2.4622550361715574e6
            },
            "g4": {
                "energy payment": 42311.69362011907,
                "up-FRP payment": 0.0,
                "down-FRP payment": 0.0,
                "make-whole payment": 0.0,
                "total payment": 42311.69362011907
            },
            "g5": {
                "energy payment": 475732.6047647918,
                "up-FRP payment": 41943.55078664953,
                "down-FRP payment": 0.0,
                "make-whole payment": 0.0,
                "total payment": 517676.1555514413
            },
            "aggregate energy payment": 1.4044076349730508e7,
            "aggregate up-FRP payment": 632531.5097469266,
            "aggregate down-FRP payment": 0.0,
            "aggregate make-whole payment": 1475.4955020741827,
            "aggregate total payment": 1.4678083354979511e7
        }
    },
    "90-FRP": {
        "oos payments": {
            "1": 698771.7145771802,
            "2": 369503.4707666956,
            "3": 375134.3453744655,
            "4": 314255.6374724992,
            "5": 341806.4010213906,
            "6": 554303.3071064753,
            "7": 371664.19231685356,
            "8": 514404.27830104314,
            "9": 371602.0165063705,
            "10": 608771.758316809,
            "11": 420205.13850052614,
            "12": 308339.95268365927,
            "13": 525018.8521134576,
            "14": 369347.96749398677,
            "15": 393908.6962166281,
            "16": 385258.98620019655,
            "17": 371972.4403300851,
            "18": 316850.9092072805,
            "19": 326711.52085731435,
            "20": 378259.088454963,
            "21": 389382.55635959376,
            "22": 370025.23415100295,
            "23": 377598.36609123147,
            "24": 375788.33804912475,
            "25": 317191.3331066273,
            "26": 417898.5003086022,
            "27": 376474.79788748175,
            "28": 380256.9139654501,
            "29": 387852.7381996573,
            "30": 403837.17415645893,
            "31": 483180.26967516023
        },
        "configuration payments": {
            "g1": {
                "energy payment": 1.0424435222499272e7,
                "up-FRP payment": 10293.724512500357,
                "down-FRP payment": 0.0,
                "make-whole payment": 0.0,
                "total payment": 1.0434728947011773e7
            },
            "g2": {
                "energy payment": 0.0,
                "up-FRP payment": 0.0,
                "down-FRP payment": 0.0,
                "make-whole payment": 0.0,
                "total payment": 0.0
            },
            "g3": {
                "energy payment": 935045.0117196009,
                "up-FRP payment": 0.0,
                "down-FRP payment": 0.0,
                "make-whole payment": 0.0,
                "total payment": 935045.0117196009
            },
            "g4": {
                "energy payment": 0.0,
                "up-FRP payment": 0.0,
                "down-FRP payment": 0.0,
                "make-whole payment": 0.0,