{
    "total load_payment": 657870.0225833945,
    "detailed load payment results": {
        "load payments": {
            "b1": {
                "DAM hourly load payments": {
                    "1": 0.0,
                    "2": 0.0,
                    "3": 0.0,
                    "4": 0.0,
                    "5": 0.0,
                    "6": 0.0,
                    "7": 0.0,
                    "8": 0.0,
                    "9": 0.0,
                    "10": 0.0,
                    "11": 0.0,
                    "12": 0.0,
                    "13": 0.0,
                    "14": 0.0,
                    "15": 0.0,
                    "16": 0.0,
                    "17": 0.0,
                    "18": 0.0,
                    "19": 0.0,
                    "20": 0.0,
                    "21": 0.0,
                    "22": 0.0,
                    "23": 0.0,
                    "24": 0.0
                },
                "load payment": 0.0
            },
            "LOAD_WEST": {
                "DAM hourly load payments": {
                    "1": 1236.6858380058488,
                    "2": 1211.0490075702082,
                    "3": 1188.7752252353052,
                    "4": 1174.5610347125319,
                    "5": 1190.5410083676707,
                    "6": 1217.3647969565131,
                    "7": 1267.6566535217926,
                    "8": 10557.44450597056,
                    "9": 10800.027470775041,
                    "10": 10929.672950032791,
                    "11": 10798.24328144548,
                    "12": 1326.1692943333196,
                    "13": 1300.4372144624115,
                    "14": 1289.930436735924,
                    "15": 1118.474869674708,
                    "16": 1125.897705119719,
                    "17": 1146.80730714844,
                    "18": 1317.2158201621226,
                    "19": 1355.301057988171,
                    "20": 1406.2523357496734,
                    "21": 1397.7531289274998,
                    "22": 1362.1004229183727,
                    "23": 1152.770819128786,
                    "24": 1094.123326700587
                },
                "load payment": 67965.25551164348
            },
            "LOAD_N.Y.C.": {
                "DAM hourly load payments": {
                    "1": 3882.8991370359454,
                    "2": 3690.9929157168244,
                    "3": 3577.1548365421813,
                    "4": 3493.5988434923865,
                    "5": 3467.62497584953,
                    "6": 3516.312240837333,
                    "7": 3647.6542890275323,
                    "8": 30618.795133989628,
                    "9": 32292.28072684985,
                    "10": 33685.44860009261,
                    "11": 34680.625681959835,
                    "12": 4406.076587510225,
                    "13": 4418.825397303871,
                    "14": 4388.528657081587,
                    "15": 3848.111264177859,
                    "16": 3836.6577843410214,
                    "17": 3851.6416476563445,
                    "18": 4415.293830159912,
                    "19": 4528.956063682228,
                    "20": 4566.726245007601,
                    "21": 4503.048138158994,
                    "22": 4404.047035899371,
                    "23": 3747.2097177570013,
                    "24": 3575.259192997246
                },
                "load payment": 211043.76894312692
            },
            "LOAD_LONGIL": {
                "DAM hourly load payments": {
                    "1": 1472.062571132736,
                    "2": 1394.5146384569027,
                    "3": 1349.2270554945862,
                    "4": 1330.499493521851,
                    "5": 1332.5290460119343,
                    "6": 1371.5228194152585,
                    "7": 1454.1556219111135,
                    "8": 12231.422000645529,
                    "9": 12669.523694945061,
                    "10": 12555.677446743013,
                    "11": 12313.711449709146,
                    "12": 1505.5611679008678,
                    "13": 1482.4081564251055,
                    "14": 1451.6205140498207,
                    "15": 1278.3012158438241,
                    "16": 1317.3758975946907,
                    "17": 1412.3157746524644,
                    "18": 1716.414758258132,
                    "19": 1860.4543282197915,
                    "20": 1886.5820616876613,
                    "21": 1839.8803868976318,
                    "22": 1772.575463469797,
                    "23": 1479.4336083839682,
                    "24": 1375.3784863630008
                },
                "load payment": 79853.14765773388
            },
            "LOAD_DUNWOD": {
                "DAM hourly load payments": {
                    "1": 439.7313612209563,
                    "2": 413.44243619819656,
                    "3": 387.1315304688961,
                    "4": 382.0320065514377,
                    "5": 376.12652345276626,
                    "6": 386.07645655493917,
                    "7": 428.4992201786233,
                    "8": 3654.060067370868,
                    "9": 3880.7103892628093,
                    "10": 4004.694826451269,
                    "11": 4011.639822740438,
                    "12": 505.0653480209172,
                    "13": 497.22556265873527,
                    "14": 489.1879509376865,
                    "15": 431.16934399284816,
                    "16": 428.97022424612766,
                    "17": 436.80211228817814,
                    "18": 510.4652748691509,
                    "19": 535.8017026377848,
                    "20": 543.707430119589,
                    "21": 537.4136210881337,
                    "22": 525.0091757262672,
                    "23": 441.7973477796132,
                    "24": 418.7872036286992
                },
                "load payment": 24665.54693844494
            },
            "LOAD_HUD VL": {
                "DAM hourly load payments": {
                    "1": 747.0582732011156,
                    "2": 717.5381843168628,
                    "3": 700.9793854187911,
                    "4": 690.0916087203151,
                    "5": 688.9559389409906,
                    "6": 706.9874451772938,
                    "7": 749.6886311131352,
                    "8": 6353.212358435766,
                    "9": 6599.013527027657,
                    "10": 6475.946196294481,
                    "11": 6309.207929178829,
                    "12": 756.2901699482386,
                    "13": 743.4168027882206,
                    "14": 733.444888979507,
                    "15": 638.576644097986,
                    "16": 657.9366365056442,
                    "17": 688.867112547297,
                    "18": 834.0432558558111,
                    "19": 891.4568610765313,
                    "20": 916.8225964245787,
                    "21": 892.4459928708659,
                    "22": 868.2305814875025,
                    "23": 721.6917612923357,
                    "24": 679.2184402565252
                },
                "load payment": 40761.12122195628
            },
            "b7": {
                "DAM hourly load payments": {
                    "1": 0.0,
                    "2": 0.0,
                    "3": 0.0,
                    "4": 0.0,
                    "5": 0.0,
                    "6": 0.0,
                    "7": 0.0,
                    "8": 0.0,
                    "9": 0.0,
                    "10": 0.0,
                    "11": 0.0,
                    "12": 0.0,
                    "13": 0.0,
                    "14": 0.0,
                    "15": 0.0,
                    "16": 0.0,
                    "17": 0.0,
                    "18": 0.0,
                    "19": 0.0,
                    "20": 0.0,
                    "21": 0.0,
                    "22": 0.0,
                    "23": 0.0,
                    "24": 0.0
                },