{
    "st-FRP": {
        "oos load_payments": {
            "1": 789694.9457458047,
            "2": 792170.3865891058,
            "3": 689240.3642147768,
            "4": 296876.2478099924,
            "5": 335955.8580877107,
            "6": 1.5198637419165478e6,
            "7": 683126.7685208685,
            "8": 469413.9266411565,
            "9": 469923.4507306502,
            "10": 466285.5055506962,
            "11": 310361.1032462983,
            "12": 557702.7840104486,
            "13": 373556.23601798003,
            "14": 466713.74511440477,
            "15": 931901.1450549286,
            "16": 803768.7808531261,
            "17": 474702.60186225135,
            "18": 302542.8672184887,
            "19": 405982.3774346393,
            "20": 478784.78589710465,
            "21": 808553.407708837,
            "22": 469229.71129087755,
            "23": 479605.0786394227,
            "24": 475295.265522482,
            "25": 299616.1715384658,
            "26": 423578.2020883253,
            "27": 473571.1889416187,
            "28": 583443.0128195419,
            "29": 695037.6152333824,
            "30": 948825.5098107943,
            "31": 463534.45120180293
        },
        "configuration load_payments": {
            "b1": {
                "load payment": 0.0
            },
            "LOAD_WEST": {
                "load payment": 1.5298467467694785e6
            },
            "LOAD_N.Y.C.": {
                "load payment": 3.663672790118884e6
            },
            "LOAD_LONGIL": {
                "load payment": 1.3322334576936208e6
            },
            "LOAD_DUNWOD": {
                "load payment": 906057.4430697672
            },
            "LOAD_HUD VL": {
                "load payment": 1.052064705507906e6
            },
            "b7": {
                "load payment": 0.0
            },
            "b8": {
                "load payment": 0.0
            },
            "LOAD_CENTRL": {
                "load payment": 2.1129185359500255e6
            },
            "LOAD_MHK VL": {
                "load payment": 893577.6422328668
            },
            "LOAD_MILLWD": {
                "load payment": 312950.1964561982
            },
            "LOAD_NORTH": {
                "load payment": 3.504367844048273e6
            },
            "LOAD_GENESE": {
                "load payment": 806766.4257705612
            },
            "LOAD_CAPITL": {
                "load payment": 1.62440144969495e6
            },
            "aggregate load payment": 1.773885723731253e7
        }
    },
    "nf-FRP": {
        "oos load_payments": {
            "1": 512772.2057459056,
            "2": 359383.2241711575,
            "3": 371009.7778115402,
            "4": 298490.24795087153,
            "5": 339008.8207337315,
            "6": 428811.9358832947,
            "7": 367310.45743714477,
            "8": 473962.5119667825,
            "9": 473151.34354667604,
            "10": 469292.67493152985,
            "11": 315203.3313745868,
            "12": 384326.137289258,
            "13": 375155.8452883558,
            "14": 471375.1208015034,
            "15": 386653.40799310425,
            "16": 487670.7987731234,
            "17": 474739.9446977022,
            "18": 301196.16301379015,
            "19": 320481.33385200944,
            "20": 478784.78589710465,
            "21": 488616.0231971212,
            "22": 473874.85895519797,
            "23": 377536.9629139197,
            "24": 375724.93888214557,
            "25": 302660.8693118027,
            "26": 341430.1448131601,
            "27": 376887.9823491304,
            "28": 588054.9234751974,
            "29": 380294.2344542498,
            "30": 400679.0617752895,
            "31": 466777.46240789164
        },
        "configuration load_payments": {
            "b1": {
                "load payment": 0.0
            },
            "LOAD_WEST": {
                "load payment": 1.039989091525713e6
            },
            "LOAD_N.Y.C.": {
                "load payment": 1.9508962641237902e6
            },
            "LOAD_LONGIL": {
                "load payment": 706002.5656503171
            },
            "LOAD_DUNWOD": {
                "load payment": 712863.896450966
            },
            "LOAD_HUD VL": {
                "load payment": 752938.1761510412
            },
            "b7": {
                "load payment": 0.0
            },
            "b8": {
                "load payment": 0.0
            },
            "LOAD_CENTRL": {
                "load payment": 1.5869345307710655e6
            },
            "LOAD_MHK VL": {
                "load payment": 640447.9982966312
            },
            "LOAD_MILLWD": {
                "load payment": 226118.58052516487
            },
            "LOAD_NORTH": {
                "load payment": 3.32909476598258e6
            },
            "LOAD_GENESE": {
                "load payment": 485216.48882416193
            },
            "LOAD_CAPITL": {
                "load payment": 1.2308151733928462e6
            },
            "aggregate load payment": 1.2661317531694278e7
        }
    },
    "90-FRP": {
        "oos load_payments": {
            "1": 701732.7284479751,
            "2": 361520.1989360715,
            "3": 375645.3513084905,
            "4": 314688.67327888217,
            "5": 342219.9613132157,
            "6": 562210.1302330117,
            "7": 372138.32531895454,
            "8": 526114.172973729,
            "9": 372059.9483059887,
            "10": 626640.6156734083,
            "11": 415706.91689639306,
            "12": 308721.19246656937,
            "13": 545272.4292762585,
            "14": 369812.7553709765,
            "15": 394894.45113624894,
            "16": 386198.067637221,
            "17": 372389.0727526599,
            "18": 317244.9930488921,
            "19": 327109.90480187314,
            "20": 378719.98665105214,
            "21": 390681.630344057,
            "22": 370455.4871493691,
            "23": 378086.666324552,
            "24": 376247.32416533347,
            "25": 317572.4920728506,
            "26": 495557.6958610229,
            "27": 376937.9927618709,
            "28": 380725.68615911447,
            "29": 389168.7642348376,
            "30": 404373.38256908214,
            "31": 503609.66708656994
        },
        "configuration load_payments": {
            "b1": {
                "load payment": 0.0
            },
            "LOAD_WEST": {
                "load payment": 939974.5530898429
            },
            "LOAD_N.Y.C.": {
                "load payment": 922327.3606114665
            },
            "LOAD_LONGIL": {
                "load payment": 302552.0772464286
            },
            "LOAD_DUNWOD": {
                "load payment": 817975.7936150901
            },
            "LOAD_HUD VL": {
                "load payment": 752310.2511100273
            },
            "b7": {
                "load payment": 0.0
            },
            "b8": {
                "load payment": 0.0
            },
            "LOAD_CENTRL": {
                "load payment": 1.7301923514415878e6
            },
            "LOAD_MHK VL": {
                "load payment": 651981.7845094955
            },
            "LOAD_MILLWD": {
                "load payment": 228952.84485075064
            },
            "LOAD_NORTH": {
                "load payment": 4.722005028166781e6
            },
            "LOAD_GENESE": {
                "load payment": 327625.7862219069
            },
            "LOAD_CAPITL": {
                "load payment": 1.358558833693154e6
            },
            "aggregate load payment": 1.2754456664556531e7
        }
    },
    "95-FRP": {
        "oos load_payments": {
            "1": 539877.242321643,
            "2": 361520.1989360715,
            "3": 378905.17336552247,
            "4": 300141.3243315728,
            "5": 342219.9613132157,
            "6": 457003.3798298547,