{
    "total load_payment": 325180.64649754215,
    "detailed load payment results": {
        "load payments": {
            "b1": {
                "DAM hourly load payments": {
                    "1": 0.0,
                    "2": 0.0,
                    "3": 0.0,
                    "4": 0.0,
                    "5": 0.0,
                    "6": 0.0,
                    "7": 0.0,
                    "8": 0.0,
                    "9": 0.0,
                    "10": 0.0,
                    "11": 0.0,
                    "12": 0.0,
                    "13": 0.0,
                    "14": 0.0,
                    "15": 0.0,
                    "16": 0.0,
                    "17": 0.0,
                    "18": 0.0,
                    "19": 0.0,
                    "20": 0.0,
                    "21": 0.0,
                    "22": 0.0,
                    "23": 0.0,
                    "24": 0.0
                },
                "load payment": 0.0
            },
            "LOAD_WEST": {
                "DAM hourly load payments": {
                    "1": 1229.9450885861654,
                    "2": 1201.5460157354917,
                    "3": 1182.4301276541269,
                    "4": 1036.1594321209152,
                    "5": 1200.7620369091283,
                    "6": 1263.3997239412158,
                    "7": 1236.2986740773129,
                    "8": 1468.846060489451,
                    "9": 1469.49815507657,
                    "10": 1478.5835134870117,
                    "11": 1491.9121954206814,
                    "12": 1473.0223947321972,
                    "13": 1450.3089982664787,
                    "14": 1447.8691398404533,
                    "15": 1434.5341775793108,
                    "16": 1402.8453262358541,
                    "17": 1407.5198892407057,
                    "18": 1416.8397088139918,
                    "19": 1450.946438756161,
                    "20": 1504.2276714109848,
                    "21": 1477.3965553338103,
                    "22": 1426.4452775723078,
                    "23": 1361.2525954148778,
                    "24": 1287.2121557339728
                },
                "load payment": 32799.801352429175
            },
            "LOAD_N.Y.C.": {
                "DAM hourly load payments": {
                    "1": 3856.4270397517553,
                    "2": 3656.036264828669,
                    "3": 3517.9974277526403,
                    "4": 3060.1105613391724,
                    "5": 3475.5966448354966,
                    "6": 3638.9938906504694,
                    "7": 3589.0536712466806,
                    "8": 4520.705972120336,
                    "9": 4787.991363656087,
                    "10": 4960.906255403212,
                    "11": 5020.1484464155665,
                    "12": 5065.248669352242,
                    "13": 5082.737984270362,
                    "14": 5115.65775605933,
                    "15": 5124.713807154127,
                    "16": 5161.590106120433,
                    "17": 5199.3016710560605,
                    "18": 5214.424397156109,
                    "19": 5168.433432463716,
                    "20": 5105.561285148013,
                    "21": 4925.268202612293,
                    "22": 4718.979271727176,
                    "23": 4458.516272989027,
                    "24": 4103.746623139385
                },
                "load payment": 108528.14701724835
            },
            "LOAD_LONGIL": {
                "DAM hourly load payments": {
                    "1": 1485.5074360473538,
                    "2": 1409.065866186892,
                    "3": 1360.1221593297037,
                    "4": 1182.6620798516142,
                    "5": 1368.6873082714992,
                    "6": 1448.9242137544104,
                    "7": 1437.121513108353,
                    "8": 1752.1334063868817,
                    "9": 1757.4380841515394,
                    "10": 1700.1636895154,
                    "11": 1675.0366022151786,
                    "12": 1650.1136207220688,
                    "13": 1632.6316324130532,
                    "14": 1644.8162704457436,
                    "15": 1676.0142196361987,
                    "16": 1737.1791993300546,
                    "17": 1826.1497727979831,
                    "18": 1936.4636114377704,
                    "19": 2065.2925324732178,
                    "20": 2097.508921652881,
                    "21": 2000.0611229485476,
                    "22": 1901.4630000157624,
                    "23": 1742.4734098822578,
                    "24": 1566.535647844961
                },
                "load payment": 40053.56532041934
            },
            "LOAD_DUNWOD": {
                "DAM hourly load payments": {
                    "1": 408.8777761985121,
                    "2": 385.02870960177773,
                    "3": 392.42888074522136,
                    "4": 327.7591248578857,
                    "5": 369.67884947552545,
                    "6": 400.3053006476122,
                    "7": 402.742013432619,
                    "8": 504.1641390527456,
                    "9": 521.550877926494,
                    "10": 545.4732135157232,
                    "11": 547.4828781262968,
                    "12": 543.8100066914974,
                    "13": 541.9123390561186,
                    "14": 544.2935822353943,
                    "15": 545.5245018016775,
                    "16": 555.3059162123197,
                    "17": 572.4581942749148,
                    "18": 572.0039263104314,
                    "19": 585.0604659956481,
                    "20": 593.7281912455838,
                    "21": 573.8869402000649,
                    "22": 546.3451149044813,
                    "23": 502.25914445657133,
                    "24": 472.6657865798237
                },
                "load payment": 11954.745873544942
            },
            "LOAD_HUD VL": {
                "DAM hourly load payments": {
                    "1": 716.3585530365341,
                    "2": 687.3879818158005,
                    "3": 679.8559264331121,
                    "4": 592.1307197211405,
                    "5": 676.881204089313,
                    "6": 723.7367435613596,
                    "7": 706.0528600769541,
                    "8": 859.6800866431433,
                    "9": 862.7793662653917,
                    "10": 839.4798173321765,
                    "11": 805.6054551103606,
                    "12": 795.5550387029247,
                    "13": 788.1621944323537,
                    "14": 783.8173414101541,
                    "15": 790.961071035904,
                    "16": 811.7328387169307,
                    "17": 851.4226678566868,
                    "18": 892.5412431853614,
                    "19": 962.7183116817043,
                    "20": 983.7098864281388,
                    "21": 955.7504277082805,
                    "22": 899.3479347246673,
                    "23": 844.0088895128976,
                    "24": 776.5417275451596
                },
                "load payment": 19286.21828702645
            },
            "b7": {
                "DAM hourly load payments": {
                    "1": 0.0,
                    "2": 0.0,
                    "3": 0.0,
                    "4": 0.0,
                    "5": 0.0,
                    "6": 0.0,
                    "7": 0.0,
                    "8": 0.0,
                    "9": 0.0,
                    "10": 0.0,
                    "11": 0.0,
                    "12": 0.0,
                    "13": 0.0,
                    "14": 0.0,
                    "15": 0.0,
                    "16": 0.0,
                    "17": 0.0,
                    "18": 0.0,
                    "19": 0.0,
                    "20": 0.0,
                    "21": 0.0,
                    "22": 0.0,
                    "23": 0.0,
                    "24": 0.0
                },