{
    "total cost": 322463.68077162,
    "detailed cost results": {
        "generator costs": {
            "g1": {
                "variable production cost": 214798.2380766126,
                "fixed commitment cost": 28392.00715122869,
                "startup cost": 0.0,
                "total generator cost": 243190.24522784128
            },
            "g2": {
                "variable production cost": 0.0,
                "fixed commitment cost": 0.0,
                "startup cost": 0.0,
                "total generator cost": 0.0
            },
            "g3": {
                "variable production cost": 20203.80570933108,
                "fixed commitment cost": 7875.451114358073,
                "startup cost": 4605.95,
                "total generator cost": 32685.206823689157
            },
            "g4": {
                "variable production cost": 0.0,
                "fixed commitment cost": 0.0,
                "startup cost": 0.0,
                "total generator cost": 0.0
            },
            "g5": {
                "variable production cost": 27967.87921135652,
                "fixed commitment cost": 12161.559508733144,
                "startup cost": 6458.79,
                "total generator cost": 46588.22872008967
            }
        },
        "total cost of generators": 322463.68077162,
        "load curtailment cost": 0.0,
        "line overflow penalty": 0.0,
        "up-FRP shortfall penalty": 0.0,
        "down-FRP shortfall penalty": 0.0,
        "total cost": 322463.68077162
    }
}
