{
    "st-FRP": {
        "oos curtailments": {
            "1": 0.0,
            "2": 0.0,
            "3": 0.0,
            "4": 0.0,
            "5": 0.0,
            "6": 0.0,
            "7": 0.0,
            "8": 0.0,
            "9": 0.0,
            "10": 0.0,
            "11": 0.0,
            "12": 0.0,
            "13": 0.0,
            "14": 0.0,
            "15": 0.0,
            "16": 0.0,
            "17": 0.0,
            "18": 0.0,
            "19": 0.0,
            "20": 0.0,
            "21": 0.0,
            "22": 0.0,
            "23": 0.0,
            "24": 0.0,
            "25": 0.0,
            "26": 0.0,
            "27": 0.0,
            "28": 0.0,
            "29": 0.0,
            "30": 0.0,
            "31": 0.0
        },
        "configuration curtailments": {
            "oos values": {
                "1": 0.0,
                "2": 0.0,
                "3": 0.0,
                "4": 0.0,
                "5": 0.0,
                "6": 0.0,
                "7": 0.0,
                "8": 0.0,
                "9": 0.0,
                "10": 0.0,
                "11": 0.0,
                "12": 0.0,
                "13": 0.0,
                "14": 0.0,
                "15": 0.0,
                "16": 0.0,
                "17": 0.0,
                "18": 0.0,
                "19": 0.0,
                "20": 0.0,
                "21": 0.0,
                "22": 0.0,
                "23": 0.0,
                "24": 0.0,
                "25": 0.0,
                "26": 0.0,
                "27": 0.0,
                "28": 0.0,
                "29": 0.0,
                "30": 0.0,
                "31": 0.0,
                "sum": 0.0
            }
        }
    },
    "nf-FRP": {
        "oos curtailments": {
            "1": 0.0,
            "2": 3.041980462893022,
            "3": 0.0,
            "4": 0.0,
            "5": 0.0,
            "6": 0.7792332524323577,
            "7": 0.0,
            "8": 0.0,
            "9": 0.0,
            "10": 0.0,
            "11": 0.0,
            "12": 0.0,
            "13": 0.0,
            "14": 0.0,
            "15": 0.0,
            "16": 0.8011351333938448,
            "17": 0.0,
            "18": 0.0,
            "19": 0.0,
            "20": 0.0,
            "21": 0.0,
            "22": 0.0,
            "23": 0.0,
            "24": 0.0,
            "25": 0.0,
            "26": 0.0,
            "27": 0.0,
            "28": 0.0,
            "29": 0.0,
            "30": 1.6926697000331323,
            "31": 0.20626955889212084
        },
        "configuration curtailments": {
            "oos values": {
                "1": 0.0,
                "2": 3.041980462893022,
                "3": 0.0,
                "4": 0.0,
                "5": 0.0,
                "6": 0.7792332524323577,
                "7": 0.0,
                "8": 0.0,
                "9": 0.0,
                "10": 0.0,
                "11": 0.0,
                "12": 0.0,
                "13": 0.0,
                "14": 0.0,
                "15": 0.0,
                "16": 0.8011351333938448,
                "17": 0.0,
                "18": 0.0,
                "19": 0.0,
                "20": 0.0,
                "21": 0.0,
                "22": 0.0,
                "23": 0.0,
                "24": 0.0,
                "25": 0.0,
                "26": 0.0,
                "27": 0.0,
                "28": 0.0,
                "29": 0.0,
                "30": 1.6926697000331323,
                "31": 0.20626955889212084,
                "sum": 6.5212881076444775
            }
        }
    },
    "90-FRP": {
        "oos curtailments": {
            "1": 0.0,
            "2": 0.0,
            "3": 0.0,
            "4": 0.0,
            "5": 0.0,
            "6": 0.7792332524323577,
            "7": 0.0,
            "8": 0.7402627248632423,
            "9": 0.0,
            "10": 2.453206979405316,
            "11": 0.0,
            "12": 0.0,
            "13": 1.7333527819166452,
            "14": 0.0,
            "15": 0.0,
            "16": 0.0,
            "17": 0.0,
            "18": 0.0,
            "19": 0.0,
            "20": 0.0,
            "21": 0.0,
            "22": 0.0,
            "23": 0.0,
            "24": 0.0,
            "25": 0.0,
            "26": 0.0,
            "27": 0.0,
            "28": 0.0,
            "29": 0.0,
            "30": 0.0,
            "31": 1.7813865113572138
        },
        "configuration curtailments": {
            "oos values": {
                "1": 0.0,
                "2": 0.0,
                "3": 0.0,
                "4": 0.0,
                "5": 0.0,
                "6": 0.7792332524323577,
                "7": 0.0,
                "8": 0.7402627248632423,
                "9": 0.0,
                "10": 2.453206979405316,
                "11": 0.0,
                "12": 0.0,
                "13": 1.7333527819166452,
                "14": 0.0,
                "15": 0.0,
                "16": 0.0,
                "17": 0.0,
                "18": 0.0,
                "19": 0.0,
                "20": 0.0,
                "21": 0.0,
                "22": 0.0,
                "23": 0.0,
                "24": 0.0,
                "25": 0.0,
                "26": 0.0,
                "27": 0.0,
                "28": 0.0,
                "29": 0.0,
                "30": 0.0,
                "31": 1.7813865113572138,
                "sum": 7.487442249974775
            }
        }
    },
    "95-FRP": {
        "oos curtailments": {
            "1": 0.0,
            "2": 0.0,
            "3": 0.0,
            "4": 0.0,
            "5": 0.0,
            "6": 0.0,
            "7": 0.0,
            "8": 0.0,
            "9": 0.0,
            "10": 0.0,
            "11": 0.0,
            "12": 0.0,
            "13": 0.0,
            "14": 0.0,
            "15": 0.0,
            "16": 0.0,
            "17": 0.0,
            "18": 0.0,
            "19": 0.0,
            "20": 0.0,
            "21": 0.0,
            "22": 0.0,
            "23": 0.0,
            "24": 0.0,
            "25": 0.0,
            "26": 0.0,
            "27": 0.0,
            "28": 0.0,
            "29": 0.0,
            "30": 0.0,
            "31": 1.7813865113572138
        },
        "configuration curtailments": {
            "oos values": {
                "1": 0.0,
                "2": 0.0,
                "3": 0.0,
                "4": 0.0,
                "5": 0.0,
                "6": 0.0,
                "7": 0.0,
                "8": 0.0,
                "9": 0.0,
                "10": 0.0,
                "11": 0.0,
                "12": 0.0,
                "13": 0.0,
                "14": 0.0,
                "15": 0.0,
                "16": 0.0,
                "17": 0.0,
                "18": 0.0,
                "19": 0.0,
                "20": 0.0,
                "21": 0.0,
                "22": 0.0,
                "23": 0.0,
                "24": 0.0,
                "25": 0.0,
                "26": 0.0,
                "27": 0.0,
                "28": 0.0,
                "29": 0.0,
                "30": 0.0,
                "31": 1.7813865113572138,
                "sum": 1.7813865113572138
            }
        }
    },
    "99-FRP": {
        "oos curtailments": {
            "1": 0.0,
            "2": 0.0,
            "3": 0.0,
            "4": 0.0,
            "5": 0.0,
            "6": 0.0,
            "7": 0.0,
            "8": 0.0,
            "9": 0.0,
            "10": 0.0,
            "11": 0.0,
            "12": 0.0,
            "13": 0.0,
            "14": 0.0,
            "15": 0.0,
            "16": 0.0,
            "17": 0.0,
            "18": 0.0,
            "19": 0.0,
            "20": 0.0,
            "21": 0.0,
            "22": 0.0,
            "23": 0.0,
            "24": 0.0,
            "25": 0.0,
            "26": 0.0,
            "27": 0.0,
            "28": 0.0,
            "29": 0.0,
            "30": 0.0,
            "31": 0.0
        },