{
    "total cost": 397524.15235741937,
    "detailed cost results": {
        "generator costs": {
            "g1": {
                "variable production cost": 241067.99689954915,
                "fixed commitment cost": 28392.00715122869,
                "startup cost": 0.0,
                "total generator cost": 269460.0040507778
            },
            "g2": {
                "variable production cost": 0.0,
                "fixed commitment cost": 0.0,
                "startup cost": 0.0,
                "total generator cost": 0.0
            },
            "g3": {
                "variable production cost": 26435.064961666183,
                "fixed commitment cost": 9844.313892947586,
                "startup cost": 4605.95,
                "total generator cost": 40885.32885461379
            },
            "g4": {
                "variable production cost": 10950.03358336006,
                "fixed commitment cost": 4825.8476182051545,
                "startup cost": 5317.09,
                "total generator cost": 21092.971201565215
            },
            "g5": {
                "variable production cost": 41818.855572151755,
                "fixed commitment cost": 16215.412678310859,
                "startup cost": 8051.58,
                "total generator cost": 66085.84825046262
            }
        },
        "total cost of generators": 397524.15235741937,
        "load curtailment cost": 0.0,
        "line overflow penalty": 0.0,
        "up-FRP shortfall penalty": 0.0,
        "down-FRP shortfall penalty": 0.0,
        "total cost": 397524.15235741937
    }
}
