{
    "total cost": 399469.39464837534,
    "detailed cost results": {
        "generator costs": {
            "g1": {
                "variable production cost": 242471.39449628728,
                "fixed commitment cost": 28392.007151228667,
                "startup cost": 0.0,
                "total generator cost": 270863.40164751594
            },
            "g2": {
                "variable production cost": 0.0,
                "fixed commitment cost": 0.0,
                "startup cost": 0.0,
                "total generator cost": 0.0
            },
            "g3": {
                "variable production cost": 26361.849958963863,
                "fixed commitment cost": 9844.313892947592,
                "startup cost": 5297.28,
                "total generator cost": 41503.443851911456
            },
            "g4": {
                "variable production cost": 10950.033583360062,
                "fixed commitment cost": 4825.847618205155,
                "startup cost": 5317.09,
                "total generator cost": 21092.97120156522
            },
            "g5": {
                "variable production cost": 41742.585269071875,
                "fixed commitment cost": 16215.412678310848,
                "startup cost": 8051.58,
                "total generator cost": 66009.57794738273
            }
        },
        "total cost of generators": 399469.39464837534,
        "load curtailment cost": 0.0,
        "up-FRP shortfall penalty": 0.0,
        "down-FRP shortfall penalty": 0.0,
        "line overflow penalty": 0.0,
        "total cost": 399469.39464837534
    }
}
