{
    "total cost": 320091.64533038513,
    "detailed cost results": {
        "generator costs": {
            "g1": {
                "variable production cost": 206301.1548172874,
                "fixed commitment cost": 28392.007151228667,
                "startup cost": 0.0,
                "total generator cost": 234693.16196851607
            },
            "g2": {
                "variable production cost": 0.0,
                "fixed commitment cost": 0.0,
                "startup cost": 0.0,
                "total generator cost": 0.0
            },
            "g3": {
                "variable production cost": 13469.203806220723,
                "fixed commitment cost": 5250.300742905382,
                "startup cost": 5297.28,
                "total generator cost": 24016.784549126103
            },
            "g4": {
                "variable production cost": 0.0,
                "fixed commitment cost": 0.0,
                "startup cost": 0.0,
                "total generator cost": 0.0
            },
            "g5": {
                "variable production cost": 37114.70613443208,
                "fixed commitment cost": 16215.412678310848,
                "startup cost": 8051.58,
                "total generator cost": 61381.698812742936
            }
        },
        "total cost of generators": 320091.64533038513,
        "load curtailment cost": 0.0,
        "up-FRP shortfall penalty": 0.0,
        "down-FRP shortfall penalty": 0.0,
        "line overflow penalty": 0.0,
        "total cost": 320091.64533038513
    }
}
