{
    "total load_payment": 1.4371781962997955e6,
    "detailed load payment results": {
        "load payments": {
            "b1": {
                "DAM hourly load payments": {
                    "1": 0.0,
                    "2": 0.0,
                    "3": 0.0,
                    "4": 0.0,
                    "5": 0.0,
                    "6": 0.0,
                    "7": 0.0,
                    "8": 0.0,
                    "9": 0.0,
                    "10": 0.0,
                    "11": 0.0,
                    "12": 0.0,
                    "13": 0.0,
                    "14": 0.0,
                    "15": 0.0,
                    "16": 0.0,
                    "17": 0.0,
                    "18": 0.0,
                    "19": 0.0,
                    "20": 0.0,
                    "21": 0.0,
                    "22": 0.0,
                    "23": 0.0,
                    "24": 0.0
                },
                "load payment": 0.0
            },
            "LOAD_WEST": {
                "DAM hourly load payments": {
                    "1": 1201.5156612589874,
                    "2": 1165.336464574513,
                    "3": 1154.0237281943491,
                    "4": 1135.7724142771788,
                    "5": 1145.2241180897095,
                    "6": 1208.8875717201088,
                    "7": 1333.1298516976392,
                    "8": 11317.892398085509,
                    "9": 1452.3532039747702,
                    "10": 11752.625806649252,
                    "11": 11822.717739297355,
                    "12": 1503.4656732911621,
                    "13": 12045.716312463068,
                    "14": 2153.246734534815,
                    "15": 12640.499647612452,
                    "16": 12477.989819157274,
                    "17": 12440.081097364879,
                    "18": 12527.69509542662,
                    "19": 12476.023724286837,
                    "20": 2182.3210385739667,
                    "21": 2133.4441562583106,
                    "22": 1448.7996561242699,
                    "23": 1374.2923884393954,
                    "24": 1146.2186029281293
                },
                "load payment": 131239.27290428054
            },
            "LOAD_N.Y.C.": {
                "DAM hourly load payments": {
                    "1": 4058.9949509040107,
                    "2": 3886.394069375928,
                    "3": 3788.6238866825884,
                    "4": 3751.0515325953097,
                    "5": 3784.967762787716,
                    "6": 3996.165717840528,
                    "7": 4512.836879178741,
                    "8": 39844.294444498446,
                    "9": 5396.9375310524465,
                    "10": 44621.59965568998,
                    "11": 45431.77138511146,
                    "12": 5842.684278992701,
                    "13": 47032.330345385584,
                    "14": 8425.575259879972,
                    "15": 50120.97947626755,
                    "16": 50723.09528015281,
                    "17": 50871.350933699774,
                    "18": 50738.51681260068,
                    "19": 49788.402659018255,
                    "20": 8333.815340221896,
                    "21": 7931.863601008812,
                    "22": 5224.740676012062,
                    "23": 4843.441359649342,
                    "24": 3934.186486803013
                },
                "load payment": 506884.62032540963
            },
            "LOAD_LONGIL": {
                "DAM hourly load payments": {
                    "1": 1545.2499501435327,
                    "2": 1480.0269135095984,
                    "3": 1452.4777616049105,
                    "4": 1438.0657447232704,
                    "5": 1471.007497218779,
                    "6": 1565.5465160506262,
                    "7": 1759.9438846971873,
                    "8": 15176.368790304763,
                    "9": 1993.8405829975102,
                    "10": 15959.892744944358,
                    "11": 16018.020611091424,
                    "12": 2023.8515740347639,
                    "13": 16611.38006402035,
                    "14": 3073.1040318208725,
                    "15": 18195.325112806728,
                    "16": 18992.02262763137,
                    "17": 19601.757037158706,
                    "18": 19821.4678642919,
                    "19": 20465.42456496474,
                    "20": 3510.977209882553,
                    "21": 3402.255544129906,
                    "22": 2254.810184267728,
                    "23": 2025.7419147972698,
                    "24": 1583.5403229144138
                },
                "load payment": 191422.09905000727
            },
            "LOAD_DUNWOD": {
                "DAM hourly load payments": {
                    "1": 437.5793454224518,
                    "2": 412.1822090525001,
                    "3": 399.9462823821644,
                    "4": 391.63757530975374,
                    "5": 392.94909082932725,
                    "6": 426.5282835507496,
                    "7": 489.29785447039035,
                    "8": 4414.169459210834,
                    "9": 582.2103010182208,
                    "10": 4685.71296932538,
                    "11": 4769.40308986242,
                    "12": 618.4345053974082,
                    "13": 5000.1053533306185,
                    "14": 894.7476715018009,
                    "15": 5281.477184584696,
                    "16": 5369.582700834414,
                    "17": 5388.260578510491,
                    "18": 5444.2942122760005,
                    "19": 5597.0350168431005,
                    "20": 955.0711300417062,
                    "21": 904.4356377439495,
                    "22": 588.4967830888809,
                    "23": 532.5339042360829,
                    "24": 430.51799179164624
                },
                "load payment": 54406.60913061498
            },
            "LOAD_HUD VL": {
                "DAM hourly load payments": {
                    "1": 717.393739686441,
                    "2": 681.4458641769202,
                    "3": 670.917105743892,
                    "4": 656.0068598363778,
                    "5": 671.9355451176399,
                    "6": 712.3727182797821,
                    "7": 811.2272824664929,
                    "8": 6913.1074349452665,
                    "9": 909.9499627656505,
                    "10": 7416.788894687264,
                    "11": 7518.220858556569,
                    "12": 965.0555940633584,
                    "13": 7694.355296339542,
                    "14": 1381.6954446833633,
                    "15": 8164.260187101139,
                    "16": 8148.039924695335,
                    "17": 8311.164154571905,
                    "18": 8565.527360481134,
                    "19": 8725.026605013942,
                    "20": 1467.8985717218338,
                    "21": 1413.1006883649559,
                    "22": 925.922608932457,
                    "23": 851.3787064436053,
                    "24": 689.7497085716954
                },
                "load payment": 84982.54111724655
            },
            "b7": {
                "DAM hourly load payments": {
                    "1": 0.0,
                    "2": 0.0,
                    "3": 0.0,
                    "4": 0.0,
                    "5": 0.0,
                    "6": 0.0,
                    "7": 0.0,
                    "8": 0.0,
                    "9": 0.0,
                    "10": 0.0,
                    "11": 0.0,
                    "12": 0.0,
                    "13": 0.0,
                    "14": 0.0,
                    "15": 0.0,
                    "16": 0.0,
                    "17": 0.0,
                    "18": 0.0,
                    "19": 0.0,
                    "20": 0.0,
                    "21": 0.0,
                    "22": 0.0,
                    "23": 0.0,
                    "24": 0.0
                },