{
    "st-FRP": {
        "oos load_payments": {
            "1": 799134.7459147115,
            "2": 891551.2168314412,
            "3": 692782.3225927002,
            "4": 664573.8740900955,
            "5": 422697.79435604706,
            "6": 1.52277062505645e6,
            "7": 684964.8857077104,
            "8": 578213.6887617087,
            "9": 473454.453645011,
            "10": 569099.8748236637,
            "11": 313716.96895801026,
            "12": 637208.2041372005,
            "13": 579830.3869151999,
            "14": 467020.4987105248,
            "15": 827888.0494525442,
            "16": 808750.7620417733,
            "17": 577928.637677899,
            "18": 855809.0922818623,
            "19": 404590.3265700154,
            "20": 577437.2943096012,
            "21": 914971.8749226114,
            "22": 474153.80536772666,
            "23": 481522.41670493735,
            "24": 585445.8585940999,
            "25": 301479.4643445197,
            "26": 423896.8151541391,
            "27": 580062.1646459948,
            "28": 583755.5579651605,
            "29": 911583.855351101,
            "30": 1.0683938677097172e6,
            "31": 570277.1657719493
        },
        "configuration load_payments": {
            "b1": {
                "load payment": 0.0
            },
            "LOAD_WEST": {
                "load payment": 1.7753049481098894e6
            },
            "LOAD_N.Y.C.": {
                "load payment": 4.4729087505677e6
            },
            "LOAD_LONGIL": {
                "load payment": 1.6257742325922742e6
            },
            "LOAD_DUNWOD": {
                "load payment": 1.0030256977279703e6
            },
            "LOAD_HUD VL": {
                "load payment": 1.202925284384243e6
            },
            "b7": {
                "load payment": 0.0
            },
            "b8": {
                "load payment": 0.0
            },
            "LOAD_CENTRL": {
                "load payment": 2.3798966655060546e6
            },
            "LOAD_MHK VL": {
                "load payment": 1.0155196726139251e6
            },
            "LOAD_MILLWD": {
                "load payment": 358353.70821877423
            },
            "LOAD_NORTH": {
                "load payment": 3.6289706045954637e6
            },
            "LOAD_GENESE": {
                "load payment": 970892.3746784243
            },
            "LOAD_CAPITL": {
                "load payment": 1.811394610371407e6
            },
            "aggregate load payment": 2.0244966549366128e7
        }
    },
    "nf-FRP": {
        "oos load_payments": {
            "1": 639403.2773570031,
            "2": 359707.94812444574,
            "3": 371325.6253232058,
            "4": 300305.69092355354,
            "5": 339253.15276173793,
            "6": 439520.98431034095,
            "7": 367713.4809980626,
            "8": 578258.0504014897,
            "9": 473454.453645011,
            "10": 573743.730547387,
            "11": 315379.75307011284,
            "12": 291305.298093357,
            "13": 583080.2824942105,
            "14": 471682.159073572,
            "15": 385314.4272779915,
            "16": 373230.7229013725,
            "17": 366279.22385560325,
            "18": 302991.08126249316,
            "19": 320767.0848828551,
            "20": 582197.4746239847,
            "21": 484388.47083370603,
            "22": 474193.4084803894,
            "23": 377848.5697672179,
            "24": 371636.59424177546,
            "25": 301632.0672396247,
            "26": 341698.10068751883,
            "27": 369121.0244459442,
            "28": 374498.620413646,
            "29": 368360.8583820875,
            "30": 402979.9059714216,
            "31": 570277.1657719493
        },
        "configuration load_payments": {
            "b1": {
                "load payment": 0.0
            },
            "LOAD_WEST": {
                "load payment": 1.0552104045505084e6
            },
            "LOAD_N.Y.C.": {
                "load payment": 2.0276284780495584e6
            },
            "LOAD_LONGIL": {
                "load payment": 733360.7164021505
            },
            "LOAD_DUNWOD": {
                "load payment": 720806.9397608798
            },
            "LOAD_HUD VL": {
                "load payment": 767086.3027979103
            },
            "b7": {
                "load payment": 0.0
            },
            "b8": {
                "load payment": 0.0
            },
            "LOAD_CENTRL": {
                "load payment": 1.6054223439832337e6
            },
            "LOAD_MHK VL": {
                "load payment": 645231.0749777968
            },
            "LOAD_MILLWD": {
                "load payment": 230227.3594076493
            },
            "LOAD_NORTH": {
                "load payment": 3.34594233889265e6
            },
            "LOAD_GENESE": {
                "load payment": 502947.2681755197
            },
            "LOAD_CAPITL": {
                "load payment": 1.2376854611652144e6
            },
            "aggregate load payment": 1.287154868816307e7
        }
    },
    "90-FRP": {
        "oos load_payments": {
            "1": 703100.1098500314,
            "2": 361841.7575492516,
            "3": 375962.51376666134,
            "4": 314943.78899534757,
            "5": 342465.50919489074,
            "6": 626464.4159219684,
            "7": 372452.4190152502,
            "8": 527890.9956887221,
            "9": 372363.159391712,
            "10": 628442.8105585455,
            "11": 415967.9025023,
            "12": 308966.87210992933,
            "13": 547139.4945375693,
            "14": 370119.849653551,
            "15": 395713.7494645119,
            "16": 386503.09651215444,
            "17": 372687.97794061876,
            "18": 317507.3155114582,
            "19": 327351.5373488689,
            "20": 379044.03634632943,
            "21": 390195.01838391373,
            "22": 370775.45297747245,
            "23": 378400.7209187509,
            "24": 376556.3096196672,
            "25": 317912.99907991476,
            "26": 497296.07946567435,
            "27": 377185.6390882402,
            "28": 381038.5971512329,
            "29": 389529.00497248315,
            "30": 407091.2727890321,
            "31": 505513.855431851
        },
        "configuration load_payments": {
            "b1": {
                "load payment": 0.0
            },
            "LOAD_WEST": {
                "load payment": 933426.1450283707
            },
            "LOAD_N.Y.C.": {
                "load payment": 842093.7535203256
            },
            "LOAD_LONGIL": {
                "load payment": 271667.0996689717
            },
            "LOAD_DUNWOD": {
                "load payment": 832962.6917682386
            },
            "LOAD_HUD VL": {
                "load payment": 758703.5592479552
            },
            "b7": {
                "load payment": 0.0
            },
            "b8": {
                "load payment": 0.0
            },
            "LOAD_CENTRL": {
                "load payment": 1.7498951747605863e6
            },
            "LOAD_MHK VL": {
                "load payment": 651278.07400203
            },
            "LOAD_MILLWD": {
                "load payment": 230770.46453934442
            },
            "LOAD_NORTH": {
                "load payment": 4.876110107416113e6
            },
            "LOAD_GENESE": {
                "load payment": 324912.79553958867
            },
            "LOAD_CAPITL": {
                "load payment": 1.3666043962463795e6
            },
            "aggregate load payment": 1.2838424261737904e7
        }
    },
    "95-FRP": {
        "oos load_payments": {
            "1": 541116.8322860004,
            "2": 361841.7575492516,
            "3": 379187.30968641385,
            "4": 300392.5420666478,
            "5": 342465.50919489074,
            "6": 457886.1079917286,