{
    "st-FRP": {
        "oos payments": {
            "1": 868676.8696841585,
            "2": 983372.3787622986,
            "3": 765109.992302093,
            "4": 702182.9827108844,
            "5": 439675.35128576565,
            "6": 1.6542168410227094e6,
            "7": 759899.1251214757,
            "8": 634202.3962233235,
            "9": 502626.27326108346,
            "10": 625091.8995263684,
            "11": 313716.9689580103,
            "12": 694439.7368926734,
            "13": 631154.0900741025,
            "14": 495741.0210579765,
            "15": 913548.4485106532,
            "16": 904355.9602244677,
            "17": 629969.9356580001,
            "18": 910480.6555683798,
            "19": 421166.7020127941,
            "20": 631565.6444423985,
            "21": 1.0283701433519698e6,
            "22": 502627.83150643425,
            "23": 508644.8985952929,
            "24": 637101.6936922391,
            "25": 301479.46434451983,
            "26": 440549.0787593338,
            "27": 634467.4274986929,
            "28": 635338.7107771353,
            "29": 1.027708112168212e6,
            "30": 1.1822492558479607e6,
            "31": 626020.959091914
        },
        "configuration payments": {
            "g1": {
                "energy payment": 1.683450025086559e7,
                "up-FRP payment": 808733.0263538775,
                "down-FRP payment": 0.0,
                "make-whole payment": 0.0,
                "total payment": 1.7643233277219467e7
            },
            "g2": {
                "energy payment": 0.0,
                "up-FRP payment": 0.0,
                "down-FRP payment": 0.0,
                "make-whole payment": 0.0,
                "total payment": 0.0
            },
            "g3": {
                "energy payment": 109831.6559038664,
                "up-FRP payment": 29053.285043479635,
                "down-FRP payment": 0.0,
                "make-whole payment": 0.0,
                "total payment": 138884.94094734604
            },
            "g4": {
                "energy payment": 33940.47978361825,
                "up-FRP payment": 0.0,
                "down-FRP payment": 0.0,
                "make-whole payment": 0.0,
                "total payment": 33940.47978361825
            },
            "g5": {
                "energy payment": 3.266694162813051e6,
                "up-FRP payment": 922997.9881698386,
                "down-FRP payment": 0.0,
                "make-whole payment": 0.0,
                "total payment": 4.1896921509828884e6
            },
            "aggregate energy payment": 2.0244966549366124e7,
            "aggregate up-FRP payment": 1.7607842995671956e6,
            "aggregate down-FRP payment": 0.0,
            "aggregate make-whole payment": 0.0,
            "aggregate total payment": 2.2005750848933317e7
        }
    },
    "nf-FRP": {
        "oos payments": {
            "1": 681523.9831340585,
            "2": 368483.1600115225,
            "3": 371325.62532320584,
            "4": 300305.69092355354,
            "5": 339253.15276173793,
            "6": 439520.98431034095,
            "7": 367713.4809980626,
            "8": 634600.2795645989,
            "9": 502803.0341118307,
            "10": 630089.276951586,
            "11": 315379.75307011296,
            "12": 291305.29809335707,
            "13": 634757.5073546073,
            "14": 500579.44227177085,
            "15": 385314.4272779913,
            "16": 373230.7229013726,
            "17": 366279.22385560325,
            "18": 302991.0812624933,
            "19": 320767.08488285507,
            "20": 636679.3464582763,
            "21": 502341.54937993176,
            "22": 502844.19546984416,
            "23": 380889.29251825495,
            "24": 371636.59424177546,
            "25": 301632.06723962474,
            "26": 341698.1006875189,
            "27": 369121.0244459442,
            "28": 374498.6204136459,
            "29": 368360.85838208743,
            "30": 402979.9059714217,
            "31": 626374.4807934082
        },
        "configuration payments": {
            "g1": {
                "energy payment": 9.981362769546544e6,
                "up-FRP payment": 190579.25976575245,
                "down-FRP payment": 0.0,
                "make-whole payment": 0.0,
                "total payment": 1.0171942029312296e7
            },
            "g2": {
                "energy payment": 0.0,
                "up-FRP payment": 0.0,
                "down-FRP payment": 0.0,
                "make-whole payment": 0.0,
                "total payment": 0.0
            },
            "g3": {
                "energy payment": 1.583369166156547e6,
                "up-FRP payment": 203372.99530435746,
                "down-FRP payment": 0.0,
                "make-whole payment": 3040.7227510370917,
                "total payment": 1.7897828842119412e6
            },
            "g4": {
                "energy payment": 42775.81675570561,
                "up-FRP payment": 0.0,
                "down-FRP payment": 0.0,
                "make-whole payment": 0.0,
                "total payment": 42775.81675570561
            },
            "g5": {
                "energy payment": 1.2640409357042753e6,
                "up-FRP payment": 27962.36719109969,
                "down-FRP payment": 0.0,
                "make-whole payment": 8775.211887076715,
                "total payment": 1.3007785147824516e6
            },
            "aggregate energy payment": 1.2871548688163074e7,
            "aggregate up-FRP payment": 421914.6222612096,
            "aggregate down-FRP payment": 0.0,
            "aggregate make-whole payment": 11815.934638113808,
            "aggregate total payment": 1.3305279245062394e7
        }
    },
    "90-FRP": {
        "oos payments": {
            "1": 703100.1098500316,
            "2": 370344.83305436623,
            "3": 375962.5137666613,
            "4": 314943.78899534745,
            "5": 342465.5091948907,
            "6": 619407.2441536835,
            "7": 372452.4190152503,
            "8": 515095.25231689605,
            "9": 372363.15939171193,
            "10": 609488.1396614132,
            "11": 420800.29072806495,
            "12": 308966.8721099294,
            "13": 525732.3346671239,
            "14": 370119.849653551,
            "15": 395713.7494645119,
            "16": 386503.0965121545,
            "17": 372687.9779406187,
            "18": 317507.3155114584,
            "19": 327351.53734886885,
            "20": 379044.0363463293,
            "21": 390195.0183839139,
            "22": 370775.4529774724,
            "23": 378400.720918751,
            "24": 376556.3096196671,
            "25": 317912.99907991476,
            "26": 492132.67360375205,
            "27": 377185.6390882402,
            "28": 381038.5971512328,
            "29": 389529.00497248303,
            "30": 407091.2727890321,
            "31": 483873.52220409777
        },
        "configuration payments": {
            "g1": {
                "energy payment": 1.0585493352979237e7,
                "up-FRP payment": 10293.724512500357,
                "down-FRP payment": 0.0,
                "make-whole payment": 0.0,
                "total payment": 1.0595787077491738e7
            },
            "g2": {
                "energy payment": 0.0,
                "up-FRP payment": 0.0,
                "down-FRP payment": 0.0,
                "make-whole payment": 0.0,
                "total payment": 0.0
            },
            "g3": {
                "energy payment": 937211.6112186777,
                "up-FRP payment": 0.0,
                "down-FRP payment": 0.0,
                "make-whole payment": 0.0,
                "total payment": 937211.6112186777
            },
            "g4": {
                "energy payment": 0.0,
                "up-FRP payment": 0.0,
                "down-FRP payment": 0.0,
                "make-whole payment": 0.0,