{
    "total cost": 322912.94883317203,
    "detailed cost results": {
        "generator costs": {
            "g1": {
                "variable production cost": 232535.71112708974,
                "fixed commitment cost": 28392.00715122869,
                "startup cost": 0.0,
                "total generator cost": 260927.71827831844
            },
            "g2": {
                "variable production cost": 0.0,
                "fixed commitment cost": 0.0,
                "startup cost": 0.0,
                "total generator cost": 0.0
            },
            "g3": {
                "variable production cost": 6734.601903110361,
                "fixed commitment cost": 2625.150371452691,
                "startup cost": 4605.95,
                "total generator cost": 13965.702274563051
            },
            "g4": {
                "variable production cost": 0.0,
                "fixed commitment cost": 0.0,
                "startup cost": 0.0,
                "total generator cost": 0.0
            },
            "g5": {
                "variable production cost": 29399.178771557472,
                "fixed commitment cost": 12161.559508733144,
                "startup cost": 6458.79,
                "total generator cost": 48019.528280290615
            }
        },
        "total cost of generators": 322912.94883317203,
        "load curtailment cost": 0.0,
        "line overflow penalty": 0.0,
        "up-FRP shortfall penalty": 0.0,
        "down-FRP shortfall penalty": 0.0,
        "total cost": 322912.94883317203
    }
}
