{
    "total cost": 398758.6809784631,
    "detailed cost results": {
        "generator costs": {
            "g1": {
                "variable production cost": 239536.19491218444,
                "fixed commitment cost": 28392.00715122869,
                "startup cost": 0.0,
                "total generator cost": 267928.202063413
            },
            "g2": {
                "variable production cost": 0.0,
                "fixed commitment cost": 0.0,
                "startup cost": 0.0,
                "total generator cost": 0.0
            },
            "g3": {
                "variable production cost": 25458.064503416976,
                "fixed commitment cost": 9844.313892947583,
                "startup cost": 4605.95,
                "total generator cost": 39908.328396364595
            },
            "g4": {
                "variable production cost": 14600.044777813413,
                "fixed commitment cost": 6434.463490940207,
                "startup cost": 5317.09,
                "total generator cost": 26351.59826875362
            },
            "g5": {
                "variable production cost": 40303.55957162114,
                "fixed commitment cost": 16215.412678310859,
                "startup cost": 8051.58,
                "total generator cost": 64570.55224993199
            }
        },
        "total cost of generators": 398758.6809784631,
        "load curtailment cost": 0.0,
        "line overflow penalty": 0.0,
        "up-FRP shortfall penalty": 0.0,
        "down-FRP shortfall penalty": 0.0,
        "total cost": 398758.6809784631
    }
}
