{
    "total cost": 323239.9388227184,
    "detailed cost results": {
        "generator costs": {
            "g1": {
                "variable production cost": 211026.46960096186,
                "fixed commitment cost": 28392.00715122869,
                "startup cost": 0.0,
                "total generator cost": 239418.4767521906
            },
            "g2": {
                "variable production cost": 0.0,
                "fixed commitment cost": 0.0,
                "startup cost": 0.0,
                "total generator cost": 0.0
            },
            "g3": {
                "variable production cost": 23571.10666088626,
                "fixed commitment cost": 9188.026300084417,
                "startup cost": 4605.95,
                "total generator cost": 37365.082960970685
            },
            "g4": {
                "variable production cost": 0.0,
                "fixed commitment cost": 0.0,
                "startup cost": 0.0,
                "total generator cost": 0.0
            },
            "g5": {
                "variable production cost": 27836.029600824026,
                "fixed commitment cost": 12161.559508733144,
                "startup cost": 6458.79,
                "total generator cost": 46456.379109557165
            }
        },
        "total cost of generators": 323239.9388227184,
        "load curtailment cost": 0.0,
        "line overflow penalty": 0.0,
        "up-FRP shortfall penalty": 0.0,
        "down-FRP shortfall penalty": 0.0,
        "total cost": 323239.9388227184
    }
}
