{
    "total cost": 397137.44894545194,
    "detailed cost results": {
        "generator costs": {
            "g1": {
                "variable production cost": 241051.63274376892,
                "fixed commitment cost": 28392.00715122869,
                "startup cost": 0.0,
                "total generator cost": 269443.6398949976
            },
            "g2": {
                "variable production cost": 0.0,
                "fixed commitment cost": 0.0,
                "startup cost": 0.0,
                "total generator cost": 0.0
            },
            "g3": {
                "variable production cost": 23674.528449578527,
                "fixed commitment cost": 9188.026300084413,
                "startup cost": 4605.95,
                "total generator cost": 37468.50474966296
            },
            "g4": {
                "variable production cost": 14600.044777813413,
                "fixed commitment cost": 6434.463490940207,
                "startup cost": 5317.09,
                "total generator cost": 26351.59826875362
            },
            "g5": {
                "variable production cost": 39606.713353727,
                "fixed commitment cost": 16215.412678310859,
                "startup cost": 8051.58,
                "total generator cost": 63873.70603203785
            }
        },
        "total cost of generators": 397137.44894545194,
        "load curtailment cost": 0.0,
        "line overflow penalty": 0.0,
        "up-FRP shortfall penalty": 0.0,
        "down-FRP shortfall penalty": 0.0,
        "total cost": 397137.44894545194
    }
}
