{
    "total cost": 398992.0016210726,
    "detailed cost results": {
        "generator costs": {
            "g1": {
                "variable production cost": 242658.23531414662,
                "fixed commitment cost": 28392.007151228667,
                "startup cost": 0.0,
                "total generator cost": 271050.2424653753
            },
            "g2": {
                "variable production cost": 0.0,
                "fixed commitment cost": 0.0,
                "startup cost": 0.0,
                "total generator cost": 0.0
            },
            "g3": {
                "variable production cost": 23571.106660886253,
                "fixed commitment cost": 9188.026300084419,
                "startup cost": 5297.28,
                "total generator cost": 38056.41296097067
            },
            "g4": {
                "variable production cost": 14600.044777813417,
                "fixed commitment cost": 6434.4634909402075,
                "startup cost": 5317.09,
                "total generator cost": 26351.598268753623
            },
            "g5": {
                "variable production cost": 39266.755247662164,
                "fixed commitment cost": 16215.412678310848,
                "startup cost": 8051.58,
                "total generator cost": 63533.74792597302
            }
        },
        "total cost of generators": 398992.0016210726,
        "load curtailment cost": 0.0,
        "up-FRP shortfall penalty": 0.0,
        "down-FRP shortfall penalty": 0.0,
        "line overflow penalty": 0.0,
        "total cost": 398992.0016210726
    }
}
